linie,jahr,cluster,anteil_alt,anteil_neu,jaccard,intakt,intakt_ja,n_c,mittel,w,d,b
0,2016,0,NA,NA,NA,TRUE,TRUE,30,0.33660288343544076,0.002741979709350151,0.29482793389365264,2.3834250234165073e-4
0,2017,1,1,0.9375,0.9375,TRUE,TRUE,32,0.40352174648355005,0.002604802604802605,0.4071740696216489,4.3185210705023796e-4
0,2018,1,1,0.8888888888888888,0.8888888888888888,TRUE,TRUE,36,0.7200993002260898,0.0027913468248429866,0.72900315816197,0.001483449001005237
0,2019,1,0.9722222222222222,0.813953488372093,0.7954545454545454,TRUE,TRUE,43,-0.15567640527689927,0.0028082549634273774,-0.23685408367017047,1.5754270173087468e-4
0,2020,1,0.9534883720930233,0.9111111111111111,0.8723404255319149,TRUE,TRUE,45,-0.0835909109883618,0.0027031897639214274,-0.16478629211539225,7.340382610147609e-5
0,2021,1,1,0.9782608695652174,0.9782608695652174,TRUE,TRUE,46,0.3864772939008185,0.002508452393936089,0.3056186787901166,2.3429641912799421e-4
0,2022,2,0.9565217391304348,0.8979591836734694,0.8627450980392157,TRUE,TRUE,49,-0.021307419601290525,0.0025685380300885883,-0.07037428398585832,1.272078694132146e-5
0,2023,1,1,0.9423076923076923,0.9423076923076923,TRUE,TRUE,52,0.8001668564769641,0.002659846547314578,0.6522717954616559,0.0011316543093630772
0,2024,6,0.9230769230769231,1,0.9230769230769231,TRUE,TRUE,48,0.08408295019452262,0.0024821594787465093,0.13119549631060307,4.2723569971294965e-5
1,2016,1,NA,NA,NA,TRUE,TRUE,139,0.27255312932108505,0.0127045059866557,0.23077817977929693,6.766237993284091e-4
1,2017,0,0.9928057553956835,0.92,0.9139072847682119,TRUE,TRUE,150,1.2554225282479015,0.01221001221001221,1.2590748513860004,0.019356159723964334
1,2018,0,0.9866666666666667,0.9548387096774194,0.9426751592356688,TRUE,TRUE,155,-0.18322529603447008,0.012018298829185082,-0.1743214380985899,3.6521162952763277e-4
1,2019,0,0.9870967741935484,0.9444444444444444,0.9329268292682927,TRUE,TRUE,162,1.1950024859698327,0.010579937304075235,1.1138248075765615,0.013125530545952209
1,2020,0,0.9876543209876543,0.9523809523809523,0.9411764705882353,TRUE,TRUE,168,0.8196283127501537,0.010091908451973329,0.7384329316231233,0.005502948079349277
1,2021,0,0.9940476190476191,0.9329608938547486,0.9277777777777778,TRUE,TRUE,179,1.5127681625300111,0.009761151706838259,1.4319095474193093,0.02001392335076411
1,2022,1,0.994413407821229,0.9726775956284153,0.967391304347826,TRUE,TRUE,183,1.0804386387783138,0.00959270325522881,1.031371774393746,0.010204024525551558
1,2023,0,0.9726775956284153,0.967391304347826,0.9417989417989417,TRUE,TRUE,184,0.7554372236735606,0.009411764705882352,0.6075421626582524,0.0034739527473643898
1,2024,0,0.9891304347826086,0.9837837837837838,0.9732620320855615,TRUE,TRUE,185,0.24673907225872882,0.009566656324335504,0.2938516183748092,8.260690412646853e-4
2,2016,2,NA,NA,NA,TRUE,TRUE,72,0.4833657693110138,0.006580751302440362,0.4415908197692257,0.0012832626406654682
2,2017,2,0.9305555555555556,0.475177304964539,0.4589041095890411,TRUE,FALSE,141,-0.6268785939744143,0.011477411477411478,-0.6232262708363154,0.00445795269329558
2,2018,3,0.9858156028368794,0.695,0.6881188118811881,TRUE,FALSE,200,0.2882564368436808,0.015507482360238816,0.29716029477956096,0.0013693764564391032
2,2019,4,0.93,0.8773584905660378,0.8230088495575221,TRUE,FALSE,212,-0.37844866103723585,0.013845350052246604,-0.459626339430507,0.002924918419699385
2,2020,3,0.9386792452830188,0.8923766816143498,0.8432203389830508,TRUE,FALSE,223,0.3145249228986424,0.01339580705232174,0.23332954177161197,7.293035705608905e-4
2,2021,3,0.9237668161434978,0.6338461538461538,0.6023391812865497,TRUE,FALSE,325,0.4644934066194827,0.01772276147889628,0.3836347915087808,0.00260835899815658
2,2022,25,0.9446153846153846,0.8976608187134503,0.8527777777777777,TRUE,FALSE,342,0.4995238834273737,0.01792734706714892,0.4504570190428059,0.003637665350615208
2,2023,25,0.9064327485380117,0.8882521489971347,0.8136482939632546,TRUE,FALSE,349,-0.1949096218235873,0.017851662404092073,-0.3428046828388954,0.0020978390102874794
2,2024,48,0.8538681948424068,0.9254658385093167,0.7989276139410187,TRUE,FALSE,322,-0.7855654223364528,0.0166511531699245,-0.7384528762203724,0.00908008446727693
3,2016,3,NA,NA,NA,TRUE,TRUE,1662,0.0028231937715489978,0.15190567589799836,-0.03895175577023911,2.3047725796044235e-4
3,2017,7,0.9632972322503008,0.857066381156317,0.8299637117677553,TRUE,TRUE,1868,-3.607903131381592e-4,0.15205535205535206,0.0032915328249607137,1.6473963219372345e-6
3,2018,19,0.12955032119914348,0.8013245033112583,0.12551867219917012,FALSE,FALSE,302,0.1516819404209042,0.02341629836396061,0.16058579835678435,6.038547869608059e-4
3,2019,36,0.7350993377483444,0.7449664429530202,0.5873015873015873,FALSE,FALSE,298,0.12240579050180447,0.019461859979101357,0.04122811210853329,3.308043717045906e-5
3,2020,42,0.5704697986577181,0.8994708994708994,0.5362776025236593,FALSE,FALSE,189,0.5508407960683371,0.011353397008469995,0.4696454149413067,0.0025041826263920894
3,2021,76,0.7619047619047619,0.7461139896373057,0.6050420168067226,FALSE,FALSE,193,0.1605092040903223,0.01052459373977533,0.07965058897962045,6.67702994157751e-5
3,2022,88,0.5751295336787565,0.8604651162790697,0.5260663507109005,FALSE,FALSE,129,0.5049126463491789,0.0067620695077842425,0.45584578196461106,0.001405126782230208
3,2023,88,0.7364341085271318,0.6785714285714286,0.5459770114942529,FALSE,FALSE,140,-0.04005288134206411,0.007161125319693095,-0.18794794235737222,2.5296266317605196e-4
3,2024,69,0.6285714285714286,0.8,0.5432098765432098,FALSE,FALSE,110,-0.27462919632443145,0.005688282138794084,-0.22751665020835102,2.94447247565581e-4
4,2016,4,NA,NA,NA,TRUE,TRUE,74,0.1732751539866402,0.006763549949730372,0.13150020444485208,1.1695736028779858e-4
4,2017,4,0.9459459459459459,0.8974358974358975,0.8536585365853658,TRUE,TRUE,78,0.37012222067948697,0.006349206349206349,0.37377454381758585,8.870311721018693e-4
4,2018,6,0.9487179487179487,0.9487179487179487,0.9024390243902439,TRUE,TRUE,78,0.3222701877204501,0.006047918120493138,0.33117404565633024,6.6331297078993e-4
4,2019,3,0.9358974358974359,0.8390804597701149,0.7934782608695652,TRUE,TRUE,87,0.44050536731348866,0.005681818181818182,0.3593276889202175,7.336158410496853e-4
4,2020,4,0.9425287356321839,0.9318181818181818,0.8817204301075269,TRUE,TRUE,88,-0.017784425212531648,0.005286237760557458,-0.09897980633956209,5.178928224578092e-5
4,2021,7,0.9772727272727273,0.945054945054945,0.9247311827956989,TRUE,TRUE,91,-0.17872609722112906,0.0049623732140909585,-0.2595847123318309,3.3438566265417955e-4
4,2022,6,0.9340659340659341,0.8947368421052632,0.8415841584158416,TRUE,TRUE,95,-0.22745747112619868,0.00497981862976359,-0.2765243355107665,3.807853578822006e-4
4,2023,5,1,0.8715596330275229,0.8715596330275229,TRUE,TRUE,109,0.5967313621638785,0.005575447570332481,0.4488363011485703,0.0011231963554952215
4,2024,4,0.963302752293578,0.9292035398230089,0.8974358974358975,TRUE,TRUE,113,0.6425754103326161,0.005843417106215741,0.6896879564486965,0.002779535160386433
5,2016,5,NA,NA,NA,TRUE,TRUE,65,0.5299138752660325,0.005940956036925326,0.4881389257242444,0.0014156086923013671
5,2017,8,0.9846153846153847,0.810126582278481,0.8,TRUE,TRUE,79,0.11589432231223079,0.006430606430606431,0.11954664545032967,9.190237156171913e-5
5,2018,4,0.8987341772151899,0.8658536585365854,0.7888888888888889,TRUE,TRUE,82,0.7753282757815001,0.006358067767697914,0.7842321337173803,0.003910339089982402
5,2019,30,0.9146341463414634,0.8152173913043478,0.7575757575757576,TRUE,TRUE,92,0.027991034973096456,0.0060083594566353185,-0.05318664342017473,1.6996561619908766e-5
5,2020,64,0.9891304347826086,0.8198198198198198,0.8125,TRUE,TRUE,111,0.9063809702095088,0.006667868084339521,0.8251855890824784,0.0045403597923747855
5,2021,71,0.7207207207207207,0.8602150537634409,0.6451612903225806,TRUE,TRUE,93,0.5828319418893457,0.005071436361653398,0.5019733267786439,0.0012778864398593844
5,2022,17,0.956989247311828,0.8240740740740741,0.7946428571428571,TRUE,TRUE,108,0.4806605048109176,0.005661267494889133,0.4315936404263498,0.0010545416789484031
5,2023,92,0.8703703703703703,0.8952380952380953,0.7899159663865546,TRUE,TRUE,105,-1.0947926235583536,0.005370843989769821,-1.2426876845736616,0.008294047649414837
5,2024,72,0.9238095238095239,0.9238095238095239,0.8584070796460177,TRUE,TRUE,105,0.8974094410690022,0.00542972385975799,0.9445219871850826,0.004843974937893579
6,2016,6,NA,NA,NA,TRUE,TRUE,154,-0.04044531134158778,0.014075495841330775,-0.08222026088337589,9.515276301603878e-5
6,2017,9,0.961038961038961,0.891566265060241,0.8604651162790697,TRUE,TRUE,166,0.02335012919363347,0.013512413512413512,0.027002452331732343,9.852338925515772e-6
6,2018,18,0.7228915662650602,0.9448818897637795,0.6936416184971098,TRUE,TRUE,127,-0.45227845008439116,0.009847251298751648,-0.443374592148511,0.0019357827927644435
6,2019,19,0.937007874015748,0.8880597014925373,0.8380281690140845,TRUE,TRUE,134,-0.27345334537651345,0.008751306165099268,-0.3546310237697846,0.0011005919438793587
6,2020,73,0.917910447761194,0.9044117647058824,0.8367346938775511,TRUE,TRUE,136,-0.7370234542057654,0.00816964017540698,-0.8182188353327958,0.005469427554460054
6,2021,48,0.38235294117647056,0.8524590163934426,0.3586206896551724,FALSE,FALSE,61,-0.30438959421023987,0.003326426000654379,-0.3852482093209417,4.936954493338706e-4
6,2022,60,0.9508196721311475,0.2857142857142857,0.2815533980582524,FALSE,FALSE,203,0.009624256625779832,0.010641086124652723,-0.039442607758787954,1.6554543129588546e-5
6,2023,48,0.7733990147783252,0.9573170731707317,0.7476190476190476,FALSE,FALSE,164,0.20894337567181603,0.008388746803069053,0.061048314656507924,3.1263992965401535e-5
6,2024,40,0.9451219512195121,0.950920245398773,0.9011627906976745,FALSE,FALSE,163,-0.200250930986412,0.00842899989657669,-0.15313838487033157,1.9767155249111022e-4
7,2016,7,NA,NA,NA,TRUE,TRUE,60,1.6474866896563862,0.005483959418700302,1.6057117401145982,0.014139348463624081
7,2017,16,1,0.9230769230769231,0.9230769230769231,TRUE,TRUE,65,1.5660908803463909,0.005291005291005291,1.5697432034844898,0.01303753293590343
7,2018,14,0.9384615384615385,0.9384615384615385,0.8840579710144928,TRUE,TRUE,65,1.5063534928409683,0.005039931767077615,1.5152573507768485,0.011571707725859718
7,2019,24,0.9692307692307692,0.8513513513513513,0.8289473684210527,TRUE,TRUE,74,1.3445079244737634,0.004832810867293626,1.2633302460804923,0.007713182144002938
7,2020,8,1,0.7708333333333334,0.7708333333333334,TRUE,TRUE,96,1.8142099102632072,0.005766804829699045,1.7330145291361767,0.01731967191607618
7,2021,15,1,0.9142857142857143,0.9142857142857143,TRUE,TRUE,105,1.2962168671967176,0.0057258152470280295,1.2153582520860158,0.0084575769710942
7,2022,7,0.9809523809523809,0.9196428571428571,0.9035087719298246,TRUE,TRUE,112,1.3126240642433427,0.005870944068773917,1.263557199858775,0.00937341307853825
7,2023,7,0.9821428571428571,0.9821428571428571,0.9649122807017544,TRUE,TRUE,112,1.6827425498054138,0.005728900255754476,1.5348474887901058,0.013495895813333653
7,2024,18,0.9732142857142857,0.9819819819819819,0.956140350877193,TRUE,TRUE,111,1.5472167064645743,0.005739993794601303,1.5943292525806547,0.014590408521326774
8,2016,8,NA,NA,NA,TRUE,TRUE,62,0.7239599647329941,0.005666758065990311,0.682185015191206,0.0026371754398124858
8,2017,17,0.9516129032258065,0.9516129032258065,0.9076923076923077,TRUE,TRUE,62,0.7070650981422424,0.0050468050468050465,0.7107174212803412,0.0025492383948315374
8,2018,31,0.9354838709677419,0.9354838709677419,0.8787878787878788,TRUE,TRUE,62,-0.1465176165612912,0.004807319531674033,-0.13761375862541103,9.103883747435831e-5
8,2019,87,0.967741935483871,0.9836065573770492,0.9523809523809523,TRUE,TRUE,61,0.8885242241176923,0.00398380355276907,0.8073465457244211,0.0025966767984902327
8,2020,79,0.819672131147541,0.9803921568627451,0.8064516129032258,TRUE,TRUE,51,0.9992106102681704,0.0030636150657776177,0.91801522914114,0.0025818676042342796
8,2021,54,0.9803921568627451,0.9615384615384616,0.9433962264150944,TRUE,TRUE,52,0.9040626010447879,0.002835641836623405,0.8232039859340861,0.0019216146650563792
8,2022,79,0.9615384615384616,0.06963788300835655,0.06944444444444445,TRUE,FALSE,718,-0.13178426564744136,0.0376369450123185,-0.18085113003200914,0.0012309964997592735
8,2023,142,0.3732590529247911,0.9640287769784173,0.36813186813186816,FALSE,FALSE,278,0.0642915966560472,0.014219948849104859,-0.08360346435926092,9.939089065462499e-5
8,2024,109,0.9676258992805755,0.4381107491856677,0.4317817014446228,FALSE,FALSE,614,-0.18966962553360367,0.031750956665632435,-0.14255707941752324,6.452594801800173e-4
9,2016,9,NA,NA,NA,TRUE,TRUE,31,0.4974092011575947,0.0028333790329951557,0.45563425161580656,5.882167725628718e-4
9,2017,8,0.03225806451612903,0.012658227848101266,0.009174311926605505,FALSE,FALSE,79,0.11589432231223079,0.006430606430606431,0.11954664545032967,9.190237156171913e-5
9,2018,4,0.8987341772151899,0.8658536585365854,0.7888888888888889,FALSE,FALSE,82,0.7753282757815001,0.006358067767697914,0.7842321337173803,0.003910339089982402
9,2019,30,0.9146341463414634,0.8152173913043478,0.7575757575757576,FALSE,FALSE,92,0.027991034973096456,0.0060083594566353185,-0.05318664342017473,1.6996561619908766e-5
9,2020,64,0.9891304347826086,0.8198198198198198,0.8125,FALSE,FALSE,111,0.9063809702095088,0.006667868084339521,0.8251855890824784,0.0045403597923747855
9,2021,71,0.7207207207207207,0.8602150537634409,0.6451612903225806,FALSE,FALSE,93,0.5828319418893457,0.005071436361653398,0.5019733267786439,0.0012778864398593844
9,2022,17,0.956989247311828,0.8240740740740741,0.7946428571428571,FALSE,FALSE,108,0.4806605048109176,0.005661267494889133,0.4315936404263498,0.0010545416789484031
9,2023,92,0.8703703703703703,0.8952380952380953,0.7899159663865546,FALSE,FALSE,105,-1.0947926235583536,0.005370843989769821,-1.2426876845736616,0.008294047649414837
9,2024,72,0.9238095238095239,0.9238095238095239,0.8584070796460177,FALSE,FALSE,105,0.8974094410690022,0.00542972385975799,0.9445219871850826,0.004843974937893579
10,2016,10,NA,NA,NA,TRUE,TRUE,55,-0.547007185977861,0.005026962800475277,-0.5887821355196491,0.0017426690586682492
10,2017,10,0.9636363636363636,0.8983050847457628,0.8688524590163934,TRUE,TRUE,59,-0.7652610145366981,0.004802604802604802,-0.7616086913985993,0.0027857403443239176
10,2018,5,1,0.9076923076923077,0.9076923076923077,TRUE,TRUE,65,-0.7927927392605202,0.005039931767077615,-0.78388888132464,0.00309694623456507
10,2019,8,0.9692307692307692,0.9130434782608695,0.8873239436619719,TRUE,TRUE,69,-0.5590073442894621,0.004506269592476489,-0.6401850226827333,0.0018468353948173412
10,2020,14,0.9710144927536232,0.9852941176470589,0.9571428571428572,TRUE,TRUE,68,-0.9205679625488293,0.00408482008770349,-1.0017633436758597,0.004099238672302483
10,2021,19,0.9852941176470589,0.9852941176470589,0.9710144927536232,TRUE,TRUE,68,-0.57675730432356,0.0037081470171229144,-0.6576159194342618,0.001603620429138899
10,2022,19,0.9852941176470589,0.9305555555555556,0.9178082191780822,TRUE,TRUE,72,-0.4600268648087091,0.003774178329926089,-0.5090937291932769,9.781780472549175e-4
10,2023,10,0.9444444444444444,0.9855072463768116,0.9315068493150684,TRUE,TRUE,69,-0.6485077797681763,0.0035294117647058825,-0.7964028407834844,0.002238555828734132
10,2024,17,0.9855072463768116,0.9855072463768116,0.9714285714285714,TRUE,TRUE,69,-0.5322776501312663,0.0035681042506981076,-0.48516510401518587,8.398788547228546e-4
11,2016,11,NA,NA,NA,TRUE,TRUE,40,0.5912098408912205,0.003655972945800201,0.5494348913494325,0.0011036603594997264
11,2017,12,0.875,0.7777777777777778,0.7,TRUE,TRUE,45,0.9055786493932269,0.003663003663003663,0.9092309725313257,0.0030282086498544334
11,2018,21,0.9555555555555556,0.8113207547169812,0.7818181818181819,TRUE,TRUE,53,0.9176338573254273,0.004109482825463286,0.9265377152613076,0.0035278765064346066
11,2019,83,1,0.4953271028037383,0.4953271028037383,TRUE,FALSE,107,1.5138198358927613,0.006987983281086729,1.43264215749949,0.01434258098253611
11,2020,53,0.794392523364486,0.8018867924528302,0.6640625,TRUE,FALSE,106,0.5444478767478634,0.0063675136661260285,0.463252495620833,0.0013664867374353679
11,2021,47,0.8490566037735849,0.9183673469387755,0.7894736842105263,TRUE,FALSE,98,0.08393712612600818,0.005344094230559494,0.0030785110153063316,5.0647210546052857e-8
11,2022,77,0.9795918367346939,0.8888888888888888,0.8727272727272727,TRUE,FALSE,108,0.5691007290943247,0.005661267494889133,0.520033864709757,0.0015310061229782622
11,2023,124,0.9814814814814815,0.9380530973451328,0.9217391304347826,TRUE,FALSE,113,0.6317445774826086,0.005780051150895141,0.48384951646730046,0.0013531698244592005
11,2024,75,0.9469026548672567,0.9469026548672567,0.8991596638655462,TRUE,FALSE,113,-0.16716605779988386,0.005843417106215741,-0.12005351168380343,8.422026892337798e-5
12,2016,12,NA,NA,NA,TRUE,TRUE,281,0.31425255004874447,0.025683209944246412,0.27247760050695635,0.0019068253377777175
12,2017,13,0.8790035587188612,0.8666666666666667,0.774294670846395,TRUE,TRUE,285,-0.019384462003900732,0.0231990231990232,-0.01573213886580186,5.741762725964097e-6
12,2018,22,0.9649122807017544,0.8620689655172413,0.8358662613981763,TRUE,TRUE,319,0.4735706880650015,0.02473443436458091,0.4824745460008817,0.005757723371703764
12,2019,82,0.9341692789968652,0.916923076923077,0.861271676300578,TRUE,TRUE,325,0.47437774989154846,0.0212251828631139,0.3932000714982773,0.0032815469091909207
12,2020,52,0.9507692307692308,0.8982558139534884,0.8583333333333333,TRUE,TRUE,344,0.21753765139753745,0.020664383973088243,0.136342270270507,3.841346695443921e-4
12,2021,53,0.6482558139534884,0.9737991266375546,0.6371428571428571,TRUE,TRUE,229,0.14206101557446768,0.012487730395899226,0.061202400463765835,4.677571411052027e-5
12,2022,76,1,0.6450704225352113,0.6450704225352113,TRUE,TRUE,355,0.20668409713964797,0.018608795932274467,0.1576172327550802,4.6230189137631903e-4
12,2023,126,0.9661971830985916,0.9661971830985916,0.9346049046321526,TRUE,TRUE,355,0.12348298719287243,0.01815856777493606,-0.02441207382243568,1.0821586631753327e-5
12,2024,31,0.9690140845070423,0.9885057471264368,0.958217270194986,TRUE,TRUE,348,0.12620210545332863,0.017995656220912194,0.17331465156940906,5.405529537760746e-4
13,2016,13,NA,NA,NA,TRUE,TRUE,46,0.46289756965714585,0.004204368887670232,0.4211226201153577,7.456206940818846e-4
13,2017,18,0.8913043478260869,0.9318181818181818,0.8367346938775511,TRUE,TRUE,44,0.023178304041881075,0.0035816035816035817,0.026830627179979947,2.5783339368601923e-6
13,2018,28,0.9318181818181818,0.8723404255319149,0.82,TRUE,TRUE,47,0.8908158260112623,0.003644258354656122,0.8997196839471425,0.0029500107742150474
13,2019,27,0.9787234042553191,0.8846153846153846,0.8679245283018868,TRUE,TRUE,52,1.2042798841321207,0.0033960292580982234,1.1231022057388496,0.0042836105901152294
13,2020,23,0.9807692307692307,0.8360655737704918,0.8225806451612904,TRUE,TRUE,61,0.33769119298831746,0.0036643239022046015,0.256495811861287,2.410762414636406e-4
13,2021,24,0.9836065573770492,0.8955223880597015,0.8823529411764706,TRUE,TRUE,67,0.6552139554064226,0.0036536154433416948,0.5743553402957208,0.0012052694848978234
13,2022,67,0.8507462686567164,0.9661016949152542,0.8260869565217391,TRUE,TRUE,59,0.4717024669399091,0.003092729464800545,0.42263560255534127,5.524259737008789e-4
13,2023,57,0.9322033898305084,0.9482758620689655,0.8870967741935484,TRUE,TRUE,58,0.7115995749062852,0.002966751918158568,0.5637045138909771,9.42723334061465e-4
13,2024,41,0.9655172413793104,0.9655172413793104,0.9333333333333333,TRUE,TRUE,58,0.826730358875682,0.002999276036818699,0.8738429049917624,0.0022902514484981723
14,2016,14,NA,NA,NA,TRUE,TRUE,85,-0.2763461305029271,0.007768942509825428,-0.31812108004471523,7.862249185037355e-4
14,2017,24,0.9294117647058824,0.7669902912621359,0.7247706422018348,TRUE,TRUE,103,-0.4496300721777871,0.008384208384208384,-0.44597774903968823,0.0016675867905385621
14,2018,32,0.9805825242718447,0.7952755905511811,0.7829457364341085,TRUE,TRUE,127,-0.552416008168135,0.009847251298751648,-0.5435121502322547,0.002908931774533714
14,2019,53,0.7716535433070866,0.7777777777777778,0.632258064516129,TRUE,TRUE,126,-0.5538310514483158,0.008228840125391849,-0.635008729841587,0.003318165292506088
14,2020,60,0.9126984126984127,0.782312925170068,0.7278481012658228,TRUE,TRUE,147,-0.1406628319113411,0.008830419895476662,-0.22185821303837155,4.3464268659873734e-4
14,2021,5,0.9795918367346939,0.8044692737430168,0.7912087912087912,TRUE,TRUE,179,-0.5390960133259785,0.009761151706838259,-0.6199546284366803,0.0037516375665989283
14,2022,36,0.9385474860335196,0.8842105263157894,0.835820895522388,TRUE,TRUE,190,-0.11154304511256766,0.00995963725952718,-0.16060990949713544,2.5691425147815835e-4
14,2023,16,0.9578947368421052,0.7844827586206896,0.7583333333333333,TRUE,TRUE,232,0.7032744390438348,0.011867007672634272,0.5553793780285267,0.0036603340573467995
14,2024,45,0.9353448275862069,0.889344262295082,0.8378378378378378,TRUE,TRUE,244,-0.6372634099388059,0.012617644016961423,-0.5901508638227255,0.004394448353772521
15,2016,15,NA,NA,NA,TRUE,TRUE,240,-0.01640774014203216,0.021935837674801208,-0.058182689683820274,7.42577544029334e-5
15,2017,25,0.4041666666666667,0.9509803921568627,0.39591836734693875,FALSE,FALSE,102,-0.23477310372998542,0.008302808302808303,-0.23112078059188654,4.435095769298414e-4
15,2018,51,1,0.3923076923076923,0.3923076923076923,FALSE,FALSE,260,-0.00940014490636438,0.02015972706831046,-4.962869704842107e-4,4.965356039297736e-9
15,2019,63,0.5538461538461539,0.96,0.5413533834586466,FALSE,FALSE,150,-0.17665874221631658,0.009796238244514107,-0.2578364206095878,6.512501938946343e-4
15,2020,90,0.92,0.8414634146341463,0.7840909090909091,FALSE,FALSE,164,-0.016271451653425025,0.009851624917402536,-0.09746683278045547,9.358830376221158e-5
15,2021,78,0.975609756097561,0.54421768707483,0.5369127516778524,FALSE,FALSE,294,0.13392481390009697,0.01603228269167848,0.05306619878939513,4.514725201564764e-5
15,2022,103,0.7414965986394558,0.8861788617886179,0.6770186335403726,FALSE,FALSE,246,0.028241555586740345,0.012895109293914138,-0.020825308797827444,5.592524908796866e-6
15,2023,176,0.18699186991869918,0.8518518518518519,0.18110236220472442,FALSE,FALSE,54,-0.08742556233649076,0.002762148337595908,-0.23532062335179887,1.5295616224208063e-4
15,2024,137,0.9444444444444444,0.3148148148148148,0.3090909090909091,FALSE,FALSE,162,0.2082467617990567,0.008377288240769469,0.25535930791513717,5.462693626280612e-4
16,2016,16,NA,NA,NA,TRUE,TRUE,38,-0.190874122743187,0.003473174298510191,-0.2326490722849751,1.8798761098000764e-4
16,2017,30,0.9473684210526315,0.9,0.8571428571428571,TRUE,TRUE,40,-0.35771929962830545,0.003256003256003256,-0.3540669764902066,4.0818371620974034e-4
16,2018,39,1,0.8,0.8,TRUE,TRUE,50,-0.12109511705816713,0.003876870590059704,-0.11219125912228696,4.879769955588175e-5
16,2019,115,0.94,0.618421052631579,0.5949367088607594,TRUE,TRUE,76,0.4500463316725606,0.004963427377220481,0.3688686532792894,6.753441964653751e-4
16,2020,151,0.9342105263157895,0.7553191489361702,0.7171717171717171,TRUE,TRUE,94,-0.29552977992798374,0.005646663062413648,-0.3767251610550142,8.013848510458989e-4
16,2021,159,0.9361702127659575,0.624113475177305,0.5986394557823129,TRUE,TRUE,141,0.7662336521511384,0.007688951903151925,0.6853750370404366,0.003611800127448105
16,2022,193,0.5319148936170213,0.9259259259259259,0.5102040816326531,TRUE,TRUE,81,0.15414841401270776,0.00424595062116685,0.10508154962813998,4.6884347531181574e-5
16,2023,205,0.9259259259259259,0.7978723404255319,0.75,TRUE,TRUE,94,-0.27054981875278117,0.004808184143222506,-0.4184448797680893,8.418943752423676e-4
16,2024,173,0.7659574468085106,0.935064935064935,0.7272727272727273,TRUE,TRUE,77,0.17909979818177868,0.003981797497155859,0.2262123442978591,2.037566399255586e-4
17,2016,17,NA,NA,NA,TRUE,TRUE,95,0.8260080103788018,0.008682935746275478,0.7842330608370137,0.005340192112460486
17,2017,14,0.9157894736842105,0.7073170731707317,0.6641221374045801,TRUE,TRUE,123,0.011950409373206081,0.010012210012210013,0.015602732511304954,2.43742508781261e-6
17,2018,11,0.8780487804878049,0.7941176470588235,0.7152317880794702,TRUE,TRUE,136,0.3650909832231334,0.010545088004962394,0.37399484115901355,0.001474964038539473
17,2019,33,0.8970588235294118,0.782051282051282,0.7176470588235294,TRUE,TRUE,156,0.6244737375272003,0.01018808777429467,0.5432960591339291,0.003007224061376137
17,2020,69,0.5256410256410257,0.9318181818181818,0.5061728395061729,TRUE,TRUE,88,1.349132803986684,0.005286237760557458,1.2679374228596534,0.008498501059010165
17,2021,38,0.9204545454545454,0.7232142857142857,0.680672268907563,TRUE,TRUE,112,0.8857714519020088,0.006107536263496564,0.804912836791307,0.003956979146096633
17,2022,18,0.9732142857142857,0.9316239316239316,0.9083333333333333,TRUE,TRUE,117,1.391261265009901,0.0061330397861298945,1.3421944006253332,0.011048584141174697
17,2023,117,0.9487179487179487,0.8043478260869565,0.7708333333333334,TRUE,TRUE,138,1.0798739028243138,0.007058823529411765,0.9319788418090057,0.006131185140562275
17,2024,20,0.9057971014492754,0.9398496240601504,0.8561643835616438,TRUE,TRUE,133,1.4475757506498925,0.00687765022236012,1.494688296765973,0.015365310936863117
18,2016,18,NA,NA,NA,TRUE,TRUE,44,0.1924858725599249,0.004021570240380221,0.15071092301813677,9.134507101243623e-5
18,2017,28,0.9772727272727273,0.9772727272727273,0.9555555555555556,TRUE,TRUE,44,-0.06500440734752513,0.0035816035816035817,-0.06135208420942626,1.3481436094504141e-5
18,2018,15,0.9318181818181818,0.9318181818181818,0.8723404255319149,TRUE,TRUE,44,0.30577215230232135,0.0034116461192525392,0.3146760102382015,3.378245811006466e-4
18,2019,32,0.9318181818181818,0.9111111111111111,0.8541666666666666,TRUE,TRUE,45,0.2500055203252208,0.002938871473354232,0.1688278419319496,8.37661840068555e-5
18,2020,28,0.9555555555555556,0.9772727272727273,0.9347826086956522,TRUE,TRUE,44,0.8396795068548438,0.002643118880278729,0.7584841257278134,0.00152058145222369
18,2021,82,0.9318181818181818,0.9761904761904762,0.9111111111111111,TRUE,TRUE,42,0.37741291726678106,0.002290326098811212,0.2965543021560792,2.014214785334128e-4
18,2022,111,0.9523809523809523,0.9302325581395349,0.8888888888888888,TRUE,TRUE,43,0.8141644816742171,0.0022540231692614143,0.7650976172896493,0.0013194473791077656
18,2023,119,0.9302325581395349,0.9302325581395349,0.8695652173913043,TRUE,TRUE,43,0.5714376763369997,0.002199488491048593,0.4235426153216916,3.945626046405192e-4
18,2024,117,0.9069767441860465,0.975,0.8863636363636364,TRUE,TRUE,40,0.5256356387909293,0.002068466232288758,0.5727481849070097,6.785406625592599e-4
19,2016,19,NA,NA,NA,TRUE,TRUE,102,-0.17520767467072892,0.009322731011790512,-0.21698262421251704,4.3892777985881905e-4
19,2017,22,0.9313725490196079,0.8558558558558559,0.8050847457627118,TRUE,TRUE,111,-0.20729870994909438,0.009035409035409036,-0.2036463868109955,3.74715135986184e-4
19,2018,43,0.9279279279279279,0.7862595419847328,0.7410071942446043,TRUE,TRUE,131,-0.09565994437871675,0.010157400945956425,-0.08675608644283658,7.645088222601212e-5
19,2019,52,0.6183206106870229,0.8901098901098901,0.574468085106383,TRUE,TRUE,91,-5.385263248738659e-4,0.005943051201671891,-0.08171620471814504,3.968495090987062e-5
19,2020,75,0.8571428571428571,0.896551724137931,0.78,TRUE,TRUE,87,-0.23583962311810458,0.0052261668769147595,-0.31703500424513503,5.252882724066806e-4
19,2021,92,0.896551724137931,0.5864661654135338,0.5492957746478874,TRUE,TRUE,133,-0.3529625576868415,0.00725269931290217,-0.43382117279754334,0.0013649638851384546
19,2022,84,0.8646616541353384,0.9426229508196722,0.8214285714285714,TRUE,TRUE,122,0.049080549095189614,0.006395135503485873,1.3684710621825191e-5,1.1976253701303986e-12
19,2023,113,0.8770491803278688,0.9304347826086956,0.823076923076923,TRUE,TRUE,115,-0.7513745793324728,0.0058823529411764705,-0.8992696403477809,0.004756975800301336
19,2024,120,0.7565217391304347,0.9354838709677419,0.71900826446281,TRUE,TRUE,93,-0.32750207630402745,0.004809183990071362,-0.280389530187947,3.7808981504957294e-4
20,2016,20,NA,NA,NA,TRUE,TRUE,51,0.7141300986675615,0.004661365505895256,0.6723551491257734,0.0021072236335209753
20,2017,5,0.9019607843137255,0.6865671641791045,0.6388888888888888,TRUE,TRUE,67,0.5561958979311514,0.005453805453805454,0.5598482210692503,0.0017093864104603237
20,2018,42,0.9850746268656716,0.8148148148148148,0.8048780487804879,TRUE,TRUE,81,1.2432058917162496,0.00628053035589672,1.2521097496521298,0.009846482502836897
20,2019,62,0.9382716049382716,0.5714285714285714,0.5507246376811594,TRUE,TRUE,133,-0.03639267406695828,0.00868599791013584,-0.11757035246022945,1.20064705748681e-4
20,2020,88,0.6240601503759399,0.8645833333333334,0.5684931506849316,TRUE,TRUE,96,0.3615998049302129,0.005766804829699045,0.2804044238031824,4.5342449241820724e-4
20,2021,75,0.59375,0.9193548387096774,0.5643564356435643,TRUE,TRUE,62,0.6797055206299111,0.003380957574435598,0.5988469055192093,0.0012124709459862488
20,2022,109,0.9354838709677419,0.8923076923076924,0.8405797101449275,TRUE,TRUE,65,0.09931322927311292,0.003407244325627719,0.050246364888545135,8.60226015585959e-6
20,2023,103,0.8307692307692308,0.9473684210526315,0.7941176470588235,TRUE,TRUE,57,0.4112908476511028,0.002915601023017903,0.26339578663579466,2.0227664469549242e-4
20,2024,83,0.9298245614035088,0.9137931034482759,0.8548387096774194,TRUE,TRUE,58,0.024490064860657565,0.002999276036818699,0.071602610976738,1.5377089984682627e-5
21,2016,21,NA,NA,NA,TRUE,TRUE,52,0.060983904097606706,0.004752764829540262,0.019208954555818593,1.753693869539366e-6
21,2017,15,0.9807692307692307,0.05717488789237668,0.05711086226203808,TRUE,FALSE,892,-0.15321313576523804,0.07260887260887261,-0.14956081262713916,0.0016241469688996078
21,2018,58,0.15358744394618834,0.9256756756756757,0.15171650055370986,FALSE,FALSE,148,-0.08859016035798518,0.011475536946576723,-0.07968630242210502,7.286859001850529e-5
21,2019,54,0.972972972972973,0.4897959183673469,0.48322147651006714,FALSE,FALSE,294,-0.27500212763063175,0.01920062695924765,-0.3561798060239029,0.002435869379601109
21,2020,48,0.4489795918367347,0.9428571428571428,0.4370860927152318,FALSE,FALSE,140,-0.08266812518163436,0.008409923709977774,-0.1638635063086648,2.2581695308270417e-4
21,2021,21,0.9785714285714285,0.12961210974456008,0.12924528301886792,FALSE,FALSE,1057,-0.14697941485074306,0.05763987348674883,-0.22783802996144492,0.0029920955102423863
21,2022,40,0.1400189214758751,0.8705882352941177,0.1371640407784986,FALSE,FALSE,170,0.07743436112532781,0.008911254390103266,0.028367496740760022,7.171018929983497e-6
21,2023,70,0.9352941176470588,0.8594594594594595,0.8112244897959183,FALSE,FALSE,185,0.5274075296266058,0.009462915601023018,0.3795124686112976,0.0013629410260264255
21,2024,50,0.972972972972973,0.162748643761302,0.162016201620162,FALSE,FALSE,1106,-0.22732007204119264,0.057193091322784155,-0.18020752592511222,0.0018573314797008628
22,2016,22,NA,NA,NA,TRUE,TRUE,660,-0.2821575111460719,0.060323553605703316,-0.32393246068786,0.006329885549548734
22,2017,15,0.9803030303030303,0.7253363228699552,0.7149171270718232,TRUE,TRUE,892,-0.15321313576523804,0.07260887260887261,-0.14956081262713916,0.0016241469688996078
22,2018,58,0.15358744394618834,0.9256756756756757,0.15171650055370986,FALSE,FALSE,148,-0.08859016035798518,0.011475536946576723,-0.07968630242210502,7.286859001850529e-5
22,2019,54,0.972972972972973,0.4897959183673469,0.48322147651006714,FALSE,FALSE,294,-0.27500212763063175,0.01920062695924765,-0.3561798060239029,0.002435869379601109
22,2020,48,0.4489795918367347,0.9428571428571428,0.4370860927152318,FALSE,FALSE,140,-0.08266812518163436,0.008409923709977774,-0.1638635063086648,2.2581695308270417e-4
22,2021,21,0.9785714285714285,0.12961210974456008,0.12924528301886792,FALSE,FALSE,1057,-0.14697941485074306,0.05763987348674883,-0.22783802996144492,0.0029920955102423863
22,2022,40,0.1400189214758751,0.8705882352941177,0.1371640407784986,FALSE,FALSE,170,0.07743436112532781,0.008911254390103266,0.028367496740760022,7.171018929983497e-6
22,2023,70,0.9352941176470588,0.8594594594594595,0.8112244897959183,FALSE,FALSE,185,0.5274075296266058,0.009462915601023018,0.3795124686112976,0.0013629410260264255
22,2024,50,0.972972972972973,0.162748643761302,0.162016201620162,FALSE,FALSE,1106,-0.22732007204119264,0.057193091322784155,-0.18020752592511222,0.0018573314797008628
23,2016,23,NA,NA,NA,TRUE,TRUE,170,-0.16848944301384142,0.015537885019650855,-0.21026439255562954,6.869472179923169e-4
23,2017,55,0.6176470588235294,0.7664233576642335,0.5198019801980198,TRUE,TRUE,137,0.10188096461087669,0.011151811151811152,0.10553328774897557,1.2420078557312222e-4
23,2018,88,0.9197080291970803,0.8873239436619719,0.8235294117647058,TRUE,TRUE,142,0.019257613765400184,0.011010312475769559,0.028161471701280354,8.731931871772196e-6
23,2019,110,0.8450704225352113,0.9022556390977443,0.7741935483870968,TRUE,TRUE,133,0.05772167149424811,0.00868599791013584,-0.023456006899023073,4.778899329483633e-6
23,2020,116,0.9699248120300752,0.8113207547169812,0.7914110429447853,TRUE,TRUE,159,-0.07951289568379022,0.009551270499189043,-0.16070827681082067,2.466820981224866e-4
23,2021,109,0.9685534591194969,0.8651685393258427,0.8415300546448088,TRUE,TRUE,178,-0.15209025530035014,0.00970662013305704,-0.232948870411052,5.267314520770939e-4
23,2022,127,0.9719101123595506,0.9202127659574468,0.8963730569948186,TRUE,TRUE,188,0.13184124315555515,0.009854798972584788,0.08277437877098737,6.752111877200305e-5
23,2023,148,0.8563829787234043,0.9640718562874252,0.8298969072164949,TRUE,TRUE,167,0.012368071658624379,0.008542199488491048,-0.13552698935668372,1.5689940301598327e-4
23,2024,147,0.8922155688622755,0.9551282051282052,0.8563218390804598,TRUE,TRUE,156,0.5020308321627701,0.008067018305926156,0.5491433782788505,0.0024326775357105886
24,2016,24,NA,NA,NA,TRUE,TRUE,67,-0.5372278965380985,0.006123754684215337,-0.5790028460798866,0.0020529538265694905
24,2017,50,0.7164179104477612,0.7868852459016393,0.6,TRUE,TRUE,61,-0.5398517920707271,0.004965404965404966,-0.5361994689326283,0.0014276029385023679
24,2018,45,0.9016393442622951,0.6043956043956044,0.5670103092783505,TRUE,TRUE,91,-0.24913747572452888,0.007055904473908661,-0.2402336177886487,4.0721170749320404e-4
24,2019,51,0.7362637362637363,0.7613636363636364,0.5982142857142857,TRUE,TRUE,88,-0.4802206942701914,0.005747126436781609,-0.5613983726634626,0.0018113111082137014
24,2020,77,0.7045454545454546,0.8051948051948052,0.6019417475728155,TRUE,TRUE,77,0.15539869881196766,0.004625458040487775,0.07420331768493722,2.5468384175514037e-5
24,2021,112,0.6883116883116883,0.8412698412698413,0.6091954022988506,TRUE,TRUE,63,-0.28328462997332055,0.0034354891482168176,-0.3641432450840224,4.555469018017402e-4
24,2022,94,0.7142857142857143,0.6818181818181818,0.5357142857142857,TRUE,TRUE,66,-0.4805405425521391,0.003459663469098915,-0.5296074069367069,9.703802674333856e-4
24,2023,108,0.9393939393939394,0.6526315789473685,0.6262626262626263,TRUE,TRUE,95,-0.28771037928401844,0.004859335038363171,-0.4356054402993266,9.220690262785251e-4
24,2024,91,0.8526315789473684,0.8901098901098901,0.7714285714285715,TRUE,TRUE,91,0.17562779581066976,0.004705760678456924,0.22274034192675018,2.3346812766934265e-4
25,2016,25,NA,NA,NA,TRUE,TRUE,37,0.04055279244441189,0.003381774974865186,-0.0012221570973762197,5.051248963959552e-9
25,2017,23,0.8378378378378378,0.775,0.6739130434782609,TRUE,TRUE,40,-0.11143819356067823,0.003256003256003256,-0.10778587042257935,3.782757464469863e-5
25,2018,59,0.775,0.7948717948717948,0.6458333333333334,TRUE,TRUE,39,-0.06076628404186286,0.003023959060246569,-0.051862426105982684,8.133576678478875e-6
26,2016,26,NA,NA,NA,TRUE,TRUE,218,0.5164653981510763,0.019925052554611095,0.47469044860928816,0.004489732455551908
26,2017,57,0.8211009174311926,0.8026905829596412,0.683206106870229,TRUE,TRUE,223,0.5245346281093575,0.018152218152218152,0.5281869512474563,0.005064132240079972
26,2018,89,0.9910313901345291,0.4130841121495327,0.41154562383612664,TRUE,FALSE,535,0.47686770851333965,0.04148251531363883,0.4857715664492198,0.009788795681339295
26,2019,123,0.5457943925233645,0.8439306358381503,0.49575551782682514,TRUE,FALSE,346,0.718587888236341,0.022596656217345874,0.6374102098430698,0.009180835577443605
26,2020,163,0.8121387283236994,0.8028571428571428,0.6771084337349398,TRUE,FALSE,350,0.6470703817568173,0.021024809274944434,0.5658750006297869,0.0067324491330700105
26,2021,172,0.9342857142857143,0.5109375,0.49321266968325794,TRUE,FALSE,640,0.8530368280276232,0.03490020721998037,0.7721782129169213,0.02080956937519277
26,2022,182,0.53125,0.9164420485175202,0.5067064083457526,TRUE,FALSE,371,1.0630344184883695,0.019447502227813596,1.0139675541038018,0.019994564370059042
26,2023,197,0.8328840970350404,0.8982558139534884,0.7610837438423645,TRUE,FALSE,344,0.6899151484538306,0.017595907928388745,0.5420200874385225,0.005169427450858366
26,2024,181,0.8924418604651163,0.7912371134020618,0.7223529411764706,TRUE,FALSE,388,1.2830117920967217,0.020064122453200953,1.330124338212802,0.03549806251841687
27,2016,27,NA,NA,NA,TRUE,TRUE,111,0.1766858903504903,0.010145324924595559,0.13491094080870217,1.8465467292182568e-4
27,2017,58,0.7027027027027027,0.7155963302752294,0.5492957746478874,TRUE,TRUE,109,0.31781478090429816,0.008872608872608873,0.32146710404239703,9.169051517275686e-4
27,2018,89,1,0.20373831775700935,0.20373831775700935,TRUE,FALSE,535,0.47686770851333965,0.04148251531363883,0.4857715664492198,0.009788795681339295
27,2019,123,0.5457943925233645,0.8439306358381503,0.49575551782682514,TRUE,FALSE,346,0.718587888236341,0.022596656217345874,0.6374102098430698,0.009180835577443605
27,2020,163,0.8121387283236994,0.8028571428571428,0.6771084337349398,TRUE,FALSE,350,0.6470703817568173,0.021024809274944434,0.5658750006297869,0.0067324491330700105
27,2021,172,0.9342857142857143,0.5109375,0.49321266968325794,TRUE,FALSE,640,0.8530368280276232,0.03490020721998037,0.7721782129169213,0.02080956937519277
27,2022,182,0.53125,0.9164420485175202,0.5067064083457526,TRUE,FALSE,371,1.0630344184883695,0.019447502227813596,1.0139675541038018,0.019994564370059042
27,2023,197,0.8328840970350404,0.8982558139534884,0.7610837438423645,TRUE,FALSE,344,0.6899151484538306,0.017595907928388745,0.5420200874385225,0.005169427450858366
27,2024,181,0.8924418604651163,0.7912371134020618,0.7223529411764706,TRUE,FALSE,388,1.2830117920967217,0.020064122453200953,1.330124338212802,0.03549806251841687
28,2016,28,NA,NA,NA,TRUE,TRUE,72,0.38857074969586225,0.006580751302440362,0.34679580015407413,7.914493688259141e-4
28,2017,39,0.8055555555555556,0.7532467532467533,0.6373626373626373,TRUE,TRUE,77,1.1710036508423343,0.0062678062678062675,1.1746559739804332,0.008648423492471295
28,2018,26,0.922077922077922,0.7029702970297029,0.6635514018691588,TRUE,TRUE,101,0.16662632457939042,0.007831278591920602,0.17553018251527058,2.4128831064265058e-4
28,2019,21,0.5643564356435643,0.7916666666666666,0.49137931034482757,TRUE,FALSE,72,-0.2164850065316314,0.004702194357366771,-0.2976626849249026,4.166288745926419e-4
28,2020,41,0.9305555555555556,0.8589743589743589,0.8072289156626506,TRUE,FALSE,78,0.41614407204250103,0.004685528924130474,0.3349486909154706,5.256724210120154e-4
28,2021,18,0.9871794871794872,0.5703703703703704,0.5661764705882353,TRUE,FALSE,135,0.3735424068527787,0.007361762460464609,0.2926837917420768,6.306365614052851e-4
28,2022,16,0.6,0.9529411764705882,0.5827338129496403,TRUE,FALSE,85,0.40566309449541366,0.004455627195051633,0.35659623011084585,5.66581436441145e-4
28,2023,53,0.5176470588235295,0.8461538461538461,0.4731182795698925,TRUE,FALSE,52,-0.37972397799043067,0.002659846547314578,-0.5276190390057388,7.404530034122581e-4
28,2024,66,0.9807692307692307,0.34459459459459457,0.3422818791946309,TRUE,FALSE,148,1.2044091802122303,0.007653325059468404,1.2515217263283107,0.011987453793454632
29,2016,29,NA,NA,NA,TRUE,TRUE,71,-0.8416712173765531,0.006489351978795357,-0.8834461669183412,0.005064790806949308
29,2017,40,0.8873239436619719,0.8181818181818182,0.7411764705882353,TRUE,TRUE,77,-0.3480815153243915,0.0062678062678062675,-0.34442919218629264,7.435590613852554e-4
29,2018,25,0.935064935064935,0.8181818181818182,0.7741935483870968,TRUE,TRUE,88,-0.44200152664455766,0.0068232922385050784,-0.4330976687086775,0.0012798694251685229
29,2019,16,0.9545454545454546,0.7777777777777778,0.75,TRUE,TRUE,108,-0.7204981785102595,0.007053291536050157,-0.8016758569035307,0.004533038883917001
29,2020,36,0.9629629629629629,0.8813559322033898,0.8524590163934426,TRUE,TRUE,118,-0.5839061596087353,0.007088364269838409,-0.6651015407357657,0.003135609240086054
29,2021,17,0.9322033898305084,0.9243697478991597,0.8661417322834646,TRUE,TRUE,119,-0.5504112135806198,0.0064892572799651,-0.6312698286913216,0.0025859793869179026
29,2022,13,0.9411764705882353,0.9333333333333333,0.8818897637795275,TRUE,TRUE,120,-0.8764916389011539,0.006290297216543481,-0.9255585032857216,0.005388636848589433
29,2023,55,0.45,0.9818181818181818,0.4462809917355372,FALSE,FALSE,55,-0.7903901017580927,0.002813299232736573,-0.9382851627734008,0.0024767696965441893
29,2024,67,1,0.4782608695652174,0.4782608695652174,FALSE,FALSE,115,-0.9053473353163953,0.0059468404178301786,-0.8582347892003149,0.004380246128879746
30,2016,30,NA,NA,NA,TRUE,TRUE,39,-0.5184858005579116,0.003564573622155196,-0.5602607500996997,0.001118891528744068
30,2017,29,0.8461538461538461,0.673469387755102,0.6,TRUE,TRUE,49,-0.5773323414263711,0.003988603988603989,-0.5736800182882723,0.0013126845263148874
30,2018,95,0.8163265306122449,0.851063829787234,0.7142857142857143,TRUE,TRUE,47,-0.9555136809684307,0.003644258354656122,-0.9466098230325505,0.0032655111562301838
30,2019,103,0.8723404255319149,0.8723404255319149,0.7735849056603774,TRUE,TRUE,47,0.005918116880525377,0.003069487983281087,-0.0752595615127458,1.738558484569398e-5
30,2020,135,0.5531914893617021,0.8125,0.49056603773584906,TRUE,FALSE,32,0.4067260796202529,0.0019222682765663484,0.32553069849322247,2.0370322227233317e-4
30,2021,144,0.9375,0.8333333333333334,0.7894736842105263,TRUE,FALSE,36,0.24513316810642244,0.0019631366561238955,0.16427455299572058,5.297745857945125e-5
30,2022,176,0.7777777777777778,0.8235294117647058,0.6666666666666666,TRUE,FALSE,34,1.058902201870964,0.0017822508780206531,1.0098353374863962,0.0018174813597752776
30,2023,170,0.8823529411764706,0.8823529411764706,0.7894736842105263,TRUE,FALSE,34,0.8184766758530517,0.0017391304347826088,0.6705816148377436,7.82051655927645e-4
30,2024,136,0.9705882352941176,0.6226415094339622,0.6111111111111112,TRUE,FALSE,53,1.0318047747312287,0.002740717757782604,1.078917320847309,0.003190366998494662
31,2016,31,NA,NA,NA,TRUE,TRUE,34,0.3239845796341033,0.003107577003930171,0.2822096300923152,2.4749450331529175e-4
31,2017,76,0.6470588235294118,0.43137254901960786,0.3492063492063492,TRUE,FALSE,51,-0.05495686624691185,0.004151404151404151,-0.05130454310881298,1.0927143941701791e-5
31,2018,102,0.6078431372549019,0.7380952380952381,0.5,TRUE,FALSE,42,0.14029654996615112,0.0032565712956501513,0.1492004079020313,7.249375763057812e-5
31,2019,97,0.9047619047619048,0.8260869565217391,0.76,TRUE,FALSE,46,0.6790325282500491,0.0030041797283176593,0.597854849856778,0.0010737852265461365
31,2020,136,0.8913043478260869,0.3904761904761905,0.37272727272727274,TRUE,FALSE,105,-0.6449726844744691,0.006307442782483331,-0.7261680656014995,0.00332604110334832
31,2021,96,0.9428571428571428,0.8048780487804879,0.7674418604651163,TRUE,FALSE,123,-0.7675499014222407,0.006707383575089977,-0.8484085165329425,0.0048279546484814185
31,2022,158,0.8536585365853658,0.9545454545454546,0.8203125,TRUE,FALSE,110,0.18961506538213996,0.0057661057818315245,0.14054820099757218,1.1390248196267412e-4
31,2023,154,0.9454545454545454,0.8062015503875969,0.7703703703703704,TRUE,FALSE,129,-0.2363352436659021,0.00659846547314578,-0.3842303046812102,9.741507717426403e-4
31,2024,116,0.9224806201550387,0.9224806201550387,0.8561151079136691,TRUE,FALSE,129,0.2511024547265845,0.006670803599131244,0.29821500084266495,5.932491513010236e-4
32,2016,32,NA,NA,NA,TRUE,TRUE,33,-0.7150889215732331,0.003016177680285166,-0.7568638711150212,0.0017277960278013077
32,2017,82,0.7878787878787878,0.8666666666666667,0.7027027027027027,TRUE,TRUE,30,-1.0576971325832,0.002442002442002442,-1.0540448094451011,0.002713090257187203
32,2018,98,0.9666666666666667,0.2283464566929134,0.2265625,TRUE,FALSE,127,-0.5655072565618026,0.009847251298751648,-0.5566033986259223,0.003050750764283537
32,2019,96,0.4645669291338583,0.7468354430379747,0.4013605442176871,FALSE,FALSE,79,-0.619456413666357,0.005159352142110763,-0.7006340920596281,0.00253266472998572
32,2020,134,0.9620253164556962,0.44970414201183434,0.4418604651162791,FALSE,FALSE,169,-0.47517622075805,0.010151979335616027,-0.5563716018850804,0.0031425386998212767
32,2021,149,0.3727810650887574,0.7682926829268293,0.3351063829787234,FALSE,FALSE,82,-0.23381213808634294,0.004471589050059985,-0.3146707531970448,4.4276638669663157e-4
32,2022,178,0.4146341463414634,0.9444444444444444,0.40476190476190477,FALSE,FALSE,36,-0.6435058195011385,0.0018870891649630445,-0.6925726838857063,9.051553812825609e-4
32,2023,163,0.8611111111111112,0.8611111111111112,0.7560975609756098,FALSE,FALSE,36,-0.617561102773765,0.0018414322250639387,-0.7654561637890731,0.0010789377489809021
32,2024,121,0.9722222222222222,0.5303030303030303,0.5223880597014925,FALSE,FALSE,66,-0.980609299730484,0.0034129692832764505,-0.9334967536144037,0.0029741166860362818
33,2016,33,NA,NA,NA,TRUE,TRUE,65,-0.5101669117494197,0.005940956036925326,-0.5519418612912078,0.0018098517672940485
33,2017,67,0.7230769230769231,0.8545454545454545,0.6438356164383562,TRUE,TRUE,55,-1.177816856833224,0.004477004477004477,-1.174164533695125,0.006172277523020918
33,2018,98,1,0.4330708661417323,0.4330708661417323,TRUE,FALSE,127,-0.5655072565618026,0.009847251298751648,-0.5566033986259223,0.003050750764283537
33,2019,96,0.4645669291338583,0.7468354430379747,0.4013605442176871,FALSE,FALSE,79,-0.619456413666357,0.005159352142110763,-0.7006340920596281,0.00253266472998572
33,2020,134,0.9620253164556962,0.44970414201183434,0.4418604651162791,FALSE,FALSE,169,-0.47517622075805,0.010151979335616027,-0.5563716018850804,0.0031425386998212767
33,2021,149,0.3727810650887574,0.7682926829268293,0.3351063829787234,FALSE,FALSE,82,-0.23381213808634294,0.004471589050059985,-0.3146707531970448,4.4276638669663157e-4
33,2022,178,0.4146341463414634,0.9444444444444444,0.40476190476190477,FALSE,FALSE,36,-0.6435058195011385,0.0018870891649630445,-0.6925726838857063,9.051553812825609e-4
33,2023,163,0.8611111111111112,0.8611111111111112,0.7560975609756098,FALSE,FALSE,36,-0.617561102773765,0.0018414322250639387,-0.7654561637890731,0.0010789377489809021
33,2024,121,0.9722222222222222,0.5303030303030303,0.5223880597014925,FALSE,FALSE,66,-0.980609299730484,0.0034129692832764505,-0.9334967536144037,0.0029741166860362818
34,2016,34,NA,NA,NA,TRUE,TRUE,30,-1.1207357319740403,0.002741979709350151,-1.1625106815158284,0.0037055966126635473
34,2017,46,0.9,0.34177215189873417,0.32926829268292684,TRUE,FALSE,79,-0.850115440007724,0.006430606430606431,-0.8464631168696252,0.004607528274271927
34,2018,119,0.5569620253164557,0.88,0.5176470588235295,TRUE,FALSE,50,-0.9124336222259513,0.003876870590059704,-0.903529764290071,0.003164945471652599
34,2019,89,0.92,0.08070175438596491,0.08013937282229965,TRUE,FALSE,570,-0.09600428253034429,0.037225705329153605,-0.1771819609236155,0.0011686432175901538
34,2020,80,0.9017543859649123,0.8697123519458545,0.794435857805255,TRUE,FALSE,591,-0.07910359010679809,0.035501892232834745,-0.16029897123382852,9.12248108702268e-4
34,2021,64,0.6277495769881557,0.9275,0.5983870967741935,TRUE,FALSE,400,0.038877675727699665,0.02181262951248773,-0.04198093938300218,3.844256236185633e-5
34,2022,79,0.9675,0.5389972144846796,0.5294117647058824,TRUE,FALSE,718,-0.13178426564744136,0.0376369450123185,-0.18085113003200914,0.0012309964997592735
34,2023,142,0.3732590529247911,0.9640287769784173,0.36813186813186816,FALSE,FALSE,278,0.0642915966560472,0.014219948849104859,-0.08360346435926092,9.939089065462499e-5
34,2024,109,0.9676258992805755,0.4381107491856677,0.4317817014446228,FALSE,FALSE,614,-0.18966962553360367,0.031750956665632435,-0.14255707941752324,6.452594801800173e-4
35,2016,35,NA,NA,NA,TRUE,TRUE,64,-0.40750459199875944,0.005849556713280322,-0.44927954154054756,0.0011807453443561477
35,2017,83,0.6875,0.55,0.44,TRUE,FALSE,80,-0.42268532396519326,0.006512006512006512,-0.4190330008270944,0.0011434344698878936
35,2018,104,0.3,0.7058823529411765,0.26666666666666666,FALSE,FALSE,34,0.20633297658832395,0.0026362720012405986,0.2152368345242041,1.2213029602419067e-4
35,2019,107,0.6176470588235294,0.7,0.4883720930232558,FALSE,FALSE,30,-0.39452458045860506,0.001959247648902821,-0.4757022588518762,4.433633210751909e-4
35,2020,139,0.9666666666666667,0.5686274509803921,0.5576923076923077,FALSE,FALSE,51,-0.43350166200666185,0.0030636150657776177,-0.5146970431336922,8.115915994917317e-4
35,2021,146,0.803921568627451,0.9111111111111111,0.7454545454545455,FALSE,FALSE,45,-0.4413888968758793,0.00245392082015487,-0.5222475119865811,6.692884104006893e-4
35,2022,166,0.8222222222222222,0.9024390243902439,0.7551020408163265,FALSE,FALSE,41,-0.8770519041620058,0.0021491848823190227,-0.9261187685465736,0.0018433472197737118
35,2023,165,0.7317073170731707,0.7894736842105263,0.6122448979591837,FALSE,FALSE,38,0.20271070957214002,0.0019437340153452686,0.05481564855683191,5.840445136308547e-6
35,2024,135,0.8947368421052632,0.85,0.7727272727272727,FALSE,FALSE,40,-0.8429254204160598,0.002068466232288758,-0.7958128742999794,0.0013099971680661801
36,2016,36,NA,NA,NA,TRUE,TRUE,183,-0.22893284880723114,0.01672607622703592,-0.27070779834901926,0.0012257322284906415
36,2017,89,0.8415300546448088,0.7738693467336684,0.6754385964912281,TRUE,TRUE,199,-0.4760469120091942,0.0161986161986162,-0.4723945888710953,0.003614828886556251
36,2018,101,0.9597989949748744,0.5735735735735735,0.5601173020527859,TRUE,TRUE,333,-0.7955512365924184,0.025819958129797628,-0.7866473786565382,0.015977754109453252
36,2019,104,0.9309309309309309,0.7928388746803069,0.748792270531401,TRUE,TRUE,391,-0.28583557363821377,0.025535527690700104,-0.36701325203148494,0.0034396030774679976
36,2020,147,0.6265984654731458,0.875,0.5751173708920188,TRUE,TRUE,280,-0.020182488485345502,0.01681984741995555,-0.10137786961237594,1.728655184237575e-4
36,2021,164,0.825,0.8220640569395018,0.7,TRUE,TRUE,281,-0.3545417962959989,0.015323372232522631,-0.43540041140670077,0.002904905585621547
36,2022,189,0.7900355871886121,0.7872340425531915,0.6510263929618768,TRUE,TRUE,282,-0.7231856465840582,0.014782198458877183,-0.7722525109686259,0.008815717947090846
36,2023,171,0.900709219858156,0.736231884057971,0.6809651474530831,TRUE,TRUE,345,-0.6935409187400035,0.01764705882352941,-0.8414359797553116,0.012494373671060844
36,2024,148,0.7913043478260869,0.8806451612903226,0.7146596858638743,TRUE,TRUE,310,-0.7324909081618034,0.016030613300237875,-0.685378362045723,0.00753027638534224
37,2016,37,NA,NA,NA,TRUE,TRUE,87,-0.08011507553836454,0.007951741157115437,-0.12189002508015265,1.181404354831826e-4
37,2017,84,0.6436781609195402,0.9180327868852459,0.6086956521739131,TRUE,TRUE,61,0.15811846920503522,0.004965404965404966,0.1617707923431341,1.2994360151199433e-4
37,2018,105,0.9344262295081968,0.7808219178082192,0.7402597402597403,TRUE,TRUE,73,-0.42846377000910496,0.005660231061487168,-0.4195599120732248,9.963734160486257e-4
37,2019,106,0.821917808219178,0.6382978723404256,0.5607476635514018,TRUE,TRUE,94,-0.6569318760619466,0.006138975966562174,-0.7381095544552178,0.003344549187012769
37,2020,137,0.9361702127659575,0.7719298245614035,0.7333333333333333,TRUE,TRUE,114,-0.1790866113101999,0.006848080735267616,-0.2602819924372303,4.639349778896357e-4
37,2021,147,0.8947368421052632,0.8869565217391304,0.8031496062992126,TRUE,TRUE,115,-0.12587005844572485,0.006271130984840222,-0.2067286735564267,2.680077224395222e-4
37,2022,167,0.9217391304347826,0.9217391304347826,0.8548387096774194,TRUE,TRUE,115,-0.4708138349926717,0.006028201499187503,-0.5198806993772395,0.0016292778362568161
37,2023,166,0.8608695652173913,0.9166666666666666,0.7983870967741935,TRUE,TRUE,108,-0.24360069903136622,0.005524296675191816,-0.3914957600466743,8.467030411523533e-4
37,2024,149,0.9074074074074074,0.8596491228070176,0.7903225806451613,TRUE,TRUE,114,-0.30085852318760664,0.00589512876202296,-0.25374597707152624,3.795697786905637e-4
38,2016,38,NA,NA,NA,TRUE,TRUE,32,1.1305168214326085,0.002924778356640161,1.0887418718908204,0.003466911949133213
38,2017,11,0.9375,0.967741935483871,0.9090909090909091,TRUE,TRUE,31,1.6154384427759994,0.0025234025234025233,1.6190907659140983,0.006614985930510162
38,2018,20,0.9354838709677419,0.8055555555555556,0.7631578947368421,TRUE,TRUE,36,0.16902299478429766,0.0027913468248429866,0.17792685272017783,8.83683598573841e-5
38,2019,11,0.9722222222222222,0.9210526315789473,0.8974358974358975,TRUE,TRUE,38,0.9053984225723409,0.0024817136886102404,0.8242207441790698,0.0016859269680730006
38,2020,29,0.9210526315789473,0.9459459459459459,0.875,TRUE,TRUE,37,1.1814377543738757,0.00222262269477984,1.1002423732468452,0.0026905587406650115
38,2021,20,0.918918918918919,0.9444444444444444,0.8717948717948718,TRUE,TRUE,36,0.7233850782725203,0.0019631366561238955,0.6425264631618185,8.10461839408686e-4
38,2022,28,1,0.9473684210526315,0.9473684210526315,TRUE,TRUE,38,0.8150977915207106,0.001991927451905436,0.7660309271361428,0.0011688697641402857
38,2023,56,0.9736842105263158,1,0.9736842105263158,TRUE,TRUE,37,0.693697327218832,0.0018925831202046036,0.5458022662035239,5.638007268714777e-4
38,2024,36,0.972972972972973,0.972972972972973,0.9473684210526315,TRUE,TRUE,37,0.7381118188708352,0.001913331264867101,0.7852243649869156,0.0011797166317435556
39,2016,39,NA,NA,NA,TRUE,TRUE,45,-0.2313913016114411,0.004112969564025226,-0.27316625115322923,3.0690896943697194e-4
39,2017,19,0.8666666666666667,0.8666666666666667,0.7647058823529411,TRUE,TRUE,45,0.025312358185499158,0.003663003663003663,0.02896468132359803,3.073087048269555e-6
39,2018,36,0.9777777777777777,0.88,0.8627450980392157,TRUE,TRUE,50,0.0907712704213084,0.003876870590059704,0.09967512835718857,3.851721800814926e-5
39,2019,93,0.92,0.9583333333333334,0.8846153846153846,TRUE,TRUE,48,-0.22758413224739052,0.003134796238244514,-0.3087618106406617,2.988522122573663e-4
39,2020,91,0.9791666666666666,0.9038461538461539,0.8867924528301887,TRUE,TRUE,52,-0.03417530472695974,0.003123685949420316,-0.11537068585399018,4.157749432509429e-5
39,2021,66,1,0.7323943661971831,0.7323943661971831,TRUE,TRUE,71,-0.1823882493678954,0.0038717417384665723,-0.26324686447859724,2.683074886958621e-4
39,2022,89,0.971830985915493,0.971830985915493,0.9452054794520548,TRUE,TRUE,71,0.048799304191677176,0.0037217591864548935,-2.675601928906132e-4,2.664349968127071e-10
39,2023,116,0.971830985915493,0.971830985915493,0.9452054794520548,TRUE,TRUE,71,-0.24077542858414988,0.0036317135549872124,-0.388670489599458,5.486238983871738e-4
39,2024,112,0.9859154929577465,0.9333333333333333,0.9210526315789473,TRUE,TRUE,75,-0.237703191102301,0.003878374185541421,-0.19059064498622058,1.4088114317508367e-4
40,2016,40,NA,NA,NA,TRUE,TRUE,53,-0.2082712168224375,0.004844164153185266,-0.2500461663642256,3.028720886219392e-4
40,2017,56,0.9056603773584906,0.7384615384615385,0.6857142857142857,TRUE,TRUE,65,-0.8053208194592395,0.005291005291005291,-0.8016684963211407,0.0034003829523481413
40,2018,71,0.8923076923076924,0.8169014084507042,0.7435897435897436,TRUE,TRUE,71,-0.24146636589248224,0.005505156237884779,-0.23256250795660208,2.977481373654018e-4
40,2019,66,0.8591549295774648,0.8026315789473685,0.7093023255813954,TRUE,TRUE,76,-0.24814664815946202,0.004963427377220481,-0.3293243265527332,5.383060943387705e-4
40,2020,102,0.9210526315789473,0.875,0.813953488372093,TRUE,TRUE,80,-0.308575347344815,0.0048056706914158705,-0.38977072847184546,7.300833580751996e-4
40,2021,125,0.9375,0.8241758241758241,0.78125,TRUE,TRUE,91,0.11381339804881913,0.0049623732140909585,0.03295478293811728,5.389225236304763e-6
40,2022,121,0.8791208791208791,0.898876404494382,0.8,TRUE,TRUE,89,-0.41656522086967934,0.004665303768936415,-0.46563208525424715,0.0010114996202139459
40,2023,185,0.9325842696629213,0.7757009345794392,0.7345132743362832,TRUE,TRUE,107,-0.5648834594091958,0.005473145780051151,-0.712778520424504,0.002780649332588456
40,2024,150,0.7383177570093458,0.8777777777777778,0.6694915254237288,TRUE,TRUE,90,-0.3685018934371344,0.004654049022649705,-0.32138934732105395,4.807219015115718e-4
41,2016,41,NA,NA,NA,TRUE,TRUE,30,-0.7896106919373468,0.002741979709350151,-0.8313856414791349,0.0018952620917402593
41,2017,73,0.03333333333333333,9.328358208955224e-4,9.082652134423251e-4,FALSE,FALSE,1072,0.26121560034757346,0.08726088726088727,0.26486792348567234,0.006121789019764594
41,2018,111,0.31156716417910446,0.36108108108108106,0.20084185207456404,FALSE,FALSE,925,0.3171892150504167,0.07172210591610452,0.32609307298629686,0.007626691504297345
41,2019,86,0.3708108108108108,0.3095667870036101,0.2029585798816568,FALSE,FALSE,1108,0.36667387670999624,0.07236154649947753,0.28549619831672507,0.005898050666970971
41,2020,142,0.3185920577617328,0.4363411619283066,0.22570332480818414,FALSE,FALSE,809,0.23436702044081664,0.04859734486694299,0.1531716393137862,0.001140169089437661
41,2021,126,0.4388133498145859,0.4339853300733496,0.27908805031446543,FALSE,FALSE,818,0.31518838932693793,0.044606827353037407,0.23432977421623608,0.0024493806545371317
41,2022,62,0.46577017114914426,0.4635036496350365,0.30262112787926926,FALSE,FALSE,822,0.2767286012001787,0.04308853593332285,0.22766173681561094,0.0022332730612223206
41,2023,91,0.4805352798053528,0.5683453237410072,0.3520499108734403,FALSE,FALSE,695,0.2885165606365365,0.03554987212276215,0.1406214996212284,7.029776101395185e-4
41,2024,46,0.4633093525179856,0.6018691588785047,0.35462555066079293,FALSE,FALSE,535,0.192202765746559,0.027665735856862137,0.23931531186263943,0.0015844670024394002
42,2016,42,NA,NA,NA,TRUE,TRUE,38,0.7825535878824421,0.003473174298510191,0.740778638340654,0.0019059147846476256
42,2017,41,0.7894736842105263,0.8333333333333334,0.6818181818181818,TRUE,TRUE,36,1.6806760473076268,0.0029304029304029304,1.6843283704457257,0.008313441932566603
42,2018,60,0.9722222222222222,0.7608695652173914,0.7446808510638298,TRUE,TRUE,46,0.8921658982288729,0.0035667209428549276,0.9010697561647532,0.002895915984480201
42,2019,105,0.8478260869565217,0.6610169491525424,0.5909090909090909,TRUE,TRUE,59,0.900810497214031,0.003853187042842215,0.8196328188207598,0.0025885631859715124
42,2020,157,0.6440677966101694,0.8444444444444444,0.5757575757575758,TRUE,TRUE,45,0.5821882926713013,0.0027031897639214274,0.500992911544271,6.784841343060165e-4
42,2021,175,0.9777777777777777,0.6285714285714286,0.6197183098591549,TRUE,TRUE,70,0.5310736927947473,0.0038172101646853527,0.4502150776840454,7.73724131976419e-4
42,2022,181,0.8857142857142857,0.7209302325581395,0.6595744680851063,TRUE,TRUE,86,0.6415289056721362,0.004508046338522829,0.5924620412875684,0.001582375072156544
42,2023,204,0.9186046511627907,0.8404255319148937,0.7821782178217822,TRUE,TRUE,94,0.35417025557059406,0.004808184143222506,0.20627519455528595,2.0458561910737495e-4
42,2024,172,0.4787234042553192,0.8823529411764706,0.45,FALSE,FALSE,51,0.8578851175998539,0.0026372944461681663,0.9049976637159343,0.0021599989315284032
43,2016,43,NA,NA,NA,TRUE,TRUE,54,-0.0661065868075792,0.004935563476830271,-0.10788153634936731,5.744218972629489e-5
43,2017,20,0.9444444444444444,0.864406779661017,0.8225806451612904,TRUE,TRUE,59,-0.24198230335393847,0.004802604802604802,-0.2383299802158396,2.7279361731471444e-4
43,2018,40,0.9491525423728814,0.835820895522388,0.8,TRUE,TRUE,67,-0.12668984879161796,0.0051950065906800034,-0.1177859908557378,7.207312987556428e-5
43,2019,31,0.9402985074626866,0.8289473684210527,0.7875,TRUE,TRUE,76,-0.3628620667990819,0.004963427377220481,-0.44403974519235306,9.786454051461094e-4
43,2020,26,0.5526315789473685,0.9545454545454546,0.5384615384615384,TRUE,TRUE,44,0.14166116674450693,0.002643118880278729,0.060465785617476495,9.663536621307119e-6
43,2021,45,0.9772727272727273,0.9347826086956522,0.9148936170212766,TRUE,TRUE,46,-0.9124869288028832,0.002508452393936089,-0.993345543913585,0.0024751787000870814
43,2022,63,1,0.9019607843137255,0.9019607843137255,TRUE,TRUE,51,-0.6381675097656992,0.00267337631703098,-0.687234374150267,0.0012626118014205153
43,2023,72,0.9411764705882353,0.7868852459016393,0.75,TRUE,TRUE,61,-0.8655326757183407,0.003120204603580563,-1.0134277367336488,0.003204561761250447
43,2024,16,1,1,1,TRUE,TRUE,61,-1.040204335779588,0.0031544110042403557,-0.9930917896635076,0.003110978873953934
44,2016,44,NA,NA,NA,TRUE,TRUE,45,0.6256460173343817,0.004112969564025226,0.5838710677925937,0.0014021336323221695
44,2017,5,0.06666666666666667,0.04477611940298507,0.027522935779816515,FALSE,FALSE,67,0.5561958979311514,0.005453805453805454,0.5598482210692503,0.0017093864104603237
44,2018,42,0.9850746268656716,0.8148148148148148,0.8048780487804879,FALSE,FALSE,81,1.2432058917162496,0.00628053035589672,1.2521097496521298,0.009846482502836897
44,2019,62,0.9382716049382716,0.5714285714285714,0.5507246376811594,FALSE,FALSE,133,-0.03639267406695828,0.00868599791013584,-0.11757035246022945,1.20064705748681e-4
44,2020,88,0.6240601503759399,0.8645833333333334,0.5684931506849316,FALSE,FALSE,96,0.3615998049302129,0.005766804829699045,0.2804044238031824,4.5342449241820724e-4
44,2021,75,0.59375,0.9193548387096774,0.5643564356435643,FALSE,FALSE,62,0.6797055206299111,0.003380957574435598,0.5988469055192093,0.0012124709459862488
44,2022,109,0.9354838709677419,0.8923076923076924,0.8405797101449275,FALSE,FALSE,65,0.09931322927311292,0.003407244325627719,0.050246364888545135,8.60226015585959e-6
44,2023,103,0.8307692307692308,0.9473684210526315,0.7941176470588235,FALSE,FALSE,57,0.4112908476511028,0.002915601023017903,0.26339578663579466,2.0227664469549242e-4
44,2024,83,0.9298245614035088,0.9137931034482759,0.8548387096774194,FALSE,FALSE,58,0.024490064860657565,0.002999276036818699,0.071602610976738,1.5377089984682627e-5
45,2016,45,NA,NA,NA,TRUE,TRUE,33,-0.7595059501450853,0.003016177680285166,-0.8012808996868733,0.0019365401377112851
45,2017,43,0.9090909090909091,0.8823529411764706,0.8108108108108109,TRUE,TRUE,34,-0.45166162470649823,0.0027676027676027675,-0.44800930156839935,5.554920118780114e-4
45,2018,100,0.9117647058823529,0.6458333333333334,0.6078431372549019,TRUE,TRUE,48,-0.2694723366916485,0.0037217957664573155,-0.26056847875576833,2.526947927279657e-4
45,2019,55,0.9583333333333334,0.9583333333333334,0.92,TRUE,TRUE,48,-1.0138505572673784,0.003134796238244514,-1.0950282356606496,0.0037588929056240595
45,2020,78,0.8125,0.9512195121951219,0.78,TRUE,TRUE,41,-1.247451365092024,0.002462906229350634,-1.3286467462190545,0.004347773726543985
45,2021,55,0.975609756097561,0.7547169811320755,0.7407407407407407,TRUE,TRUE,53,-0.6316837769764645,0.002890173410404624,-0.7125423920871663,0.0014673891922580954
45,2022,81,0.6226415094339622,1,0.6226415094339622,TRUE,TRUE,33,-0.7590560332919717,0.0017298317345494575,-0.8081228976765394,0.001129688440830381
45,2023,133,0.8484848484848485,0.7567567567567568,0.6666666666666666,TRUE,TRUE,37,-1.057526756763834,0.0018925831202046036,-1.205421817779142,0.0027500023056155976
45,2024,107,1,0.74,0.74,TRUE,TRUE,50,-0.6357869978095355,0.002585582790360947,-0.5886744516934551,8.960016808268435e-4
46,2016,46,NA,NA,NA,TRUE,TRUE,91,0.12495050795434536,0.008317338451695458,0.08317555841255725,5.754079061044747e-5
46,2017,36,0.9560439560439561,0.8130841121495327,0.7837837837837838,TRUE,TRUE,107,0.5281804206096639,0.00870980870980871,0.5318327437477627,0.0024635351406986777
46,2018,65,0.9626168224299065,0.8110236220472441,0.7862595419847328,TRUE,TRUE,127,0.17527274374945287,0.009847251298751648,0.18417660168533304,3.340288142406329e-4
46,2019,61,0.9448818897637795,0.8695652173913043,0.8275862068965517,TRUE,TRUE,138,0.3674670598318857,0.009012539184952978,0.28628938143861454,7.38682221106428e-4
46,2020,76,0.927536231884058,0.8533333333333334,0.8,TRUE,TRUE,150,0.12899340969809897,0.009010632546404758,0.04779802857106853,2.0586155480993727e-5
46,2021,110,0.94,0.9276315789473685,0.8757763975155279,TRUE,TRUE,152,0.05044326139707451,0.008288799214745337,-0.030415353713627337,7.667916278318779e-6
46,2022,143,0.40789473684210525,0.9841269841269841,0.40522875816993464,FALSE,FALSE,63,0.3703445322229036,0.003302406038685328,0.3212776678383358,3.408721712351691e-4
46,2023,194,0.9206349206349206,0.90625,0.8405797101449275,FALSE,FALSE,64,0.011949733123222605,0.0032736572890025577,-0.1359453278920855,6.050089305595627e-5
46,2024,130,0.96875,0.5040650406504065,0.496,FALSE,FALSE,123,0.23651866128708698,0.006360533664287931,0.2836312074031674,5.116837006410364e-4
47,2016,47,NA,NA,NA,TRUE,TRUE,56,-0.383786141870331,0.005118362124120281,-0.4255610914121191,9.26946858727442e-4
47,2017,41,0.017857142857142856,0.027777777777777776,0.01098901098901099,FALSE,FALSE,36,1.6806760473076268,0.0029304029304029304,1.6843283704457257,0.008313441932566603
47,2018,60,0.9722222222222222,0.7608695652173914,0.7446808510638298,FALSE,FALSE,46,0.8921658982288729,0.0035667209428549276,0.9010697561647532,0.002895915984480201
47,2019,105,0.8478260869565217,0.6610169491525424,0.5909090909090909,FALSE,FALSE,59,0.900810497214031,0.003853187042842215,0.8196328188207598,0.0025885631859715124
47,2020,157,0.6440677966101694,0.8444444444444444,0.5757575757575758,FALSE,FALSE,45,0.5821882926713013,0.0027031897639214274,0.500992911544271,6.784841343060165e-4
47,2021,175,0.9777777777777777,0.6285714285714286,0.6197183098591549,FALSE,FALSE,70,0.5310736927947473,0.0038172101646853527,0.4502150776840454,7.73724131976419e-4
47,2022,181,0.8857142857142857,0.7209302325581395,0.6595744680851063,FALSE,FALSE,86,0.6415289056721362,0.004508046338522829,0.5924620412875684,0.001582375072156544
47,2023,204,0.9186046511627907,0.8404255319148937,0.7821782178217822,FALSE,FALSE,94,0.35417025557059406,0.004808184143222506,0.20627519455528595,2.0458561910737495e-4
47,2024,172,0.4787234042553192,0.8823529411764706,0.45,FALSE,FALSE,51,0.8578851175998539,0.0026372944461681663,0.9049976637159343,0.0021599989315284032
48,2016,48,NA,NA,NA,TRUE,TRUE,98,0.005758505866074109,0.008957133717210493,-0.03601644367571401,1.1619052470020675e-5
48,2017,70,0.9489795918367347,0.7560975609756098,0.7265625,TRUE,TRUE,123,0.055929329955224594,0.010012210012210013,0.059581653093323465,3.5543079071711555e-5
48,2018,77,0.8536585365853658,0.875,0.7608695652173914,TRUE,TRUE,120,-0.11440229760480698,0.009304489416143289,-0.10549843966892682,1.0355823003096711e-4
48,2019,71,0.9333333333333333,0.8888888888888888,0.835820895522388,TRUE,TRUE,126,0.18067605247911328,0.008228840125391849,0.0994983740858421,8.146491197501946e-5
48,2020,110,0.9126984126984127,0.9274193548387096,0.8518518518518519,TRUE,TRUE,124,-0.1486762483723812,0.0074487895716946,-0.22987162949941164,3.9360123686193506e-4
48,2021,134,0.8629032258064516,0.8916666666666667,0.781021897810219,TRUE,TRUE,120,-0.2758843308099172,0.006543788853746319,-0.35674294592061906,8.327987531734436e-4
48,2022,136,0.85,0.9107142857142857,0.7846153846153846,TRUE,TRUE,112,-0.12200911377567726,0.005870944068773917,-0.17107597816024506,1.718248631331069e-4
48,2023,195,0.9285714285714286,0.8739495798319328,0.8188976377952756,TRUE,TRUE,119,0.06558911050993996,0.00608695652173913,-0.08230595050536815,4.1234683843604165e-5
48,2024,160,0.8907563025210085,0.954954954954955,0.8548387096774194,TRUE,TRUE,111,0.14181174566496318,0.005739993794601303,0.1889242917810436,2.0487408577782334e-4
49,2016,49,NA,NA,NA,TRUE,TRUE,52,-0.3283214418396134,0.004752764829540262,-0.37009639138140155,6.509925622432912e-4
49,2017,64,0.7884615384615384,0.7454545454545455,0.6212121212121212,TRUE,TRUE,55,-0.25873955931765313,0.004477004477004477,-0.25508723617955426,2.9131643413877117e-4
49,2018,66,0.9636363636363636,0.6625,0.6463414634146342,TRUE,TRUE,80,-0.3281545459552177,0.006202992944095526,-0.31925068801933754,6.322152550256362e-4
49,2019,69,0.4,0.8888888888888888,0.38095238095238093,FALSE,FALSE,36,-0.11954381877269156,0.0023510971786833857,-0.20072149716596274,9.472363501068713e-5
49,2020,71,0.9166666666666666,0.75,0.7021276595744681,FALSE,FALSE,44,-0.17662164424447815,0.002643118880278729,-0.2578170253715086,1.756871038110276e-4
49,2021,113,0.9318181818181818,0.9318181818181818,0.8723404255319149,FALSE,FALSE,44,-0.9829170210831996,0.0023993892463736502,-1.0637756361939015,0.00271519350981724
49,2022,139,0.75,0.9705882352941176,0.7333333333333333,FALSE,FALSE,34,-0.1622628459995631,0.0017822508780206531,-0.21132971038413087,7.959576352127596e-5
49,2023,190,0.9117647058823529,0.3263157894736842,0.3163265306122449,FALSE,FALSE,95,-0.1469705480695076,0.004859335038363171,-0.29486560908481574,4.224984196926414e-4
49,2024,152,0.3894736842105263,1,0.3894736842105263,FALSE,FALSE,37,-0.8140069390238746,0.001913331264867101,-0.7668943929077942,0.0011252817957036055
50,2016,50,NA,NA,NA,TRUE,TRUE,80,0.025314794685664777,0.007311945891600402,-0.016460154856123337,1.9810744750027285e-6
50,2017,77,0.8,0.8,0.6666666666666666,TRUE,TRUE,80,-0.159375956891921,0.006512006512006512,-0.15572363375382212,1.5791518182821018e-4
50,2018,80,0.5375,0.9347826086956522,0.5180722891566265,TRUE,TRUE,46,-0.10217535271193834,0.0035667209428549276,-0.09327149477605817,3.102894471093831e-5
50,2019,72,0.9347826086956522,0.86,0.8113207547169812,TRUE,TRUE,50,-0.26113969093266576,0.0032654127481713687,-0.3423173693259369,3.826449234006985e-4
50,2020,105,0.88,0.9361702127659575,0.8301886792452831,TRUE,TRUE,47,-0.21068419362163007,0.002823331531206824,-0.2918795747486605,2.4053002038244533e-4
50,2021,130,0.9361702127659575,0.8979591836734694,0.8461538461538461,TRUE,TRUE,49,-0.3661328097672736,0.002672047115279747,-0.44699142487797544,5.338785779151323e-4
50,2022,134,0.8979591836734694,0.9361702127659575,0.8461538461538461,TRUE,TRUE,47,-0.10587627717516834,0.002463699743146197,-0.15494314155973613,5.914696883528962e-5
50,2023,189,0.9787234042553191,0.8846153846153846,0.8679245283018868,TRUE,TRUE,52,-0.26695431535847025,0.002659846547314578,-0.4148493763737784,4.5775960429877586e-4
50,2024,123,0.8653846153846154,0.9782608695652174,0.8490566037735849,TRUE,TRUE,46,-0.02203581881731479,0.0023787361671320714,0.025076727298765637,1.4958498082928047e-6
51,2016,51,NA,NA,NA,TRUE,TRUE,88,0.07648337094511311,0.008043140480760443,0.034708421403324995,9.68936636827981e-6
51,2017,63,0.8863636363636364,0.78,0.7090909090909091,TRUE,TRUE,100,-0.23476993468388255,0.00814000814000814,-0.23111761154578367,4.348013867857367e-4
51,2018,72,0.91,0.7777777777777778,0.7222222222222222,TRUE,TRUE,117,-0.05265345357274496,0.009071877180739707,-0.043749595636864785,1.7363818938631765e-5
51,2019,70,0.905982905982906,0.8412698412698413,0.7737226277372263,TRUE,TRUE,126,0.4812624523131685,0.008228840125391849,0.40008477391989733,0.0013171725520271325
51,2020,103,0.9206349206349206,0.8467153284671532,0.7891156462585034,TRUE,TRUE,137,0.14028258787879608,0.008229711059049679,0.05908720675176564,2.8732373775241676e-5
51,2021,128,0.9416058394160584,0.8958333333333334,0.8486842105263158,TRUE,TRUE,144,-0.4914289277150566,0.007852546624495582,-0.5722875428257584,0.002571811351346405
51,2022,140,0.8819444444444444,0.927007299270073,0.8246753246753247,TRUE,TRUE,137,0.030364770389870756,0.007181422655553808,-0.018702093994697033,2.511834135909637e-6
51,2023,202,0.8613138686131386,0.8872180451127819,0.7763157894736842,TRUE,TRUE,133,-0.40421866697668063,0.00680306905370844,-0.5521137279919888,0.002073776605051108
51,2024,163,0.8721804511278195,0.8656716417910447,0.7682119205298014,TRUE,TRUE,134,-0.2111668244136003,0.0069293618781673385,-0.16405427829751987,1.8649550287074636e-4
52,2016,52,NA,NA,NA,TRUE,TRUE,103,0.18246189443827937,0.009414130335435518,0.14068694489649125,1.8633215390035293e-4
52,2017,78,0.5339805825242718,0.8333333333333334,0.4824561403508772,TRUE,FALSE,66,0.28335018509459703,0.005372405372405372,0.2870025082326959,4.425273929428306e-4
52,2018,84,0.8484848484848485,0.8484848484848485,0.7368421052631579,TRUE,FALSE,66,0.5462820935987578,0.005117469178878809,0.555185951534638,0.001577364898160333
52,2019,74,0.9242424242424242,0.8472222222222222,0.7922077922077922,TRUE,FALSE,72,1.0696974774102614,0.004702194357366771,0.9885197990169903,0.004594849810573311
52,2020,112,0.5277777777777778,0.95,0.5135135135135135,TRUE,FALSE,40,0.6781390839419084,0.0024028353457079352,0.596943702814878,8.562306345415686e-4
52,2021,135,0.85,0.918918918918919,0.7906976744186046,TRUE,FALSE,37,0.8912752742241619,0.002017668229905115,0.8104166591134601,0.0013251543772842742
52,2022,137,0.8918918918918919,0.44594594594594594,0.4230769230769231,TRUE,FALSE,74,0.5260194054159366,0.0038790166168684802,0.4769525410313688,8.824131547583312e-4
52,2023,196,0.8513513513513513,0.9130434782608695,0.7875,TRUE,FALSE,69,1.0721627835241576,0.0035294117647058825,0.9242677225088495,0.0030150734924883375
52,2024,161,0.9130434782608695,0.9,0.8289473684210527,TRUE,FALSE,70,0.5079212127467551,0.0036198159065053263,0.5550337588628355,0.0011151294416908973
53,2016,53,NA,NA,NA,TRUE,TRUE,56,-0.2500058889809334,0.005118362124120281,-0.2917808385227215,4.357571732771465e-4
53,2017,42,0.875,0.6805555555555556,0.620253164556962,TRUE,TRUE,72,0.2358926621984136,0.005860805860805861,0.23954498533651247,3.363035897428277e-4
53,2018,49,0.8888888888888888,0.6881720430107527,0.6336633663366337,TRUE,TRUE,93,0.07383908134935202,0.007210979297511049,0.08274293928523219,4.936920540785025e-5
53,2019,108,0.8279569892473119,0.8555555555555555,0.7264150943396226,TRUE,TRUE,90,0.2037860003745694,0.005877742946708464,0.12260832198129822,8.835893780801154e-5
53,2020,67,0.8777777777777778,0.8586956521739131,0.7669902912621359,TRUE,TRUE,92,0.26028055538511,0.005526521295128251,0.17908517425807957,1.7724382572188976e-4
53,2021,111,0.9239130434782609,0.8854166666666666,0.8252427184466019,TRUE,TRUE,96,0.3090912192752433,0.005235031082997056,0.22823260416454144,2.7269340571261385e-4
53,2022,34,0.9375,0.5732484076433121,0.5521472392638037,TRUE,TRUE,157,-0.5793093854259982,0.008229805524977723,-0.628376249810566,0.0032495939444451725
53,2023,46,0.8089171974522293,0.9407407407407408,0.7696969696969697,TRUE,TRUE,135,0.005212925889238578,0.00690537084398977,-0.14268213512606953,1.4058086329197367e-4
53,2024,42,0.5777777777777777,0.6782608695652174,0.45348837209302323,TRUE,FALSE,115,0.3315671118305456,0.0059468404178301786,0.37867965794662606,8.527667072290813e-4
54,2016,54,NA,NA,NA,TRUE,TRUE,50,-0.32150596245666996,0.004569966182250251,-0.3632809119984581,6.031122430419131e-4
54,2017,61,0.84,0.75,0.65625,TRUE,TRUE,56,-0.16634953502626967,0.004558404558404558,-0.1626972118881708,1.2066271341850413e-4
54,2018,78,0.8392857142857143,0.7704918032786885,0.6714285714285714,TRUE,TRUE,61,-0.37198581172524176,0.004729782119872838,-0.3630819537893616,6.235201066308061e-4
54,2019,109,0.9508196721311475,0.6666666666666666,0.6444444444444445,TRUE,TRUE,87,-0.29713558889539066,0.005681818181818182,-0.3783132672886618,8.131870920830823e-4
54,2020,117,0.896551724137931,0.8387096774193549,0.7647058823529411,TRUE,TRUE,93,-0.7789053301298308,0.00558659217877095,-0.8601007112568612,0.0041328113603606624
54,2021,87,0.5161290322580645,0.9795918367346939,0.5106382978723404,TRUE,TRUE,49,0.00917931086290802,0.002672047115279747,-0.07167930424779383,1.372877141536383e-5
54,2022,125,1,0.5051546391752577,0.5051546391752577,TRUE,TRUE,97,-0.8070405211452475,0.005084656916705981,-0.8561073855298152,0.003726646012957671
54,2023,127,0.8865979381443299,0.9247311827956989,0.8269230769230769,TRUE,TRUE,93,-0.33820219479307967,0.0047570332480818414,-0.4860972558083878,0.0011240419649981282
54,2024,87,0.5053763440860215,1,0.5053763440860215,TRUE,TRUE,47,1.1245707629740815,0.0024304478229392906,1.171683309090162,0.0033366203076648144
55,2016,55,NA,NA,NA,TRUE,TRUE,69,-0.3007337620219753,0.006306553331505347,-0.34250871156376345,7.398357560824223e-4
55,2017,60,0.9710144927536232,0.5234375,0.5153846153846153,TRUE,TRUE,128,-0.5304679901836684,0.01041921041921042,-0.5268156670455696,0.0028916929281007377
55,2018,79,0.671875,0.8958333333333334,0.6231884057971014,TRUE,TRUE,96,-0.703164210165455,0.007443591532914631,-0.6942603522295748,0.0035877920385424204
55,2019,121,0.96875,0.62,0.6078431372549019,TRUE,TRUE,150,-0.5116460186975075,0.009796238244514107,-0.5928236970907786,0.0034427893400507375
55,2020,118,0.7133333333333334,0.9385964912280702,0.6815286624203821,TRUE,TRUE,114,-0.5360452874220288,0.006848080735267616,-0.6172406685490592,0.0026090231808639044
55,2021,93,0.8859649122807017,0.8938053097345132,0.8015873015873016,TRUE,TRUE,113,-0.18972986718407,0.006162067837277784,-0.27058848229477184,4.511750639555268e-4
55,2022,115,0.8849557522123894,1,0.8849557522123894,TRUE,TRUE,100,-0.2538896949543492,0.005241914347119568,-0.302956559338917,4.8111693057857494e-4
55,2023,82,0.4,0.975609756097561,0.39603960396039606,FALSE,FALSE,41,-0.44495292744363374,0.0020971867007672632,-0.5928479884589418,7.370955618522944e-4
55,2024,92,1,0.23563218390804597,0.23563218390804597,FALSE,FALSE,174,-0.6371365221738221,0.008997828110456097,-0.5900239760577417,0.0031323985347088456
56,2016,56,NA,NA,NA,TRUE,TRUE,77,-0.7436547036207917,0.007037747920665387,-0.7854296531625797,0.004341584862916182
56,2017,38,0.8571428571428571,0.9565217391304348,0.825,TRUE,TRUE,69,-1.2155072878755337,0.005616605616605617,-1.2118549647374348,0.008248504634396019
56,2018,63,0.9420289855072463,0.9154929577464789,0.8666666666666667,TRUE,TRUE,71,-0.9744643123401091,0.005505156237884779,-0.9655604544042289,0.005132495647728957
56,2019,88,0.9577464788732394,0.9315068493150684,0.8947368421052632,TRUE,TRUE,73,-0.762515953685311,0.0047675026123301985,-0.8436936320785822,0.003393598678887562
56,2020,74,0.9041095890410958,0.8918918918918919,0.8148148148148148,TRUE,TRUE,74,-1.394748686369544,0.00444524538955968,-1.4759440674965745,0.00968357096702088
56,2021,50,0.9594594594594594,0.9342105263157895,0.8987341772151899,TRUE,TRUE,76,-1.3483777851097647,0.004144399607372669,-1.4292364002204665,0.008465834238540297
56,2022,80,0.9605263157894737,0.9605263157894737,0.9240506329113924,TRUE,TRUE,76,-1.1773779770841355,0.003983854903810872,-1.2264448414687033,0.005992382876581991
56,2023,128,0.9342105263157895,0.9594594594594594,0.8987341772151899,TRUE,TRUE,74,-0.6799710964598427,0.0037851662404092073,-0.8278661574751508,0.0025942105231333843
56,2024,101,0.972972972972973,0.96,0.935064935064935,TRUE,TRUE,75,-1.1079303967779064,0.003878374185541421,-1.060817850661826,0.004364468322536365
57,2016,57,NA,NA,NA,TRUE,TRUE,92,0.411960726956302,0.008408737775340463,0.37018577741451386,0.001152312485293748
57,2017,66,0.8260869565217391,0.8539325842696629,0.7238095238095238,TRUE,TRUE,89,0.38022932633786294,0.007244607244607244,0.3838816494759618,0.001067602421781871
57,2018,92,0.43820224719101125,0.6190476190476191,0.34513274336283184,FALSE,FALSE,63,0.18888208163257933,0.004884856943475227,0.1977859395684595,1.9109207622948233e-4
57,2019,128,0.8888888888888888,0.7088607594936709,0.6511627906976745,FALSE,FALSE,79,0.35790356365232023,0.005159352142110763,0.27672588525904906,3.950888212003623e-4
57,2020,115,0.9620253164556962,0.7037037037037037,0.6846846846846847,FALSE,FALSE,108,0.5101397707603358,0.006487655433411426,0.42894438963330533,0.0011936850636734546
57,2021,117,0.6759259259259259,0.8690476190476191,0.6134453781512605,FALSE,FALSE,84,0.7218608826916681,0.004580652197622424,0.6410022675809663,0.0018821162717685151
57,2022,146,0.9761904761904762,0.9213483146067416,0.9010989010989011,FALSE,FALSE,89,0.5606668811556499,0.004665303768936415,0.5116000167710821,0.0012210713092863272
57,2023,151,0.9438202247191011,0.9545454545454546,0.9032258064516129,FALSE,FALSE,88,0.8477712265617555,0.004501278772378516,0.6998761655464474,0.002204846288736565
57,2024,132,0.9545454545454546,0.8076923076923077,0.7777777777777778,FALSE,FALSE,104,-0.04650333497154299,0.005378012203950771,6.09211144537436e-4,1.9959858691372286e-9
58,2016,58,NA,NA,NA,TRUE,TRUE,148,-0.20746066264750207,0.013527099899460744,-0.2492356121892902,8.40281672309551e-4
58,2017,45,0.7635135135135135,0.773972602739726,0.6243093922651933,TRUE,TRUE,146,-0.026318824070311962,0.011884411884411885,-0.02266650093221309,6.105857437400283e-6
58,2018,81,0.8356164383561644,0.8840579710144928,0.7530864197530864,TRUE,TRUE,138,0.07339235930742417,0.010700162828564782,0.08229621724330434,7.246864367006945e-5
58,2019,34,0.9710144927536232,0.7362637362637363,0.7204301075268817,TRUE,TRUE,182,0.04912931137327426,0.011886102403343783,-0.03204836701999692,1.2208189969567242e-5
58,2020,106,0.8461538461538461,0.875,0.7549019607843137,TRUE,TRUE,176,0.023379839395992946,0.010572475521114916,-0.05781554173103749,3.5339946438096204e-5
58,2021,95,0.9829545454545454,0.8963730569948186,0.8826530612244898,TRUE,TRUE,193,0.04571621097128398,0.01052459373977533,-0.03514240413941787,1.2997752958814897e-5
58,2022,112,0.9378238341968912,0.923469387755102,0.8701923076923077,TRUE,TRUE,196,0.13397785115352237,0.010274152120354353,0.08491098676895459,7.407535944431546e-5
58,2023,121,0.8367346938775511,0.9318181818181818,0.7884615384615384,TRUE,TRUE,176,0.16696789112183588,0.009002557544757032,0.01907283010652777,3.2748859997930997e-6
58,2024,141,0.8409090909090909,0.9487179487179487,0.8043478260869565,TRUE,TRUE,156,0.1433272745527171,0.008067018305926156,0.19043982066879753,2.9256917707274526e-4
59,2016,59,NA,NA,NA,TRUE,TRUE,73,0.3309901130148717,0.006672150626085367,0.28921516347308357,5.580947799233762e-4
59,2017,65,0.958904109589041,0.7777777777777778,0.7526881720430108,TRUE,TRUE,90,0.0576910355684485,0.007326007326007326,0.06134335870654737,2.75678216659351e-5
59,2018,94,0.9333333333333333,0.8155339805825242,0.7706422018348624,TRUE,TRUE,103,0.45773255282517195,0.00798635341552299,0.4666364107610521,0.0017390247812932936
59,2019,129,0.8737864077669902,0.8571428571428571,0.7627118644067796,TRUE,TRUE,105,0.4062290996248517,0.006857366771159875,0.32505142123158054,7.245385825947226e-4
59,2020,159,0.9047619047619048,0.8796296296296297,0.8050847457627118,TRUE,TRUE,108,0.2203136474639572,0.006487655433411426,0.13911826633692675,1.2556138277695355e-4
59,2021,171,0.9444444444444444,0.864406779661017,0.8225806451612904,TRUE,TRUE,118,0.3848613313727047,0.00643472570618388,0.3040027162620028,5.946822377779334e-4
59,2022,161,0.923728813559322,0.8449612403100775,0.7898550724637681,TRUE,TRUE,129,-0.041149180501928784,0.0067620695077842425,-0.09021604488649657,5.503604253237642e-5
59,2023,181,0.9457364341085271,0.7176470588235294,0.6892655367231638,TRUE,TRUE,170,0.181446846002116,0.008695652173913044,0.03355178498680789,9.788889354791192e-6
59,2024,177,0.7588235294117647,0.9416058394160584,0.7247191011235955,TRUE,TRUE,137,-0.018289202624763426,0.0070844968455889955,0.028823343491317002,5.885694632977926e-6
60,2016,60,NA,NA,NA,TRUE,TRUE,52,-1.4900601104889613,0.004752764829540262,-1.5318350600307493,0.011152451316995639
60,2017,37,0.4423076923076923,0.323943661971831,0.23,FALSE,FALSE,71,-0.8940570839439458,0.005779405779405779,-0.890404760805847,0.0045820321776691856
60,2018,62,0.8450704225352113,0.7692307692307693,0.6741573033707865,FALSE,FALSE,78,-0.5218193120236151,0.006047918120493138,-0.5129154540877349,0.001591099985832219
60,2019,78,0.6410256410256411,0.8771929824561403,0.5882352941176471,FALSE,FALSE,57,-0.39378432147007186,0.0037225705329153604,-0.47496199986334303,8.39770596584941e-4
60,2020,85,0.07017543859649122,0.13333333333333333,0.04819277108433735,FALSE,FALSE,30,-1.3270088600171681,0.0018021265092809514,-1.4082042411441986,0.0035736874838286324
60,2021,43,0.9666666666666667,0.32222222222222224,0.31868131868131866,FALSE,FALSE,90,-0.722208373212936,0.00490784164030974,-0.8030669883236378,0.0031651484838132733
60,2022,99,0.8444444444444444,0.8539325842696629,0.7378640776699029,FALSE,FALSE,89,-1.095648599412316,0.004665303768936415,-1.1447154637968837,0.0061132903958672005
60,2023,123,0.9101123595505618,0.9529411764705882,0.8709677419354839,FALSE,FALSE,85,-0.8483426939929466,0.004347826086956522,-0.9962377550082547,0.004315172454364728
60,2024,96,0.6823529411764706,0.8923076923076924,0.6304347826086957,FALSE,FALSE,65,-0.9023271031715582,0.0033612576274692314,-0.8552145570554778,0.0024583967322874033
61,2016,61,NA,NA,NA,TRUE,TRUE,72,-0.29108749128771794,0.006580751302440362,-0.33286244082950606,7.291301640689427e-4
61,2017,44,0.9027777777777778,0.8125,0.7471264367816092,TRUE,TRUE,80,-0.4515348144556292,0.006512006512006512,-0.44788249131753033,0.0013063002101997402
61,2018,64,0.8875,0.8352941176470589,0.7553191489361702,TRUE,TRUE,85,-0.36439209971407693,0.006590680003101496,-0.35548824177819677,8.328766886575996e-4
61,2019,80,0.9294117647058824,0.541095890410959,0.5197368421052632,TRUE,TRUE,146,-0.2090148961000881,0.009535005224660397,-0.2901925744933593,8.02959288303177e-4
61,2020,70,0.8356164383561644,0.8472222222222222,0.7261904761904762,TRUE,TRUE,144,0.004819510745035042,0.008650207244548567,-0.07637587038199539,5.045902535180272e-5
61,2021,51,0.6527777777777778,0.9690721649484536,0.6394557823129252,TRUE,TRUE,97,-0.05947203316074445,0.005289562656778274,-0.1403306482714463,1.0416572210140607e-4
61,2022,82,0.8247422680412371,0.8695652173913043,0.7339449541284404,TRUE,TRUE,92,-0.5270137871810598,0.004822561199350003,-0.5760806515656276,0.0016004581629166842
61,2023,129,0.8586956521739131,0.79,0.6991150442477876,TRUE,TRUE,100,-0.2399168458642183,0.005115089514066497,-0.3878119068795264,7.692996169694857e-4
61,2024,106,0.76,0.9047619047619048,0.7037037037037037,TRUE,TRUE,84,-0.29262823364682505,0.004343779087806391,-0.24551568753074463,0.00026183411093134323
62,2016,62,NA,NA,NA,TRUE,TRUE,57,0.5366902171240603,0.005209761447765287,0.49491526758227217,0.0012760848148161803
62,2017,53,0.5964912280701754,0.8095238095238095,0.5230769230769231,TRUE,TRUE,42,-0.06616268198917398,0.003418803418803419,-0.0625103588510751,1.3359128080992078e-5
62,2018,68,0.047619047619047616,0.022988505747126436,0.015748031496062992,FALSE,FALSE,87,0.2212886257092308,0.006745754826703885,0.23019248364511097,3.5744796610245075e-4
62,2019,85,0.7931034482758621,0.6571428571428571,0.5609756097560976,FALSE,FALSE,105,0.6872675059716064,0.006857366771159875,0.6060898275783352,0.0025190185674544992
62,2020,94,0.9428571428571428,0.7734375,0.7388059701492538,FALSE,FALSE,128,0.5674896367418615,0.0076890731062653934,0.48629425561483103,0.0018183281786285682
62,2021,100,0.7109375,0.9285714285714286,0.674074074074074,FALSE,FALSE,98,0.18519532677264064,0.005344094230559494,0.1043367116619388,5.817660820382824e-5
62,2022,130,0.9489795918367347,0.8857142857142857,0.8454545454545455,FALSE,FALSE,105,0.40665687303539366,0.005504010064475547,0.35759000865082585,7.038011479857557e-4
62,2023,132,0.9523809523809523,0.8849557522123894,0.847457627118644,FALSE,FALSE,113,0.726878151198742,0.005780051150895141,0.5789830901834339,0.0019375969470677489
62,2024,104,0.8141592920353983,0.968421052631579,0.7931034482758621,FALSE,FALSE,95,0.3044752362481132,0.0049126073016858,0.35158778236419364,6.072668852641586e-4
63,2016,63,NA,NA,NA,TRUE,TRUE,320,0.12912685588406958,0.02924778356640161,0.08735190634228146,2.231709874163082e-4
63,2017,87,0.884375,0.555992141453831,0.5183150183150184,TRUE,TRUE,509,0.12055733799567173,0.041432641432641436,0.1242096611337706,6.392244459710019e-4
63,2018,110,0.9096267190569745,0.5853350189633375,0.5531660692951016,TRUE,TRUE,791,0.04312747246620064,0.06133209273474451,0.052031330402080814,1.6604188110705629e-4
63,2019,136,0.7825537294563844,0.8220451527224436,0.6691891891891892,TRUE,TRUE,753,-0.005378763906089742,0.049177115987460815,-0.08655644229936092,3.6843582358624057e-4
63,2020,124,0.9136786188579017,0.7944572748267898,0.7389903329752954,TRUE,TRUE,866,-0.052220173706938836,0.0520213852345768,-0.13341555483396927,9.259655851056632e-4
63,2021,158,0.8926096997690531,0.8695163104611924,0.7871690427698574,TRUE,TRUE,889,0.05128153468775006,0.048478569091503984,-0.029577080422951783,4.240923095001519e-5
63,2022,173,0.9257592800899888,0.8288016112789527,0.777148253068933,TRUE,TRUE,993,0.4404618241265983,0.05205220946689731,0.3913949597420305,0.00797387872358785
63,2023,208,0.7311178247734139,0.928388746803069,0.6920877025738799,TRUE,TRUE,782,0.4523185703963999,0.04,0.30442350938109175,0.0037069469225559865
63,2024,197,0.8081841432225064,0.8839160839160839,0.730635838150289,TRUE,TRUE,715,0.5021777869230593,0.036973833902161544,0.5492903330391397,0.011155740357261764
64,2016,64,NA,NA,NA,TRUE,TRUE,62,0.04635102605969994,0.005666758065990311,0.00457607651791183,1.1866461296614674e-7
64,2017,34,0.6129032258064516,0.2261904761904762,0.19791666666666666,TRUE,FALSE,168,0.05319019326402626,0.013675213675213675,0.056842516402125134,4.418559549984089e-5
64,2018,75,0.9226190476190477,0.8806818181818182,0.8201058201058201,TRUE,FALSE,176,-0.04509525322472997,0.013646584477010157,-0.036191395288849806,1.7874529608425622e-5
64,2019,90,0.9488636363636364,0.8743455497382199,0.835,TRUE,FALSE,191,0.3273422889097835,0.012473876698014629,0.24616461051651234,7.558796992497732e-4
64,2020,109,0.9528795811518325,0.914572864321608,0.875,TRUE,FALSE,199,0.4306182748583422,0.011954105844896978,0.34942289373131175,0.0014595527947407433
64,2021,120,0.5527638190954773,0.9649122807017544,0.541871921182266,TRUE,FALSE,114,-0.3376675694134356,0.006216599411059003,-0.4185261845241375,0.0010889254582334984
64,2022,144,0.9736842105263158,0.555,0.5467980295566502,TRUE,FALSE,200,-0.006455268015379093,0.010483828694239136,-0.05552213239994688,3.231857405501107e-5
64,2023,149,0.96,0.9056603773584906,0.8727272727272727,TRUE,FALSE,212,0.14809100812841647,0.010843989769820973,1.9594711310835788e-4,4.1635792740286017e-10
64,2024,145,0.4528301886792453,0.9896907216494846,0.4507042253521127,FALSE,FALSE,97,-0.33991728747604927,0.005016030613300238,-0.2928047413599688,4.3004746129895484e-4
65,2016,65,NA,NA,NA,TRUE,TRUE,85,-0.26156841015749105,0.007768942509825428,-0.30334335969927917,7.148762891198184e-4
65,2017,34,0.9411764705882353,0.47619047619047616,0.4624277456647399,TRUE,FALSE,168,0.05319019326402626,0.013675213675213675,0.056842516402125134,4.418559549984089e-5
65,2018,75,0.9226190476190477,0.8806818181818182,0.8201058201058201,TRUE,FALSE,176,-0.04509525322472997,0.013646584477010157,-0.036191395288849806,1.7874529608425622e-5
65,2019,90,0.9488636363636364,0.8743455497382199,0.835,TRUE,FALSE,191,0.3273422889097835,0.012473876698014629,0.24616461051651234,7.558796992497732e-4
65,2020,109,0.9528795811518325,0.914572864321608,0.875,TRUE,FALSE,199,0.4306182748583422,0.011954105844896978,0.34942289373131175,0.0014595527947407433
65,2021,120,0.5527638190954773,0.9649122807017544,0.541871921182266,TRUE,FALSE,114,-0.3376675694134356,0.006216599411059003,-0.4185261845241375,0.0010889254582334984
65,2022,144,0.9736842105263158,0.555,0.5467980295566502,TRUE,FALSE,200,-0.006455268015379093,0.010483828694239136,-0.05552213239994688,3.231857405501107e-5
65,2023,149,0.96,0.9056603773584906,0.8727272727272727,TRUE,FALSE,212,0.14809100812841647,0.010843989769820973,1.9594711310835788e-4,4.1635792740286017e-10
65,2024,145,0.4528301886792453,0.9896907216494846,0.4507042253521127,FALSE,FALSE,97,-0.33991728747604927,0.005016030613300238,-0.2928047413599688,4.3004746129895484e-4
66,2016,66,NA,NA,NA,TRUE,TRUE,91,-0.05357487430352488,0.008317338451695458,-0.09534982384531299,7.561782200596214e-5
66,2017,91,0.978021978021978,0.6267605633802817,0.6180555555555556,TRUE,TRUE,142,-0.23587055040223032,0.011558811558811558,-0.23221822726413144,6.233124395982746e-4
66,2018,82,0.9647887323943662,0.9194630872483222,0.8896103896103896,TRUE,TRUE,149,0.05119399612256295,0.011553074358377918,0.06009785405844312,4.1726840141277755e-5
66,2019,137,0.9865771812080537,0.7424242424242424,0.735,TRUE,TRUE,198,-0.523326740055166,0.01293103448275862,-0.6045044184484372,0.004725330930047628
66,2020,119,0.7929292929292929,0.9345238095238095,0.7511961722488039,TRUE,TRUE,168,-0.011841042514796543,0.010091908451973329,-0.09303642364182699,8.735330022480522e-5
66,2021,102,0.9166666666666666,0.8901734104046243,0.8235294117647058,TRUE,TRUE,173,0.08088390998590526,0.009433962264150943,2.5294875203418776e-5,6.0361387882691514e-12
66,2022,128,0.8901734104046243,0.9506172839506173,0.850828729281768,TRUE,TRUE,162,-0.7920969504838163,0.0084919012423337,-0.8411638148683841,0.006008500460130899
66,2023,86,0.9567901234567902,0.950920245398773,0.9117647058823529,TRUE,TRUE,163,-0.18252394731188093,0.008337595907928388,-0.33041900832718907,9.102713827836038e-4
66,2024,94,0.9754601226993865,0.9408284023668639,0.9190751445086706,TRUE,TRUE,169,-0.08646134981954812,0.008739269831420001,-0.03934880370346769,1.353125926357904e-5
67,2016,67,NA,NA,NA,TRUE,TRUE,31,-0.5323189239775633,0.0028333790329951557,-0.5740938735193514,9.338357594357045e-4
67,2017,90,0.6451612903225806,0.19230769230769232,0.17391304347826086,TRUE,FALSE,104,-0.6653033177776274,0.008465608465608466,-0.6616509946395286,0.003706091332973355
67,2018,86,0.6442307692307693,0.7362637362637363,0.5234375,TRUE,FALSE,91,-1.0369785094365294,0.007055904473908661,-1.0280746515006491,0.007457649957687406
67,2019,138,0.9560439560439561,0.6744186046511628,0.6541353383458647,TRUE,FALSE,129,-0.4027561276045998,0.008424764890282132,-0.48393380599787095,0.0019730119375521464
67,2020,122,0.8837209302325582,0.912,0.8142857142857143,TRUE,FALSE,125,-0.41793346729206454,0.007508860455337298,-0.499128848419095,0.0018706794566901838
67,2021,101,0.928,0.90625,0.8467153284671532,TRUE,FALSE,128,-0.23581831883164647,0.006980041443996074,-0.3166769339423483,6.999884340093894e-4
67,2022,120,0.9375,0.9022556390977443,0.851063829787234,TRUE,FALSE,133,-0.1555447702712262,0.006971746081669026,-0.204611634655794,2.918785709417961e-4
67,2023,87,0.9699248120300752,0.7247191011235955,0.7087912087912088,TRUE,FALSE,178,0.22782752214427932,0.009104859335038363,0.0799324611289712,5.817275216879487e-5
67,2024,95,0.7640449438202247,0.9577464788732394,0.7391304347826086,TRUE,FALSE,142,-0.7327655853588251,0.007343055124625091,-0.6856530392427447,0.0034521177376998355
68,2016,68,NA,NA,NA,TRUE,TRUE,48,-0.524729395439199,0.004387167534960241,-0.5665043449809871,0.0014079612739559626
68,2017,90,0.9583333333333334,0.4423076923076923,0.4339622641509434,TRUE,FALSE,104,-0.6653033177776274,0.008465608465608466,-0.6616509946395286,0.003706091332973355
68,2018,86,0.6442307692307693,0.7362637362637363,0.5234375,TRUE,FALSE,91,-1.0369785094365294,0.007055904473908661,-1.0280746515006491,0.007457649957687406
68,2019,138,0.9560439560439561,0.6744186046511628,0.6541353383458647,TRUE,FALSE,129,-0.4027561276045998,0.008424764890282132,-0.48393380599787095,0.0019730119375521464
68,2020,122,0.8837209302325582,0.912,0.8142857142857143,TRUE,FALSE,125,-0.41793346729206454,0.007508860455337298,-0.499128848419095,0.0018706794566901838
68,2021,101,0.928,0.90625,0.8467153284671532,TRUE,FALSE,128,-0.23581831883164647,0.006980041443996074,-0.3166769339423483,6.999884340093894e-4
68,2022,120,0.9375,0.9022556390977443,0.851063829787234,TRUE,FALSE,133,-0.1555447702712262,0.006971746081669026,-0.204611634655794,2.918785709417961e-4
68,2023,87,0.9699248120300752,0.7247191011235955,0.7087912087912088,TRUE,FALSE,178,0.22782752214427932,0.009104859335038363,0.0799324611289712,5.817275216879487e-5
68,2024,95,0.7640449438202247,0.9577464788732394,0.7391304347826086,TRUE,FALSE,142,-0.7327655853588251,0.007343055124625091,-0.6856530392427447,0.0034521177376998355
69,2016,69,NA,NA,NA,TRUE,TRUE,51,0.608069893588879,0.004661365505895256,0.5662949440470909,0.001494853134660286
69,2017,74,0.9607843137254902,0.46226415094339623,0.4537037037037037,TRUE,FALSE,106,0.7043029335325723,0.008628408628408628,0.7079552566706712,0.004324563973744355
69,2018,73,0.6415094339622641,0.7311827956989247,0.5190839694656488,TRUE,FALSE,93,0.3256412399622143,0.007210979297511049,0.33454509789809445,8.070558498155416e-4
69,2019,65,0.8924731182795699,0.49700598802395207,0.4689265536723164,TRUE,FALSE,167,0.02900502303569639,0.010906478578892372,-0.05217265535757479,2.968728164178855e-5
69,2020,97,0.6646706586826348,0.6851851851851852,0.5091743119266054,TRUE,FALSE,162,0.479758209857774,0.009731483150117138,0.39856282873074356,0.001545868757627682
69,2021,108,0.5123456790123457,0.5286624203821656,0.3516949152542373,TRUE,FALSE,157,-0.1693918790153638,0.008561457083651434,-0.25025049412606565,5.361639022916012e-4
69,2022,104,0.9235668789808917,0.9539473684210527,0.8841463414634146,TRUE,FALSE,152,1.6574975002905379,0.007967709807621744,1.6084306359059701,0.02061285657069635
69,2023,45,0.9407894736842105,0.8773006134969326,0.8313953488372093,TRUE,FALSE,163,0.07625703422069136,0.008337595907928388,-0.07163802679461675,4.2788599587379805e-5
69,2024,47,0.9141104294478528,0.9254658385093167,0.8514285714285714,TRUE,FALSE,161,0.2801586702359582,0.00832557658496225,0.3272712163520386,8.917229443303029e-4
70,2016,70,NA,NA,NA,TRUE,TRUE,110,0.1102546980796112,0.010053925600950553,0.0684797485378231,4.714764240731043e-5
70,2017,75,0.7090909090909091,0.7358490566037735,0.5652173913043478,TRUE,TRUE,106,-0.18817405231426385,0.008628408628408628,-0.18452172917616497,2.9378237403705076e-4
70,2018,74,0.8018867924528302,0.625,0.5414012738853503,TRUE,TRUE,136,0.201050778121129,0.010545088004962394,0.20995463605700918,4.648374886755866e-4
70,2019,67,0.6470588235294118,0.8148148148148148,0.5641025641025641,TRUE,TRUE,108,-0.11363433494249148,0.007053291536050157,-0.19481201333576265,2.676845492628529e-4
70,2020,99,0.8333333333333334,0.7258064516129032,0.6338028169014085,TRUE,TRUE,124,-0.0948580335983719,0.0074487895716946,-0.17605341472540234,2.308737790426407e-4
70,2021,114,0.7741935483870968,0.5853658536585366,0.5,TRUE,TRUE,164,0.2506215458033035,0.00894317810011997,0.16976293069260162,2.5773749768371327e-4
70,2022,118,0.5182926829268293,0.9444444444444444,0.5029585798816568,TRUE,TRUE,90,0.2682662078497969,0.004717722912407611,0.2191993434652291,2.266788119621991e-4
70,2023,187,0.7888888888888889,0.8255813953488372,0.6761904761904762,TRUE,TRUE,86,0.03343696660094153,0.004398976982097186,-0.11445809441436658,5.7629481453670205e-5
70,2024,155,0.8953488372093024,0.5620437956204379,0.5273972602739726,TRUE,TRUE,137,0.20989697543188576,0.0070844968455889955,0.2570095215479662,4.6795860486012437e-4
71,2016,71,NA,NA,NA,TRUE,TRUE,58,-0.44244500857574565,0.005301160771410292,-0.48421995811753377,0.001242957694423003
71,2017,35,0.6379310344827587,0.5522388059701493,0.42045454545454547,TRUE,FALSE,67,-0.3511403927615386,0.005453805453805454,-0.3474880696234397,6.585358747701946e-4
71,2018,93,0.5522388059701493,1,0.5522388059701493,TRUE,FALSE,37,-0.13798408668349207,0.0028688842366441807,-0.1290802287476119,4.7800504131257284e-5
71,2019,122,1,0.8809523809523809,0.8809523809523809,TRUE,FALSE,42,-0.566400221821286,0.00274294670846395,-0.6475779002145572,0.001150274278183411
71,2020,150,0.8809523809523809,0.8222222222222222,0.74,TRUE,FALSE,45,-0.3735048932475849,0.0027031897639214274,-0.45470027437461535,5.588908078474063e-4
71,2021,169,0.8444444444444444,0.8636363636363636,0.7450980392156863,TRUE,FALSE,44,-0.40787173094123486,0.0023993892463736502,-0.4887303460519367,5.731117597715136e-4
71,2022,162,0.8409090909090909,0.8604651162790697,0.74,TRUE,FALSE,43,-0.6136020079560067,0.0022540231692614143,-0.6626688723405745,9.89809271786577e-4
71,2023,181,0.4883720930232558,0.12352941176470589,0.109375,FALSE,FALSE,170,0.181446846002116,0.008695652173913044,0.03355178498680789,9.788889354791192e-6
71,2024,177,0.7588235294117647,0.9416058394160584,0.7247191011235955,FALSE,FALSE,137,-0.018289202624763426,0.0070844968455889955,0.028823343491317002,5.885694632977926e-6
72,2016,72,NA,NA,NA,TRUE,TRUE,76,-0.2652011741726577,0.006946348597020382,-0.3069761237144458,6.545845791368935e-4
72,2017,59,0.8947368421052632,0.7391304347826086,0.68,TRUE,TRUE,92,-0.11455696306808424,0.0074888074888074885,-0.11090463992998537,9.211112759755578e-5
72,2018,70,0.8152173913043478,0.7575757575757576,0.646551724137931,TRUE,TRUE,99,-0.9287353097739733,0.007676203768318213,-0.9198314518380931,0.0064947584771083856
72,2019,75,0.8787878787878788,0.8446601941747572,0.7565217391304347,TRUE,TRUE,103,0.11209200624477629,0.00672675026123302,0.030914327851505108,6.428726074357724e-6
72,2020,128,0.883495145631068,0.8666666666666667,0.7777777777777778,TRUE,TRUE,105,0.3895211359156926,0.006307442782483331,0.30832575478866214,5.996156041286606e-4
72,2021,123,0.9619047619047619,0.8632478632478633,0.8347107438016529,TRUE,TRUE,117,-0.313572197356632,0.006380194132402661,-0.39443081246733386,9.926029502326321e-4
72,2022,145,0.8461538461538461,0.9252336448598131,0.792,TRUE,TRUE,107,0.13692455667570322,0.005608848351417938,0.08785769229113544,4.329455512582957e-5
72,2023,146,0.9439252336448598,0.8416666666666667,0.8015873015873016,TRUE,TRUE,120,0.006847192993614845,0.006138107416879796,-0.14104786802169328,1.221145845941586e-4
72,2024,159,0.4583333333333333,1,0.4583333333333333,FALSE,FALSE,55,-0.015670450461974447,0.002844141069397042,0.03144209565410598,2.8117331601875718e-6
73,2016,73,NA,NA,NA,TRUE,TRUE,69,0.44302262036624673,0.006306553331505347,0.4012476708244586,0.0010153531524176643
73,2017,62,0.8115942028985508,0.8,0.6746987951807228,TRUE,TRUE,70,0.2545182894562685,0.005698005698005698,0.25817061259436735,3.7978384733533283e-4
73,2018,67,0.8571428571428571,0.7317073170731707,0.6521739130434783,TRUE,TRUE,82,0.5181478233910923,0.006358067767697914,0.5270516813269726,0.0017661661574588097
73,2019,84,0.6341463414634146,0.7878787878787878,0.5416666666666666,TRUE,TRUE,66,0.23708941452566196,0.004310344827586207,0.1559117361323908,1.0477788561989764e-4
73,2020,95,0.8484848484848485,0.9655172413793104,0.8235294117647058,TRUE,TRUE,58,0.6133114766976067,0.0034841112512765064,0.5321160955705763,9.865175269769886e-4
73,2021,89,0.9655172413793104,0.9032258064516129,0.875,TRUE,TRUE,62,0.6248637207134361,0.003380957574435598,0.5440051056027343,0.0010005658417032506
73,2022,131,0.9516129032258065,0.8939393939393939,0.855072463768116,TRUE,TRUE,66,0.5111562785886851,0.003459663469098915,0.46208941420411725,7.387302701413891e-4
73,2023,130,0.9545454545454546,0.875,0.84,TRUE,TRUE,72,0.41822835940701275,0.0036828644501278773,0.2703332983917046,2.691440736466683e-4
73,2024,100,0.9583333333333334,0.9324324324324325,0.8961038961038961,TRUE,TRUE,74,0.712403152417061,0.003826662529734202,0.7595156985331414,0.0022074642221301655
74,2016,74,NA,NA,NA,TRUE,TRUE,69,0.2448454362053762,0.006306553331505347,0.20307048666358807,2.6006726589994226e-4
74,2017,71,0.5797101449275363,0.5263157894736842,0.38095238095238093,TRUE,FALSE,76,0.4509173167712731,0.006186406186406187,0.454569639909372,0.0012783191186062307
74,2018,68,0.6052631578947368,0.5287356321839081,0.39316239316239315,TRUE,FALSE,87,0.2212886257092308,0.006745754826703885,0.23019248364511097,3.5744796610245075e-4
74,2019,85,0.7931034482758621,0.6571428571428571,0.5609756097560976,TRUE,FALSE,105,0.6872675059716064,0.006857366771159875,0.6060898275783352,0.0025190185674544992
74,2020,94,0.9428571428571428,0.7734375,0.7388059701492538,TRUE,FALSE,128,0.5674896367418615,0.0076890731062653934,0.48629425561483103,0.0018183281786285682
74,2021,100,0.7109375,0.9285714285714286,0.674074074074074,TRUE,FALSE,98,0.18519532677264064,0.005344094230559494,0.1043367116619388,5.817660820382824e-5
74,2022,130,0.9489795918367347,0.8857142857142857,0.8454545454545455,TRUE,FALSE,105,0.40665687303539366,0.005504010064475547,0.35759000865082585,7.038011479857557e-4
74,2023,132,0.9523809523809523,0.8849557522123894,0.847457627118644,TRUE,FALSE,113,0.726878151198742,0.005780051150895141,0.5789830901834339,0.0019375969470677489
74,2024,104,0.8141592920353983,0.968421052631579,0.7931034482758621,TRUE,FALSE,95,0.3044752362481132,0.0049126073016858,0.35158778236419364,6.072668852641586e-4
75,2016,75,NA,NA,NA,TRUE,TRUE,191,-0.35710615381696703,0.01745727081619596,-0.39888110335875515,0.002777558880521826
75,2017,69,0.7015706806282722,0.2809224318658281,0.250936329588015,TRUE,FALSE,477,-0.19682888508389493,0.03882783882783883,-0.19317656194579605,0.0014489456091688591
75,2018,97,0.49056603773584906,0.612565445026178,0.3744,FALSE,FALSE,382,-0.19880820806771823,0.02961929130805614,-0.18990435013183807,0.0010681801163073875
75,2019,141,0.2591623036649215,0.7674418604651163,0.24029126213592233,FALSE,FALSE,129,-0.17169090009337729,0.008424764890282132,-0.25286857848664845,5.387006805234926e-4
75,2020,129,0.9457364341085271,0.5258620689655172,0.5104602510460251,FALSE,FALSE,232,-0.41990797047143413,0.013936445005106025,-0.5011033515984645,0.0034995050161654192
75,2021,122,0.9310344827586207,0.8244274809160306,0.7769784172661871,FALSE,FALSE,262,-0.36568023200419963,0.014287272330679463,-0.4465388471149015,0.0028488384120116048
75,2022,149,0.8854961832061069,0.8721804511278195,0.7837837837837838,FALSE,FALSE,266,-0.12413139333593275,0.013943492163338051,-0.17319825772050054,4.182718091415266e-4
75,2023,152,0.9285714285714286,0.8260869565217391,0.7767295597484277,FALSE,FALSE,299,-0.4848815553375629,0.015294117647058824,-0.632776616352871,0.006123860236045706
75,2024,170,0.5752508361204013,0.9828571428571429,0.5695364238410596,FALSE,FALSE,175,-0.12283789952545997,0.009049539766263315,-0.07572535340937954,5.189303966649602e-5
76,2016,76,NA,NA,NA,TRUE,TRUE,61,0.05881994968795555,0.005575358742345307,0.017045000146167437,1.6198202932962e-6
76,2017,52,0.7704918032786885,0.7966101694915254,0.6438356164383562,TRUE,TRUE,59,-0.22698816430707378,0.004802604802604802,-0.2233358411689749,2.3954863484644372e-4
76,2018,76,0.8983050847457628,0.5247524752475248,0.4953271028037383,TRUE,FALSE,101,-0.011079210050308017,0.007831278591920602,-0.0021753521144278476,3.70588384117482e-8
76,2019,101,0.900990099009901,0.6842105263157895,0.6363636363636364,TRUE,FALSE,133,-0.2428428626379853,0.00868599791013584,-0.3240205410312565,9.119369360210963e-4
76,2020,100,0.6240601503759399,0.9021739130434783,0.5845070422535211,TRUE,FALSE,92,0.11075210276353081,0.005526521295128251,0.029556721636500374,4.827967864394569e-6
76,2021,98,0.8586956521739131,0.8144329896907216,0.7181818181818181,TRUE,FALSE,97,-0.5128417545217291,0.005289562656778274,-0.5937003696324309,0.0018644657270947458
76,2022,133,0.8144329896907216,0.8681318681318682,0.7247706422018348,TRUE,FALSE,91,-0.4791577192380088,0.004770142055878807,-0.5282245836225766,0.0013309708118485737
76,2023,139,0.6703296703296703,0.8714285714285714,0.61,TRUE,FALSE,70,-0.2685894285008651,0.0035805626598465474,-0.41648448951617323,6.21082000027024e-4
76,2024,139,0.9571428571428572,0.6836734693877551,0.6633663366336634,TRUE,FALSE,98,-0.29749967211844974,0.005067742269107457,-0.25038712600236934,3.1771557870706305e-4
77,2016,77,NA,NA,NA,TRUE,TRUE,31,0.2997231178791986,0.0028333790329951557,0.25794816833741047,1.8852527045127286e-4
77,2017,73,0.03225806451612903,9.328358208955224e-4,9.074410163339383e-4,FALSE,FALSE,1072,0.26121560034757346,0.08726088726088727,0.26486792348567234,0.006121789019764594
77,2018,111,0.31156716417910446,0.36108108108108106,0.20084185207456404,FALSE,FALSE,925,0.3171892150504167,0.07172210591610452,0.32609307298629686,0.007626691504297345
77,2019,86,0.3708108108108108,0.3095667870036101,0.2029585798816568,FALSE,FALSE,1108,0.36667387670999624,0.07236154649947753,0.28549619831672507,0.005898050666970971
77,2020,142,0.3185920577617328,0.4363411619283066,0.22570332480818414,FALSE,FALSE,809,0.23436702044081664,0.04859734486694299,0.1531716393137862,0.001140169089437661
77,2021,126,0.4388133498145859,0.4339853300733496,0.27908805031446543,FALSE,FALSE,818,0.31518838932693793,0.044606827353037407,0.23432977421623608,0.0024493806545371317
77,2022,62,0.46577017114914426,0.4635036496350365,0.30262112787926926,FALSE,FALSE,822,0.2767286012001787,0.04308853593332285,0.22766173681561094,0.0022332730612223206
77,2023,91,0.4805352798053528,0.5683453237410072,0.3520499108734403,FALSE,FALSE,695,0.2885165606365365,0.03554987212276215,0.1406214996212284,7.029776101395185e-4
77,2024,46,0.4633093525179856,0.6018691588785047,0.35462555066079293,FALSE,FALSE,535,0.192202765746559,0.027665735856862137,0.23931531186263943,0.0015844670024394002
78,2016,78,NA,NA,NA,TRUE,TRUE,40,0.5957438306849654,0.003655972945800201,0.5539688811431773,0.0011219505393474955
78,2017,7,0.05,0.0010706638115631692,0.001049317943336831,FALSE,FALSE,1868,-3.607903131381592e-4,0.15205535205535206,0.0032915328249607137,1.6473963219372345e-6
78,2018,19,0.12955032119914348,0.8013245033112583,0.12551867219917012,FALSE,FALSE,302,0.1516819404209042,0.02341629836396061,0.16058579835678435,6.038547869608059e-4
78,2019,36,0.7350993377483444,0.7449664429530202,0.5873015873015873,FALSE,FALSE,298,0.12240579050180447,0.019461859979101357,0.04122811210853329,3.308043717045906e-5
78,2020,42,0.5704697986577181,0.8994708994708994,0.5362776025236593,FALSE,FALSE,189,0.5508407960683371,0.011353397008469995,0.4696454149413067,0.0025041826263920894
78,2021,76,0.7619047619047619,0.7461139896373057,0.6050420168067226,FALSE,FALSE,193,0.1605092040903223,0.01052459373977533,0.07965058897962045,6.67702994157751e-5
78,2022,88,0.5751295336787565,0.8604651162790697,0.5260663507109005,FALSE,FALSE,129,0.5049126463491789,0.0067620695077842425,0.45584578196461106,0.001405126782230208
78,2023,88,0.7364341085271318,0.6785714285714286,0.5459770114942529,FALSE,FALSE,140,-0.04005288134206411,0.007161125319693095,-0.18794794235737222,2.5296266317605196e-4
78,2024,69,0.6285714285714286,0.8,0.5432098765432098,FALSE,FALSE,110,-0.27462919632443145,0.005688282138794084,-0.22751665020835102,2.94447247565581e-4
79,2016,79,NA,NA,NA,TRUE,TRUE,98,-0.036283759262985237,0.008957133717210493,-0.07805870880477335,5.4577266976172495e-5
79,2017,69,0.8469387755102041,0.1740041928721174,0.16869918699186992,TRUE,FALSE,477,-0.19682888508389493,0.03882783882783883,-0.19317656194579605,0.0014489456091688591
79,2018,97,0.49056603773584906,0.612565445026178,0.3744,FALSE,FALSE,382,-0.19880820806771823,0.02961929130805614,-0.18990435013183807,0.0010681801163073875
79,2019,141,0.2591623036649215,0.7674418604651163,0.24029126213592233,FALSE,FALSE,129,-0.17169090009337729,0.008424764890282132,-0.25286857848664845,5.387006805234926e-4
79,2020,129,0.9457364341085271,0.5258620689655172,0.5104602510460251,FALSE,FALSE,232,-0.41990797047143413,0.013936445005106025,-0.5011033515984645,0.0034995050161654192
79,2021,122,0.9310344827586207,0.8244274809160306,0.7769784172661871,FALSE,FALSE,262,-0.36568023200419963,0.014287272330679463,-0.4465388471149015,0.0028488384120116048
79,2022,149,0.8854961832061069,0.8721804511278195,0.7837837837837838,FALSE,FALSE,266,-0.12413139333593275,0.013943492163338051,-0.17319825772050054,4.182718091415266e-4
79,2023,152,0.9285714285714286,0.8260869565217391,0.7767295597484277,FALSE,FALSE,299,-0.4848815553375629,0.015294117647058824,-0.632776616352871,0.006123860236045706
79,2024,170,0.5752508361204013,0.9828571428571429,0.5695364238410596,FALSE,FALSE,175,-0.12283789952545997,0.009049539766263315,-0.07572535340937954,5.189303966649602e-5
80,2016,80,NA,NA,NA,TRUE,TRUE,78,0.448031779141849,0.007129147244310392,0.4062568296000609,0.0011766273379528421
80,2017,27,0.9358974358974359,0.776595744680851,0.7373737373737373,TRUE,TRUE,94,0.5198946842220891,0.007651607651607652,0.5235470073601879,0.002097316896873098
80,2018,47,0.9361702127659575,0.7927927927927928,0.7521367521367521,TRUE,TRUE,111,0.45791233514365376,0.008606652709932543,0.4668161930795339,0.0018755390208157576
80,2019,57,0.8558558558558559,0.9047619047619048,0.7851239669421488,TRUE,TRUE,105,0.6838717965716623,0.006857366771159875,0.6026941181783911,0.002490871278024882
80,2020,84,0.9142857142857143,0.9056603773584906,0.8347826086956521,TRUE,TRUE,106,0.28961347364974965,0.0063675136661260285,0.2084180925227192,2.765927035997913e-4
80,2021,77,0.8773584905660378,0.8611111111111112,0.768595041322314,TRUE,TRUE,108,-0.1965065643026432,0.0058894099683716875,-0.27736517941334504,4.53080805818938e-4
80,2022,71,0.9537037037037037,0.911504424778761,0.8728813559322034,TRUE,TRUE,113,0.4054281597789445,0.005923363212245112,0.35636129539437666,7.522278729691711e-4
80,2023,125,0.911504424778761,0.944954128440367,0.865546218487395,TRUE,TRUE,109,0.25631488120812557,0.005575447570332481,0.10841982019281746,6.553859118977354e-5
80,2024,97,0.944954128440367,0.9196428571428571,0.8728813559322034,TRUE,TRUE,112,0.12894022925957013,0.005791705450408522,0.17605277537565056,1.7951147628278823e-4
81,2016,81,NA,NA,NA,TRUE,TRUE,40,0.16263786896059304,0.003655972945800201,0.12086291941880492,5.3405887178270844e-5
81,2017,68,0.95,0.6333333333333333,0.6129032258064516,TRUE,TRUE,60,-0.11117267965648191,0.004884004884004884,-0.10752035651838303,5.6462159051722546e-5
81,2018,87,0.85,0.8947368421052632,0.7727272727272727,TRUE,TRUE,57,-0.0687354505481673,0.004419632472668062,-0.05983159261228714,1.5821486395890012e-5
81,2019,116,0.8771929824561403,0.847457627118644,0.7575757575757576,TRUE,TRUE,59,-0.4637004482485103,0.003853187042842215,-0.5448781266417815,0.0011439810737112577
81,2020,104,0.9661016949152542,0.8507462686567164,0.8260869565217391,TRUE,TRUE,67,0.054072366194775394,0.004024749204060792,-0.027123014932255045,2.9608387045129525e-6
81,2021,85,0.9552238805970149,0.9411764705882353,0.9014084507042254,TRUE,TRUE,68,0.755179863721825,0.0037081470171229144,0.6743212486111232,0.0016861283646164014
81,2022,135,0.9411764705882353,0.8767123287671232,0.8311688311688312,TRUE,TRUE,73,-0.9684613276785912,0.0038265974733972846,-1.017528192063159,0.0039619198186277935
81,2023,145,0.9041095890410958,0.9428571428571428,0.8571428571428571,TRUE,TRUE,70,-0.4958849381517848,0.0035805626598465474,-0.6437799991670929,0.001483973816518197
81,2024,99,0.9571428571428572,0.9054054054054054,0.8701298701298701,TRUE,TRUE,74,-0.6088244072823371,0.003826662529734202,-0.5617118611662567,0.0012073893840179773
82,2016,82,NA,NA,NA,TRUE,TRUE,84,-0.4509761185274898,0.007677543186180422,-0.49275106806927793,0.0018641352405636405
82,2017,69,0.9047619047619048,0.15932914046121593,0.15670103092783505,TRUE,FALSE,477,-0.19682888508389493,0.03882783882783883,-0.19317656194579605,0.0014489456091688591
82,2018,97,0.49056603773584906,0.612565445026178,0.3744,FALSE,FALSE,382,-0.19880820806771823,0.02961929130805614,-0.18990435013183807,0.0010681801163073875
82,2019,141,0.2591623036649215,0.7674418604651163,0.24029126213592233,FALSE,FALSE,129,-0.17169090009337729,0.008424764890282132,-0.25286857848664845,5.387006805234926e-4
82,2020,129,0.9457364341085271,0.5258620689655172,0.5104602510460251,FALSE,FALSE,232,-0.41990797047143413,0.013936445005106025,-0.5011033515984645,0.0034995050161654192
82,2021,122,0.9310344827586207,0.8244274809160306,0.7769784172661871,FALSE,FALSE,262,-0.36568023200419963,0.014287272330679463,-0.4465388471149015,0.0028488384120116048
82,2022,149,0.8854961832061069,0.8721804511278195,0.7837837837837838,FALSE,FALSE,266,-0.12413139333593275,0.013943492163338051,-0.17319825772050054,4.182718091415266e-4
82,2023,152,0.9285714285714286,0.8260869565217391,0.7767295597484277,FALSE,FALSE,299,-0.4848815553375629,0.015294117647058824,-0.632776616352871,0.006123860236045706
82,2024,170,0.5752508361204013,0.9828571428571429,0.5695364238410596,FALSE,FALSE,175,-0.12283789952545997,0.009049539766263315,-0.07572535340937954,5.189303966649602e-5
83,2016,83,NA,NA,NA,TRUE,TRUE,50,-0.28426566105124684,0.004569966182250251,-0.32604061059303496,4.8579873757370926e-4
83,2017,92,0.84,0.8936170212765957,0.7636363636363637,TRUE,TRUE,47,-0.559232634620365,0.003825803825803826,-0.5555803114822662,0.001180908887083142
83,2018,107,0.8297872340425532,0.8478260869565217,0.7222222222222222,TRUE,TRUE,46,0.00659778185906155,0.0035667209428549276,0.01550163979494172,8.570860255313294e-7
83,2019,102,1,0.5476190476190477,0.5476190476190477,TRUE,TRUE,84,0.566694111753981,0.0054858934169279,0.4855164333607098,0.0012931688475259656
83,2020,57,0.8214285714285714,0.8414634146341463,0.711340206185567,TRUE,TRUE,82,0.11932917882028178,0.004925812458701268,0.03813379769325134,7.1630501095575995e-6
83,2021,22,0.9878048780487805,0.84375,0.8350515463917526,TRUE,TRUE,96,-0.40471660177242674,0.005235031082997056,-0.4855752168831286,0.0012343328585508425
83,2022,37,0.9583333333333334,0.9019607843137255,0.8679245283018868,TRUE,TRUE,102,-0.46620179714166965,0.00534675263406196,-0.5152686615262374,0.0014195724140171988
83,2023,76,0.9411764705882353,0.9056603773584906,0.8571428571428571,TRUE,TRUE,106,1.4744046226880727,0.005421994884910486,1.3265095616727647,0.00954069193985589
83,2024,114,0.9056603773584906,0.9504950495049505,0.8648648648648649,TRUE,TRUE,101,0.4974032504209082,0.005222877236529114,0.5445157965369887,0.0015485697962824198
84,2016,84,NA,NA,NA,TRUE,TRUE,124,0.33363011943951815,0.011333516131980623,0.29185516989773,9.653825595748171e-4
84,2017,86,0.7258064516129032,0.7142857142857143,0.5625,TRUE,TRUE,126,0.4198889647291646,0.010256410256410256,0.42354128786726347,0.0018398689490077963
84,2018,108,0.7777777777777778,0.6805555555555556,0.5697674418604651,TRUE,TRUE,144,0.019167354496322845,0.011165387299371946,0.028071212432203015,8.798246670357227e-6
84,2019,126,0.9166666666666666,0.5919282511210763,0.5617021276595745,TRUE,TRUE,223,0.1439989147640209,0.014563740856844306,0.06282123637074973,5.7475916002505395e-5
84,2020,154,0.5336322869955157,0.569377990430622,0.3801916932907348,TRUE,FALSE,209,-0.008622007353905626,0.012554814681323962,-0.08981738848093607,1.0128173990321955e-4
84,2021,176,0.6267942583732058,0.6238095238095238,0.4548611111111111,TRUE,FALSE,210,0.42140084118660803,0.011451630494056059,0.3405422260759062,0.0013280342254092079
84,2022,200,0.5476190476190477,0.7142857142857143,0.44921875,TRUE,FALSE,161,-0.16166249136770156,0.008439482098862505,-0.21072935575226934,3.747709116474501e-4
84,2023,210,0.8571428571428571,0.6026200873362445,0.5476190476190477,TRUE,FALSE,229,0.30899953655122087,0.011713554987212276,0.16110447553591276,3.040212438175778e-4
84,2024,194,0.6462882096069869,0.8604651162790697,0.5849802371541502,TRUE,FALSE,172,-0.4552588435503386,0.00889440479884166,-0.4081462974342581,0.0014816601933394639
85,2016,85,NA,NA,NA,TRUE,TRUE,36,-0.1147694628676925,0.003290375651220181,-0.1565444124094806,8.063444932260888e-5
85,2017,85,0.9166666666666666,0.6470588235294118,0.6111111111111112,TRUE,TRUE,51,-0.12805795574809792,0.004151404151404151,-0.12440563260999904,6.42502916304271e-5
85,2018,112,0.8823529411764706,0.7894736842105263,0.7142857142857143,TRUE,TRUE,57,-0.6998300887009322,0.004419632472668062,-0.690926230765052,0.0021098399792567656
85,2019,117,0.7894736842105263,0.9183673469387755,0.7377049180327869,TRUE,TRUE,49,0.4863603933547202,0.0032001044932079416,0.40518271496144903,5.253708589781225e-4
85,2020,143,0.9183673469387755,0.7258064516129032,0.6818181818181818,TRUE,TRUE,62,-0.45662361295621107,0.0037243947858473,-0.5378189940832415,0.0010772784744756416
85,2021,157,0.9193548387096774,0.890625,0.8260869565217391,TRUE,TRUE,64,-0.15574661692097147,0.003490020721998037,-0.23660523203167333,1.9537846508805575e-4
85,2022,192,0.890625,0.9193548387096774,0.8260869565217391,TRUE,TRUE,62,-0.45189437175977165,0.0032499868952141323,-0.5009612361443394,8.156237315822407e-4
85,2023,201,0.9516129032258065,0.8676470588235294,0.8309859154929577,TRUE,TRUE,68,0.3198594233746895,0.0034782608695652175,0.17196436235938137,1.0285823277102129e-4
85,2024,157,0.9852941176470589,0.6568627450980392,0.6504854368932039,TRUE,TRUE,102,-0.21333343693572807,0.005274588892336333,-0.16622089081964764,1.4573364482249853e-4
86,2016,86,NA,NA,NA,TRUE,TRUE,120,0.10584677754901241,0.010967918837400604,0.0640718280072243,4.5025491024813085e-5
86,2017,80,0.7583333333333333,0.6893939393939394,0.5652173913043478,TRUE,TRUE,132,-0.03366537655499884,0.010744810744810745,-0.03001305341689997,9.678746890805958e-6
86,2018,113,0.4090909090909091,0.7105263157894737,0.35064935064935066,FALSE,FALSE,76,-0.11053186977020939,0.00589284329689075,-0.10162801183432922,6.0862775218600495e-5
86,2019,118,0.9736842105263158,0.37948717948717947,0.3756345177664975,FALSE,FALSE,195,0.5180124354454811,0.012735109717868339,0.43683475705221,0.002430172281147358
86,2020,144,0.8615384615384616,0.6942148760330579,0.6245353159851301,FALSE,FALSE,242,0.12533797833116006,0.014537153841533009,0.04414259720412962,2.8326645694605625e-5
86,2021,167,0.9297520661157025,0.8522727272727273,0.800711743772242,FALSE,FALSE,264,0.16280052358652558,0.014396335478241902,0.08194190847582374,9.666385430637542e-5
86,2022,191,0.7310606060606061,0.8935185185185185,0.6724738675958188,FALSE,FALSE,216,-0.0661441469542892,0.011322534989778267,-0.115211011338857,1.5029054153609074e-4
86,2023,200,0.75,0.6952789699570815,0.5644599303135889,FALSE,FALSE,233,-0.022544168861819546,0.011918158567774936,-0.17043922987712765,3.462169177441559e-4
86,2024,184,0.38626609442060084,0.9473684210526315,0.37815126050420167,FALSE,FALSE,95,-0.11169975697316237,0.0049126073016858,-0.06458721085708194,2.049297970825476e-5
87,2016,87,NA,NA,NA,TRUE,TRUE,66,0.7929109299385683,0.006032355360570332,0.7511359803967802,0.003403486630936635
87,2017,93,0.6363636363636364,0.7777777777777778,0.5384615384615384,TRUE,TRUE,54,0.4480588601773163,0.004395604395604396,0.45171118331541515,8.968922775042312e-4
87,2018,115,0.6296296296296297,0.8717948717948718,0.576271186440678,TRUE,TRUE,39,0.6442949298977351,0.003023959060246569,0.6531987878336153,0.0012902285493265775
87,2019,130,1,0.5909090909090909,0.5909090909090909,TRUE,TRUE,66,1.0023800466282022,0.004310344827586207,0.9212023682349311,0.003657818117420886
87,2020,153,0.9393939393939394,0.8732394366197183,0.8266666666666667,TRUE,TRUE,71,0.6592474385021151,0.004265032738631585,0.5780520573750847,0.0014251358715399376
87,2021,168,0.8732394366197183,0.8493150684931506,0.7560975609756098,TRUE,TRUE,73,0.6411157189369563,0.003980804886029011,0.5602571038262545,0.0012495269731872681
87,2022,172,0.8493150684931506,0.8611111111111112,0.7469879518072289,TRUE,TRUE,72,0.7544136015194332,0.003774178329926089,0.7053467371348654,0.0018777066315589278
87,2023,184,0.8333333333333334,0.9090909090909091,0.7692307692307693,TRUE,TRUE,66,0.6547780025525696,0.0033759590792838876,0.5068829415372614,8.67386234466333e-4
87,2024,186,1,0.4370860927152318,0.4370860927152318,TRUE,FALSE,151,0.9463621905266555,0.007808460026890061,0.9934747366427359,0.007706887987612492
88,2016,88,NA,NA,NA,TRUE,TRUE,154,0.024604483208929898,0.014075495841330775,-0.017170466332858215,4.1498068521637776e-6
88,2017,94,0.5,0.7623762376237624,0.43258426966292135,TRUE,FALSE,101,0.43047855848911193,0.008221408221408221,0.4341308816272108,0.0015494857029405252
88,2018,116,0.5346534653465347,0.7012987012987013,0.43548387096774194,TRUE,FALSE,77,0.8088951710530243,0.005970380708691944,0.8177990289889046,0.003992962269502211
88,2019,133,0.8311688311688312,0.7529411764705882,0.6530612244897959,TRUE,FALSE,85,0.15577017634907692,0.005551201671891327,0.07459249795580573,3.088711232101522e-5
88,2020,158,0.9176470588235294,0.8210526315789474,0.7647058823529411,TRUE,FALSE,95,0.32308746605923266,0.005706733946056346,0.2418920849322022,3.3391116546648247e-4
88,2021,170,0.7578947368421053,0.8674698795180723,0.6792452830188679,TRUE,FALSE,83,-0.02278185663161954,0.004526120623841204,-0.10364047174232138,4.8616633917907414e-5
88,2022,160,0.7951807228915663,0.717391304347826,0.6055045871559633,TRUE,FALSE,92,0.44610462134200596,0.004822561199350003,0.39703775695743815,7.602236306222689e-4
88,2023,179,0.9565217391304348,0.7719298245614035,0.7457627118644068,TRUE,FALSE,114,0.8083326138394623,0.005831202046035806,0.6604375528241542,0.0025434406534302176
88,2024,176,0.5350877192982456,0.9384615384615385,0.5169491525423728,TRUE,FALSE,65,1.2410320935272097,0.0033612576274692314,1.28814463964329,0.005577390620628462
89,2016,89,NA,NA,NA,TRUE,TRUE,88,0.5315814565863377,0.008043140480760443,0.4898065070445496,0.0019296331653596611
89,2017,51,0.3522727272727273,0.5849056603773585,0.2818181818181818,FALSE,FALSE,53,-0.16936951954062246,0.004314204314204314,-0.16571719640252358,1.1847749505300499e-4
89,2018,90,0.8679245283018868,0.1220159151193634,0.11979166666666667,FALSE,FALSE,377,0.14118646613985872,0.029231604249050167,0.15009032407573888,6.58503429378727e-4
89,2019,131,0.15649867374005305,0.9076923076923077,0.15404699738903394,FALSE,FALSE,65,0.5870839419834061,0.00424503657262278,0.5059062635901349,0.0010864795317452013
89,2020,138,0.9846153846153847,0.4266666666666667,0.423841059602649,FALSE,FALSE,150,0.5201587580385906,0.009010632546404758,0.4389633769115601,0.0017362483895260444
89,2021,161,0.88,0.8198757763975155,0.7374301675977654,FALSE,FALSE,161,0.5399649482658665,0.008779583378776311,0.45910633315516464,0.0018505485139083948
89,2022,185,0.8136645962732919,0.9097222222222222,0.7528735632183908,FALSE,FALSE,144,0.3347939327854219,0.007548356659852178,0.2857270684008541,6.162475177879266e-4
89,2023,206,0.6805555555555556,0.8828828828828829,0.6242038216560509,FALSE,FALSE,111,-0.17502644958411445,0.005677749360613811,-0.32292151059942253,5.920660625507539e-4
89,2024,191,0.9009009009009009,0.7246376811594203,0.6711409395973155,FALSE,FALSE,138,0.2709668369231085,0.007136208501396215,0.3180793830391889,7.220022835977643e-4
90,2016,90,NA,NA,NA,TRUE,TRUE,46,-1.0401948431055765,0.004204368887670232,-1.0819697926473646,0.004921880731310076
90,2017,46,0.8913043478260869,0.5189873417721519,0.4880952380952381,TRUE,FALSE,79,-0.850115440007724,0.006430606430606431,-0.8464631168696252,0.004607528274271927
90,2018,119,0.5569620253164557,0.88,0.5176470588235295,TRUE,FALSE,50,-0.9124336222259513,0.003876870590059704,-0.903529764290071,0.003164945471652599
90,2019,89,0.92,0.08070175438596491,0.08013937282229965,TRUE,FALSE,570,-0.09600428253034429,0.037225705329153605,-0.1771819609236155,0.0011686432175901538
90,2020,80,0.9017543859649123,0.8697123519458545,0.794435857805255,TRUE,FALSE,591,-0.07910359010679809,0.035501892232834745,-0.16029897123382852,9.12248108702268e-4
90,2021,64,0.6277495769881557,0.9275,0.5983870967741935,TRUE,FALSE,400,0.038877675727699665,0.02181262951248773,-0.04198093938300218,3.844256236185633e-5
90,2022,79,0.9675,0.5389972144846796,0.5294117647058824,TRUE,FALSE,718,-0.13178426564744136,0.0376369450123185,-0.18085113003200914,0.0012309964997592735
90,2023,142,0.3732590529247911,0.9640287769784173,0.36813186813186816,FALSE,FALSE,278,0.0642915966560472,0.014219948849104859,-0.08360346435926092,9.939089065462499e-5
90,2024,109,0.9676258992805755,0.4381107491856677,0.4317817014446228,FALSE,FALSE,614,-0.18966962553360367,0.031750956665632435,-0.14255707941752324,6.452594801800173e-4
91,2016,91,NA,NA,NA,TRUE,TRUE,39,0.06548324705294914,0.003564573622155196,0.023708297511161026,2.0035875572828114e-6
91,2017,72,0.7692307692307693,0.18292682926829268,0.17341040462427745,TRUE,FALSE,164,0.10702995394010435,0.01334961334961335,0.11068227707820323,1.6354032554427749e-4
91,2018,90,0.8414634146341463,0.3660477453580902,0.3424317617866005,TRUE,FALSE,377,0.14118646613985872,0.029231604249050167,0.15009032407573888,6.58503429378727e-4
91,2019,131,0.15649867374005305,0.9076923076923077,0.15404699738903394,FALSE,FALSE,65,0.5870839419834061,0.00424503657262278,0.5059062635901349,0.0010864795317452013
91,2020,138,0.9846153846153847,0.4266666666666667,0.423841059602649,FALSE,FALSE,150,0.5201587580385906,0.009010632546404758,0.4389633769115601,0.0017362483895260444
91,2021,161,0.88,0.8198757763975155,0.7374301675977654,FALSE,FALSE,161,0.5399649482658665,0.008779583378776311,0.45910633315516464,0.0018505485139083948
91,2022,185,0.8136645962732919,0.9097222222222222,0.7528735632183908,FALSE,FALSE,144,0.3347939327854219,0.007548356659852178,0.2857270684008541,6.162475177879266e-4
91,2023,206,0.6805555555555556,0.8828828828828829,0.6242038216560509,FALSE,FALSE,111,-0.17502644958411445,0.005677749360613811,-0.32292151059942253,5.920660625507539e-4
91,2024,191,0.9009009009009009,0.7246376811594203,0.6711409395973155,FALSE,FALSE,138,0.2709668369231085,0.007136208501396215,0.3180793830391889,7.220022835977643e-4
92,2016,92,NA,NA,NA,TRUE,TRUE,1150,0.30527316046840347,0.10510922219175578,0.26349821092661535,0.007297870691504993
92,2017,73,0.3173913043478261,0.34048507462686567,0.19655358104469575,FALSE,FALSE,1072,0.26121560034757346,0.08726088726088727,0.26486792348567234,0.006121789019764594
92,2018,111,0.31156716417910446,0.36108108108108106,0.20084185207456404,FALSE,FALSE,925,0.3171892150504167,0.07172210591610452,0.32609307298629686,0.007626691504297345
92,2019,86,0.3708108108108108,0.3095667870036101,0.2029585798816568,FALSE,FALSE,1108,0.36667387670999624,0.07236154649947753,0.28549619831672507,0.005898050666970971
92,2020,142,0.3185920577617328,0.4363411619283066,0.22570332480818414,FALSE,FALSE,809,0.23436702044081664,0.04859734486694299,0.1531716393137862,0.001140169089437661
92,2021,126,0.4388133498145859,0.4339853300733496,0.27908805031446543,FALSE,FALSE,818,0.31518838932693793,0.044606827353037407,0.23432977421623608,0.0024493806545371317
92,2022,62,0.46577017114914426,0.4635036496350365,0.30262112787926926,FALSE,FALSE,822,0.2767286012001787,0.04308853593332285,0.22766173681561094,0.0022332730612223206
92,2023,91,0.4805352798053528,0.5683453237410072,0.3520499108734403,FALSE,FALSE,695,0.2885165606365365,0.03554987212276215,0.1406214996212284,7.029776101395185e-4
92,2024,46,0.4633093525179856,0.6018691588785047,0.35462555066079293,FALSE,FALSE,535,0.192202765746559,0.027665735856862137,0.23931531186263943,0.0015844670024394002
93,2016,93,NA,NA,NA,TRUE,TRUE,30,-0.018800868150960236,0.002741979709350151,-0.06057581769274835,1.0061501752522852e-5
93,2017,47,0.9666666666666667,0.5686274509803921,0.5576923076923077,TRUE,TRUE,51,-0.13859841081713012,0.004151404151404151,-0.13494608767903124,7.559892353062402e-5
93,2018,118,0.7647058823529411,0.8478260869565217,0.6724137931034483,TRUE,TRUE,46,0.27333861035653123,0.0035667209428549276,0.2822424682924114,2.84127882589631e-4
93,2019,89,0.9782608695652174,0.07894736842105263,0.07880910683012259,TRUE,FALSE,570,-0.09600428253034429,0.037225705329153605,-0.1771819609236155,0.0011686432175901538
93,2020,80,0.9017543859649123,0.8697123519458545,0.794435857805255,TRUE,FALSE,591,-0.07910359010679809,0.035501892232834745,-0.16029897123382852,9.12248108702268e-4
93,2021,64,0.6277495769881557,0.9275,0.5983870967741935,TRUE,FALSE,400,0.038877675727699665,0.02181262951248773,-0.04198093938300218,3.844256236185633e-5
93,2022,79,0.9675,0.5389972144846796,0.5294117647058824,TRUE,FALSE,718,-0.13178426564744136,0.0376369450123185,-0.18085113003200914,0.0012309964997592735
93,2023,142,0.3732590529247911,0.9640287769784173,0.36813186813186816,FALSE,FALSE,278,0.0642915966560472,0.014219948849104859,-0.08360346435926092,9.939089065462499e-5
93,2024,109,0.9676258992805755,0.4381107491856677,0.4317817014446228,FALSE,FALSE,614,-0.18966962553360367,0.031750956665632435,-0.14255707941752324,6.452594801800173e-4
94,2016,94,NA,NA,NA,TRUE,TRUE,282,0.02324468202699074,0.025774609267891418,-0.018530267514797374,8.850248569228341e-6
94,2017,48,0.900709219858156,0.8063492063492064,0.7405247813411079,TRUE,TRUE,315,-0.03946689363971493,0.02564102564102564,-0.03581457050161606,3.288931949269813e-5
94,2018,117,0.746031746031746,0.8514492753623188,0.6601123595505618,TRUE,TRUE,276,-0.04183330266833491,0.021400325657129564,-0.03292944473245474,2.320540739606345e-5
94,2019,89,0.967391304347826,0.46842105263157896,0.46113989637305697,TRUE,FALSE,570,-0.09600428253034429,0.037225705329153605,-0.1771819609236155,0.0011686432175901538
94,2020,80,0.9017543859649123,0.8697123519458545,0.794435857805255,TRUE,FALSE,591,-0.07910359010679809,0.035501892232834745,-0.16029897123382852,9.12248108702268e-4
94,2021,64,0.6277495769881557,0.9275,0.5983870967741935,TRUE,FALSE,400,0.038877675727699665,0.02181262951248773,-0.04198093938300218,3.844256236185633e-5
94,2022,79,0.9675,0.5389972144846796,0.5294117647058824,TRUE,FALSE,718,-0.13178426564744136,0.0376369450123185,-0.18085113003200914,0.0012309964997592735
94,2023,142,0.3732590529247911,0.9640287769784173,0.36813186813186816,FALSE,FALSE,278,0.0642915966560472,0.014219948849104859,-0.08360346435926092,9.939089065462499e-5
94,2024,109,0.9676258992805755,0.4381107491856677,0.4317817014446228,FALSE,FALSE,614,-0.18966962553360367,0.031750956665632435,-0.14255707941752324,6.452594801800173e-4
