jahr_von,jahr_bis,cluster_alt,cluster_neu,schnitt,n_alt,n_neu,anteil_alt,anteil_neu,jaccard
2016,2017,0,1,30,30,32,1,0.9375,0.9375
2016,2017,1,0,138,139,150,0.9928057553956835,0.92,0.9139072847682119
2016,2017,1,72,1,139,164,0.007194244604316547,0.006097560975609756,0.0033112582781456954
2016,2017,2,2,67,72,141,0.9305555555555556,0.475177304964539,0.4589041095890411
2016,2017,2,4,1,72,78,0.013888888888888888,0.01282051282051282,0.006711409395973154
2016,2017,2,9,1,72,166,0.013888888888888888,0.006024096385542169,0.004219409282700422
2016,2017,2,75,1,72,106,0.013888888888888888,0.009433962264150943,0.005649717514124294
2016,2017,3,6,16,1662,35,0.009626955475330927,0.45714285714285713,0.009518143961927425
2016,2017,3,7,1601,1662,1868,0.9632972322503008,0.857066381156317,0.8299637117677553
2016,2017,3,15,2,1662,892,0.0012033694344163659,0.002242152466367713,7.836990595611285e-4
2016,2017,3,58,3,1662,109,0.0018050541516245488,0.027522935779816515,0.0016968325791855204
2016,2017,3,69,2,1662,477,0.0012033694344163659,0.0041928721174004195,9.358914365933552e-4
2016,2017,3,73,18,1662,1072,0.010830324909747292,0.016791044776119403,0.0066273932253313695
2016,2017,3,87,4,1662,509,0.0024067388688327317,0.007858546168958742,0.0018458698661744347
2016,2017,4,4,70,74,78,0.9459459459459459,0.8974358974358975,0.8536585365853658
2016,2017,4,10,2,74,59,0.02702702702702703,0.03389830508474576,0.015267175572519083
2016,2017,4,14,1,74,123,0.013513513513513514,0.008130081300813009,0.00510204081632653
2016,2017,5,8,64,65,79,0.9846153846153847,0.810126582278481,0.8
2016,2017,5,73,1,65,1072,0.015384615384615385,9.328358208955224e-4,8.802816901408451e-4
2016,2017,6,7,1,154,1868,0.006493506493506494,5.353319057815846e-4,4.948045522018803e-4
2016,2017,6,9,148,154,166,0.961038961038961,0.891566265060241,0.8604651162790697
2016,2017,6,14,1,154,123,0.006493506493506494,0.008130081300813009,0.0036231884057971015
2016,2017,6,44,1,154,80,0.006493506493506494,0.0125,0.004291845493562232
2016,2017,6,63,1,154,100,0.006493506493506494,0.01,0.003952569169960474
2016,2017,6,73,1,154,1072,0.006493506493506494,9.328358208955224e-4,8.163265306122449e-4
2016,2017,7,16,60,60,65,1,0.9230769230769231,0.9230769230769231
2016,2017,8,16,1,62,65,0.016129032258064516,0.015384615384615385,0.007936507936507936
2016,2017,8,17,59,62,62,0.9516129032258065,0.9516129032258065,0.9076923076923077
2016,2017,8,46,1,62,79,0.016129032258064516,0.012658227848101266,0.007142857142857143
2016,2017,9,8,1,31,79,0.03225806451612903,0.012658227848101266,0.009174311926605505
2016,2017,9,73,1,31,1072,0.03225806451612903,9.328358208955224e-4,9.074410163339383e-4
2016,2017,10,10,53,55,59,0.9636363636363636,0.8983050847457628,0.8688524590163934
2016,2017,10,13,2,55,285,0.03636363636363636,0.007017543859649123,0.005917159763313609
2016,2017,11,12,35,40,45,0.875,0.7777777777777778,0.7
2016,2017,11,13,3,40,285,0.075,0.010526315789473684,0.009316770186335404
2016,2017,12,4,1,281,78,0.0035587188612099642,0.01282051282051282,0.002793296089385475
2016,2017,12,12,2,281,45,0.0071174377224199285,0.044444444444444446,0.006172839506172839
2016,2017,12,13,247,281,285,0.8790035587188612,0.8666666666666667,0.774294670846395
2016,2017,12,71,2,281,76,0.0071174377224199285,0.02631578947368421,0.005633802816901409
2016,2017,12,73,1,281,1072,0.0035587188612099642,9.328358208955224e-4,7.396449704142012e-4
2016,2017,12,87,1,281,509,0.0035587188612099642,0.0019646365422396855,0.0012674271229404308
2016,2017,13,18,41,46,44,0.8913043478260869,0.9318181818181818,0.8367346938775511
2016,2017,14,3,1,85,35,0.011764705882352941,0.02857142857142857,0.008403361344537815
2016,2017,14,24,79,85,103,0.9294117647058824,0.7669902912621359,0.7247706422018348
2016,2017,15,14,1,240,123,0.004166666666666667,0.008130081300813009,0.0027624309392265192
2016,2017,15,15,2,240,892,0.008333333333333333,0.002242152466367713,0.0017699115044247787
2016,2017,15,25,97,240,102,0.4041666666666667,0.9509803921568627,0.39591836734693875
2016,2017,15,26,34,240,34,0.14166666666666666,1,0.14166666666666666
2016,2017,15,32,1,240,39,0.004166666666666667,0.02564102564102564,0.0035971223021582736
2016,2017,15,46,1,240,79,0.004166666666666667,0.012658227848101266,0.0031446540880503146
2016,2017,15,73,1,240,1072,0.004166666666666667,9.328358208955224e-4,7.627765064836003e-4
2016,2017,16,30,36,38,40,0.9473684210526315,0.9,0.8571428571428571
2016,2017,16,73,1,38,1072,0.02631578947368421,9.328358208955224e-4,9.017132551848512e-4
2016,2017,17,14,87,95,123,0.9157894736842105,0.7073170731707317,0.6641221374045801
2016,2017,17,15,1,95,892,0.010526315789473684,0.0011210762331838565,0.0010141987829614604
2016,2017,17,36,3,95,107,0.031578947368421054,0.028037383177570093,0.01507537688442211
2016,2017,17,73,1,95,1072,0.010526315789473684,9.328358208955224e-4,8.576329331046312e-4
2016,2017,18,28,43,44,44,0.9772727272727273,0.9772727272727273,0.9555555555555556
2016,2017,19,7,1,102,1868,0.00980392156862745,5.353319057815846e-4,5.078720162519045e-4
2016,2017,19,22,95,102,111,0.9313725490196079,0.8558558558558559,0.8050847457627118
2016,2017,19,23,1,102,40,0.00980392156862745,0.025,0.0070921985815602835
2016,2017,20,5,46,51,67,0.9019607843137255,0.6865671641791045,0.6388888888888888
2016,2017,20,15,1,51,892,0.0196078431372549,0.0011210762331838565,0.0010615711252653928
2016,2017,20,55,1,51,137,0.0196078431372549,0.0072992700729927005,0.0053475935828877
2016,2017,20,73,1,51,1072,0.0196078431372549,9.328358208955224e-4,8.9126559714795e-4
2016,2017,21,15,51,52,892,0.9807692307692307,0.05717488789237668,0.05711086226203808
2016,2017,22,8,1,660,79,0.0015151515151515152,0.012658227848101266,0.0013550135501355014
2016,2017,22,14,1,660,123,0.0015151515151515152,0.008130081300813009,0.0012787723785166241
2016,2017,22,15,647,660,892,0.9803030303030303,0.7253363228699552,0.7149171270718232
2016,2017,22,46,1,660,79,0.0015151515151515152,0.012658227848101266,0.0013550135501355014
2016,2017,22,73,2,660,1072,0.0030303030303030303,0.0018656716417910447,0.0011560693641618498
2016,2017,22,79,1,660,46,0.0015151515151515152,0.021739130434782608,0.0014184397163120568
2016,2017,22,87,1,660,509,0.0015151515151515152,0.0019646365422396855,8.561643835616438e-4
2016,2017,23,31,54,170,65,0.3176470588235294,0.8307692307692308,0.2983425414364641
2016,2017,23,55,105,170,137,0.6176470588235294,0.7664233576642335,0.5198019801980198
2016,2017,24,21,1,67,30,0.014925373134328358,0.03333333333333333,0.010416666666666666
2016,2017,24,50,48,67,61,0.7164179104477612,0.7868852459016393,0.6
2016,2017,24,73,2,67,1072,0.029850746268656716,0.0018656716417910447,0.001759014951627089
2016,2017,25,19,1,37,45,0.02702702702702703,0.022222222222222223,0.012345679012345678
2016,2017,25,23,31,37,40,0.8378378378378378,0.775,0.6739130434782609
2016,2017,26,8,1,218,79,0.0045871559633027525,0.012658227848101266,0.0033783783783783786
2016,2017,26,42,1,218,72,0.0045871559633027525,0.013888888888888888,0.0034602076124567475
2016,2017,26,57,179,218,223,0.8211009174311926,0.8026905829596412,0.683206106870229
2016,2017,26,58,3,218,109,0.013761467889908258,0.027522935779816515,0.009259259259259259
2016,2017,26,73,1,218,1072,0.0045871559633027525,9.328358208955224e-4,7.757951900698216e-4
2016,2017,26,87,1,218,509,0.0045871559633027525,0.0019646365422396855,0.0013774104683195593
2016,2017,27,7,1,111,1868,0.009009009009009009,5.353319057815846e-4,5.055611729019212e-4
2016,2017,27,54,23,111,30,0.2072072072072072,0.7666666666666667,0.19491525423728814
2016,2017,27,58,78,111,109,0.7027027027027027,0.7155963302752294,0.5492957746478874
2016,2017,27,93,1,111,54,0.009009009009009009,0.018518518518518517,0.006097560975609756
2016,2017,28,39,58,72,77,0.8055555555555556,0.7532467532467533,0.6373626373626373
2016,2017,28,40,2,72,77,0.027777777777777776,0.025974025974025976,0.013605442176870748
2016,2017,28,62,1,72,70,0.013888888888888888,0.014285714285714285,0.0070921985815602835
2016,2017,28,73,3,72,1072,0.041666666666666664,0.002798507462686567,0.0026292725679228747
2016,2017,29,39,1,71,77,0.014084507042253521,0.012987012987012988,0.006802721088435374
2016,2017,29,40,63,71,77,0.8873239436619719,0.8181818181818182,0.7411764705882353
2016,2017,30,21,1,39,30,0.02564102564102564,0.03333333333333333,0.014705882352941176
2016,2017,30,29,33,39,49,0.8461538461538461,0.673469387755102,0.6
2016,2017,30,73,1,39,1072,0.02564102564102564,9.328358208955224e-4,9.009009009009009e-4
2016,2017,31,76,22,34,51,0.6470588235294118,0.43137254901960786,0.3492063492063492
2016,2017,32,82,26,33,30,0.7878787878787878,0.8666666666666667,0.7027027027027027
2016,2017,33,67,47,65,55,0.7230769230769231,0.8545454545454545,0.6438356164383562
2016,2017,33,73,1,65,1072,0.015384615384615385,9.328358208955224e-4,8.802816901408451e-4
2016,2017,34,46,27,30,79,0.9,0.34177215189873417,0.32926829268292684
2016,2017,34,73,1,30,1072,0.03333333333333333,9.328358208955224e-4,9.082652134423251e-4
2016,2017,35,15,1,64,892,0.015625,0.0011210762331838565,0.0010471204188481676
2016,2017,35,83,44,64,80,0.6875,0.55,0.44
2016,2017,35,89,1,64,199,0.015625,0.005025125628140704,0.003816793893129771
2016,2017,36,15,1,183,892,0.00546448087431694,0.0011210762331838565,9.31098696461825e-4
2016,2017,36,73,1,183,1072,0.00546448087431694,9.328358208955224e-4,7.974481658692185e-4
2016,2017,36,83,1,183,80,0.00546448087431694,0.0125,0.003816793893129771
2016,2017,36,88,10,183,35,0.0546448087431694,0.2857142857142857,0.04807692307692308
2016,2017,36,89,154,183,199,0.8415300546448088,0.7738693467336684,0.6754385964912281
2016,2017,37,22,1,87,111,0.011494252873563218,0.009009009009009009,0.005076142131979695
2016,2017,37,73,2,87,1072,0.022988505747126436,0.0018656716417910447,0.001728608470181504
2016,2017,37,76,8,87,51,0.09195402298850575,0.1568627450980392,0.06153846153846154
2016,2017,37,80,1,87,132,0.011494252873563218,0.007575757575757576,0.0045871559633027525
2016,2017,37,83,2,87,80,0.022988505747126436,0.025,0.012121212121212121
2016,2017,37,84,56,87,61,0.6436781609195402,0.9180327868852459,0.6086956521739131
2016,2017,37,89,3,87,199,0.034482758620689655,0.01507537688442211,0.01060070671378092
2016,2017,38,11,30,32,31,0.9375,0.967741935483871,0.9090909090909091
2016,2017,39,19,39,45,45,0.8666666666666667,0.8666666666666667,0.7647058823529411
2016,2017,39,87,1,45,509,0.022222222222222223,0.0019646365422396855,0.0018083182640144665
2016,2017,40,56,48,53,65,0.9056603773584906,0.7384615384615385,0.6857142857142857
2016,2017,40,72,1,53,164,0.018867924528301886,0.006097560975609756,0.004629629629629629
2016,2017,40,94,1,53,101,0.018867924528301886,0.009900990099009901,0.006535947712418301
2016,2017,41,73,1,30,1072,0.03333333333333333,9.328358208955224e-4,9.082652134423251e-4
2016,2017,41,87,1,30,509,0.03333333333333333,0.0019646365422396855,0.0018587360594795538
2016,2017,42,41,30,38,36,0.7894736842105263,0.8333333333333334,0.6818181818181818
2016,2017,42,73,1,38,1072,0.02631578947368421,9.328358208955224e-4,9.017132551848512e-4
2016,2017,43,14,1,54,123,0.018518518518518517,0.008130081300813009,0.005681818181818182
2016,2017,43,20,51,54,59,0.9444444444444444,0.864406779661017,0.8225806451612904
2016,2017,43,44,1,54,80,0.018518518518518517,0.0125,0.007518796992481203
2016,2017,43,56,1,54,65,0.018518518518518517,0.015384615384615385,0.00847457627118644
2016,2017,44,5,3,45,67,0.06666666666666667,0.04477611940298507,0.027522935779816515
2016,2017,45,43,30,33,34,0.9090909090909091,0.8823529411764706,0.8108108108108109
2016,2017,45,44,2,33,80,0.06060606060606061,0.025,0.018018018018018018
2016,2017,46,36,87,91,107,0.9560439560439561,0.8130841121495327,0.7837837837837838
2016,2017,47,41,1,56,36,0.017857142857142856,0.027777777777777776,0.01098901098901099
2016,2017,48,70,93,98,123,0.9489795918367347,0.7560975609756098,0.7265625
2016,2017,49,45,1,52,146,0.019230769230769232,0.00684931506849315,0.005076142131979695
2016,2017,49,63,1,52,100,0.019230769230769232,0.01,0.006622516556291391
2016,2017,49,64,41,52,55,0.7884615384615384,0.7454545454545455,0.6212121212121212
2016,2017,50,36,1,80,107,0.0125,0.009345794392523364,0.005376344086021506
2016,2017,50,63,1,80,100,0.0125,0.01,0.00558659217877095
2016,2017,50,70,1,80,123,0.0125,0.008130081300813009,0.0049504950495049506
2016,2017,50,77,64,80,80,0.8,0.8,0.6666666666666666
2016,2017,50,79,1,80,46,0.0125,0.021739130434782608,0.008
2016,2017,51,63,78,88,100,0.8863636363636364,0.78,0.7090909090909091
2016,2017,52,63,1,103,100,0.009708737864077669,0.01,0.0049504950495049506
2016,2017,52,77,2,103,80,0.019417475728155338,0.025,0.011049723756906077
2016,2017,52,78,55,103,66,0.5339805825242718,0.8333333333333334,0.4824561403508772
2016,2017,52,79,36,103,46,0.34951456310679613,0.782608695652174,0.3185840707964602
2016,2017,53,42,49,56,72,0.875,0.6805555555555556,0.620253164556962
2016,2017,53,73,1,56,1072,0.017857142857142856,9.328358208955224e-4,8.873114463176575e-4
2016,2017,53,80,1,56,132,0.017857142857142856,0.007575757575757576,0.0053475935828877
2016,2017,53,94,1,56,101,0.017857142857142856,0.009900990099009901,0.00641025641025641
2016,2017,54,14,1,50,123,0.02,0.008130081300813009,0.005813953488372093
2016,2017,54,61,42,50,56,0.84,0.75,0.65625
2016,2017,55,60,67,69,128,0.9710144927536232,0.5234375,0.5153846153846153
2016,2017,55,91,1,69,142,0.014492753623188406,0.007042253521126761,0.004761904761904762
2016,2017,56,38,66,77,69,0.8571428571428571,0.9565217391304348,0.825
2016,2017,56,48,4,77,315,0.05194805194805195,0.012698412698412698,0.010309278350515464
2016,2017,57,20,1,92,59,0.010869565217391304,0.01694915254237288,0.006666666666666667
2016,2017,57,66,76,92,89,0.8260869565217391,0.8539325842696629,0.7238095238095238
2016,2017,57,69,3,92,477,0.03260869565217391,0.006289308176100629,0.00530035335689046
2016,2017,58,21,1,148,30,0.006756756756756757,0.03333333333333333,0.005649717514124294
2016,2017,58,29,1,148,49,0.006756756756756757,0.02040816326530612,0.00510204081632653
2016,2017,58,45,113,148,146,0.7635135135135135,0.773972602739726,0.6243093922651933
2016,2017,59,65,70,73,90,0.958904109589041,0.7777777777777778,0.7526881720430108
2016,2017,59,93,1,73,54,0.0136986301369863,0.018518518518518517,0.007936507936507936
2016,2017,59,94,1,73,101,0.0136986301369863,0.009900990099009901,0.005780346820809248
2016,2017,60,32,22,52,39,0.4230769230769231,0.5641025641025641,0.3188405797101449
2016,2017,60,37,23,52,71,0.4423076923076923,0.323943661971831,0.23
2016,2017,60,46,1,52,79,0.019230769230769232,0.012658227848101266,0.007692307692307693
2016,2017,61,17,1,72,62,0.013888888888888888,0.016129032258064516,0.007518796992481203
2016,2017,61,44,65,72,80,0.9027777777777778,0.8125,0.7471264367816092
2016,2017,62,16,1,57,65,0.017543859649122806,0.015384615384615385,0.008264462809917356
2016,2017,62,53,34,57,42,0.5964912280701754,0.8095238095238095,0.5230769230769231
2016,2017,63,63,1,320,100,0.003125,0.01,0.002386634844868735
2016,2017,63,73,1,320,1072,0.003125,9.328358208955224e-4,7.189072609633358e-4
2016,2017,63,78,1,320,66,0.003125,0.015151515151515152,0.0025974025974025974
2016,2017,63,87,283,320,509,0.884375,0.555992141453831,0.5183150183150184
2016,2017,64,33,19,62,33,0.3064516129032258,0.5757575757575758,0.25
2016,2017,64,34,38,62,168,0.6129032258064516,0.2261904761904762,0.19791666666666666
2016,2017,64,73,1,62,1072,0.016129032258064516,9.328358208955224e-4,8.8261253309797e-4
2016,2017,65,34,80,85,168,0.9411764705882353,0.47619047619047616,0.4624277456647399
2016,2017,66,20,1,91,59,0.01098901098901099,0.01694915254237288,0.006711409395973154
2016,2017,66,91,89,91,142,0.978021978021978,0.6267605633802817,0.6180555555555556
2016,2017,67,73,1,31,1072,0.03225806451612903,9.328358208955224e-4,9.074410163339383e-4
2016,2017,67,87,1,31,509,0.03225806451612903,0.0019646365422396855,0.0018552875695732839
2016,2017,67,90,20,31,104,0.6451612903225806,0.19230769230769232,0.17391304347826086
2016,2017,68,90,46,48,104,0.9583333333333334,0.4423076923076923,0.4339622641509434
2016,2017,69,74,49,51,106,0.9607843137254902,0.46226415094339623,0.4537037037037037
2016,2017,70,70,1,110,123,0.00909090909090909,0.008130081300813009,0.004310344827586207
2016,2017,70,73,1,110,1072,0.00909090909090909,9.328358208955224e-4,8.46740050804403e-4
2016,2017,70,74,17,110,106,0.15454545454545454,0.16037735849056603,0.08542713567839195
2016,2017,70,75,78,110,106,0.7090909090909091,0.7358490566037735,0.5652173913043478
2016,2017,71,35,37,58,67,0.6379310344827587,0.5522388059701493,0.42045454545454547
2016,2017,72,59,68,76,92,0.8947368421052632,0.7391304347826086,0.68
2016,2017,72,69,2,76,477,0.02631578947368421,0.0041928721174004195,0.003629764065335753
2016,2017,72,73,2,76,1072,0.02631578947368421,0.0018656716417910447,0.0017452006980802793
2016,2017,73,62,56,69,70,0.8115942028985508,0.8,0.6746987951807228
2016,2017,73,71,4,69,76,0.057971014492753624,0.05263157894736842,0.028368794326241134
2016,2017,74,71,40,69,76,0.5797101449275363,0.5263157894736842,0.38095238095238093
2016,2017,74,74,6,69,106,0.08695652173913043,0.05660377358490566,0.03550295857988166
2016,2017,75,34,1,191,168,0.005235602094240838,0.005952380952380952,0.002793296089385475
2016,2017,75,55,11,191,137,0.05759162303664921,0.08029197080291971,0.03470031545741325
2016,2017,75,69,134,191,477,0.7015706806282722,0.2809224318658281,0.250936329588015
2016,2017,76,52,47,61,59,0.7704918032786885,0.7966101694915254,0.6438356164383562
2016,2017,76,69,1,61,477,0.01639344262295082,0.0020964360587002098,0.00186219739292365
2016,2017,77,73,1,31,1072,0.03225806451612903,9.328358208955224e-4,9.074410163339383e-4
2016,2017,78,7,2,40,1868,0.05,0.0010706638115631692,0.001049317943336831
2016,2017,78,51,1,40,53,0.025,0.018867924528301886,0.010869565217391304
2016,2017,79,8,1,98,79,0.01020408163265306,0.012658227848101266,0.005681818181818182
2016,2017,79,68,1,98,60,0.01020408163265306,0.016666666666666666,0.006369426751592357
2016,2017,79,69,83,98,477,0.8469387755102041,0.1740041928721174,0.16869918699186992
2016,2017,80,7,1,78,1868,0.01282051282051282,5.353319057815846e-4,5.141388174807198e-4
2016,2017,80,27,73,78,94,0.9358974358974359,0.776595744680851,0.7373737373737373
2016,2017,80,73,1,78,1072,0.01282051282051282,9.328358208955224e-4,8.703220191470844e-4
2016,2017,81,14,1,40,123,0.025,0.008130081300813009,0.006172839506172839
2016,2017,81,68,38,40,60,0.95,0.6333333333333333,0.6129032258064516
2016,2017,82,68,2,84,60,0.023809523809523808,0.03333333333333333,0.014084507042253521
2016,2017,82,69,76,84,477,0.9047619047619048,0.15932914046121593,0.15670103092783505
2016,2017,83,73,1,50,1072,0.02,9.328358208955224e-4,8.920606601248885e-4
2016,2017,83,92,42,50,47,0.84,0.8936170212765957,0.7636363636363637
2016,2017,83,94,1,50,101,0.02,0.009900990099009901,0.006666666666666667
2016,2017,84,85,3,124,51,0.024193548387096774,0.058823529411764705,0.01744186046511628
2016,2017,84,86,90,124,126,0.7258064516129032,0.7142857142857143,0.5625
2016,2017,84,87,1,124,509,0.008064516129032258,0.0019646365422396855,0.0015822784810126582
2016,2017,85,85,33,36,51,0.9166666666666666,0.6470588235294118,0.6111111111111112
2016,2017,86,65,2,120,90,0.016666666666666666,0.022222222222222223,0.009615384615384616
2016,2017,86,73,1,120,1072,0.008333333333333333,9.328358208955224e-4,8.396305625524769e-4
2016,2017,86,76,1,120,51,0.008333333333333333,0.0196078431372549,0.0058823529411764705
2016,2017,86,80,91,120,132,0.7583333333333333,0.6893939393939394,0.5652173913043478
2016,2017,86,85,1,120,51,0.008333333333333333,0.0196078431372549,0.0058823529411764705
2016,2017,87,93,42,66,54,0.6363636363636364,0.7777777777777778,0.5384615384615384
2016,2017,88,9,1,154,166,0.006493506493506494,0.006024096385542169,0.003134796238244514
2016,2017,88,15,3,154,892,0.01948051948051948,0.0033632286995515697,0.0028763183125599234
2016,2017,88,34,1,154,168,0.006493506493506494,0.005952380952380952,0.003115264797507788
2016,2017,88,73,1,154,1072,0.006493506493506494,9.328358208955224e-4,8.163265306122449e-4
2016,2017,88,92,1,154,47,0.006493506493506494,0.02127659574468085,0.005
2016,2017,88,93,2,154,54,0.012987012987012988,0.037037037037037035,0.009708737864077669
2016,2017,88,94,77,154,101,0.5,0.7623762376237624,0.43258426966292135
2016,2017,89,51,31,88,53,0.3522727272727273,0.5849056603773585,0.2818181818181818
2016,2017,89,72,31,88,164,0.3522727272727273,0.18902439024390244,0.14027149321266968
2016,2017,89,73,1,88,1072,0.011363636363636364,9.328358208955224e-4,8.628127696289905e-4
2016,2017,90,44,1,46,80,0.021739130434782608,0.0125,0.008
2016,2017,90,46,41,46,79,0.8913043478260869,0.5189873417721519,0.4880952380952381
2016,2017,90,47,1,46,51,0.021739130434782608,0.0196078431372549,0.010416666666666666
2016,2017,91,58,1,39,109,0.02564102564102564,0.009174311926605505,0.006802721088435374
2016,2017,91,72,30,39,164,0.7692307692307693,0.18292682926829268,0.17341040462427745
2016,2017,91,73,3,39,1072,0.07692307692307693,0.002798507462686567,0.002707581227436823
2016,2017,92,0,1,1150,150,8.695652173913044e-4,0.006666666666666667,7.698229407236335e-4
2016,2017,92,2,10,1150,141,0.008695652173913044,0.07092198581560284,0.0078064012490242
2016,2017,92,3,5,1150,35,0.004347826086956522,0.14285714285714285,0.00423728813559322
2016,2017,92,4,2,1150,78,0.0017391304347826088,0.02564102564102564,0.0016313213703099511
2016,2017,92,5,3,1150,67,0.0026086956521739132,0.04477611940298507,0.002471169686985173
2016,2017,92,7,61,1150,1868,0.05304347826086957,0.032655246252676656,0.020629015894487658
2016,2017,92,8,2,1150,79,0.0017391304347826088,0.02531645569620253,0.0016299918500407497
2016,2017,92,9,3,1150,166,0.0026086956521739132,0.018072289156626505,0.002284843869002285
2016,2017,92,10,3,1150,59,0.0026086956521739132,0.05084745762711865,0.0024875621890547263
2016,2017,92,11,1,1150,31,8.695652173913044e-4,0.03225806451612903,8.47457627118644e-4
2016,2017,92,13,7,1150,285,0.00608695652173913,0.02456140350877193,0.004901960784313725
2016,2017,92,14,9,1150,123,0.00782608695652174,0.07317073170731707,0.007120253164556962
2016,2017,92,15,26,1150,892,0.022608695652173914,0.02914798206278027,0.012896825396825396
2016,2017,92,16,1,1150,65,8.695652173913044e-4,0.015384615384615385,8.237232289950577e-4
2016,2017,92,19,1,1150,45,8.695652173913044e-4,0.022222222222222223,8.375209380234506e-4
2016,2017,92,20,1,1150,59,8.695652173913044e-4,0.01694915254237288,8.278145695364238e-4
2016,2017,92,21,1,1150,30,8.695652173913044e-4,0.03333333333333333,8.481764206955047e-4
2016,2017,92,22,7,1150,111,0.00608695652173913,0.06306306306306306,0.0055821371610845294
2016,2017,92,23,1,1150,40,8.695652173913044e-4,0.025,8.410428931875525e-4
2016,2017,92,24,6,1150,103,0.0052173913043478265,0.05825242718446602,0.0048115477145148355
2016,2017,92,25,1,1150,102,8.695652173913044e-4,0.00980392156862745,7.993605115907274e-4
2016,2017,92,27,2,1150,94,0.0017391304347826088,0.02127659574468085,0.001610305958132045
2016,2017,92,29,1,1150,49,8.695652173913044e-4,0.02040816326530612,8.347245409015025e-4
2016,2017,92,31,3,1150,65,0.0026086956521739132,0.046153846153846156,0.0024752475247524753
2016,2017,92,32,1,1150,39,8.695652173913044e-4,0.02564102564102564,8.417508417508417e-4
2016,2017,92,33,1,1150,33,8.695652173913044e-4,0.030303030303030304,8.460236886632825e-4
2016,2017,92,34,6,1150,168,0.0052173913043478265,0.03571428571428571,0.004573170731707317
2016,2017,92,36,3,1150,107,0.0026086956521739132,0.028037383177570093,0.0023923444976076554
2016,2017,92,37,1,1150,71,8.695652173913044e-4,0.014084507042253521,8.19672131147541e-4
2016,2017,92,39,4,1150,77,0.0034782608695652175,0.05194805194805195,0.003270645952575634
2016,2017,92,40,4,1150,77,0.0034782608695652175,0.05194805194805195,0.003270645952575634
2016,2017,92,42,5,1150,72,0.004347826086956522,0.06944444444444445,0.004108463434675432
2016,2017,92,43,1,1150,34,8.695652173913044e-4,0.029411764705882353,8.453085376162299e-4
2016,2017,92,45,6,1150,146,0.0052173913043478265,0.0410958904109589,0.004651162790697674
2016,2017,92,46,2,1150,79,0.0017391304347826088,0.02531645569620253,0.0016299918500407497
2016,2017,92,48,4,1150,315,0.0034782608695652175,0.012698412698412698,0.0027378507871321013
2016,2017,92,49,35,1150,38,0.030434782608695653,0.9210526315789473,0.030355594102341718
2016,2017,92,50,5,1150,61,0.004347826086956522,0.08196721311475409,0.0041459369817578775
2016,2017,92,52,1,1150,59,8.695652173913044e-4,0.01694915254237288,8.278145695364238e-4
2016,2017,92,53,1,1150,42,8.695652173913044e-4,0.023809523809523808,8.396305625524769e-4
2016,2017,92,54,1,1150,30,8.695652173913044e-4,0.03333333333333333,8.481764206955047e-4
2016,2017,92,55,3,1150,137,0.0026086956521739132,0.021897810218978103,0.002336448598130841
2016,2017,92,56,1,1150,65,8.695652173913044e-4,0.015384615384615385,8.237232289950577e-4
2016,2017,92,57,3,1150,223,0.0026086956521739132,0.013452914798206279,0.0021897810218978104
2016,2017,92,58,1,1150,109,8.695652173913044e-4,0.009174311926605505,7.94912559618442e-4
2016,2017,92,59,2,1150,92,0.0017391304347826088,0.021739130434782608,0.0016129032258064516
2016,2017,92,60,10,1150,128,0.008695652173913044,0.078125,0.007886435331230283
2016,2017,92,61,3,1150,56,0.0026086956521739132,0.05357142857142857,0.0024937655860349127
2016,2017,92,62,1,1150,70,8.695652173913044e-4,0.014285714285714285,8.203445447087777e-4
2016,2017,92,63,2,1150,100,0.0017391304347826088,0.02,0.0016025641025641025
2016,2017,92,64,1,1150,55,8.695652173913044e-4,0.01818181818181818,8.305647840531562e-4
2016,2017,92,65,2,1150,90,0.0017391304347826088,0.022222222222222223,0.0016155088852988692
2016,2017,92,68,2,1150,60,0.0017391304347826088,0.03333333333333333,0.0016556291390728477
2016,2017,92,69,30,1150,477,0.02608695652173913,0.06289308176100629,0.01878522229179712
2016,2017,92,70,1,1150,123,8.695652173913044e-4,0.008130081300813009,7.861635220125787e-4
2016,2017,92,71,8,1150,76,0.006956521739130435,0.10526315789473684,0.006568144499178982
2016,2017,92,72,26,1150,164,0.022608695652173914,0.15853658536585366,0.020186335403726708
2016,2017,92,73,365,1150,1072,0.3173913043478261,0.34048507462686567,0.19655358104469575
2016,2017,92,74,8,1150,106,0.006956521739130435,0.07547169811320754,0.00641025641025641
2016,2017,92,76,1,1150,51,8.695652173913044e-4,0.0196078431372549,8.333333333333334e-4
2016,2017,92,77,1,1150,80,8.695652173913044e-4,0.0125,8.136696501220504e-4
2016,2017,92,78,1,1150,66,8.695652173913044e-4,0.015151515151515152,8.230452674897119e-4
2016,2017,92,79,2,1150,46,0.0017391304347826088,0.043478260869565216,0.0016750418760469012
2016,2017,92,80,6,1150,132,0.0052173913043478265,0.045454545454545456,0.004702194357366771
2016,2017,92,81,2,1150,41,0.0017391304347826088,0.04878048780487805,0.001682085786375105
2016,2017,92,82,1,1150,30,8.695652173913044e-4,0.03333333333333333,8.481764206955047e-4
2016,2017,92,83,4,1150,80,0.0034782608695652175,0.05,0.0032626427406199023
2016,2017,92,84,1,1150,61,8.695652173913044e-4,0.01639344262295082,8.264462809917355e-4
2016,2017,92,85,3,1150,51,0.0026086956521739132,0.058823529411764705,0.0025041736227045075
2016,2017,92,86,2,1150,126,0.0017391304347826088,0.015873015873015872,0.0015698587127158557
2016,2017,92,87,28,1150,509,0.02434782608695652,0.0550098231827112,0.017167381974248927
2016,2017,92,88,7,1150,35,0.00608695652173913,0.2,0.005942275042444821
2016,2017,92,89,2,1150,199,0.0017391304347826088,0.010050251256281407,0.0014847809948032665
2016,2017,92,90,5,1150,104,0.004347826086956522,0.04807692307692308,0.0040032025620496394
2016,2017,92,91,5,1150,142,0.004347826086956522,0.035211267605633804,0.003885003885003885
2016,2017,92,92,1,1150,47,8.695652173913044e-4,0.02127659574468085,8.361204013377926e-4
2016,2017,92,93,1,1150,54,8.695652173913044e-4,0.018518518518518517,8.312551953449709e-4
2016,2017,92,94,2,1150,101,0.0017391304347826088,0.019801980198019802,0.0016012810248198558
2016,2017,93,47,29,30,51,0.9666666666666667,0.5686274509803921,0.5576923076923077
2016,2017,94,17,1,282,62,0.0035460992907801418,0.016129032258064516,0.0029154518950437317
2016,2017,94,45,1,282,146,0.0035460992907801418,0.00684931506849315,0.00234192037470726
2016,2017,94,46,2,282,79,0.0070921985815602835,0.02531645569620253,0.005571030640668524
2016,2017,94,47,1,282,51,0.0035460992907801418,0.0196078431372549,0.0030120481927710845
2016,2017,94,48,254,282,315,0.900709219858156,0.8063492063492064,0.7405247813411079
2016,2017,94,73,1,282,1072,0.0035460992907801418,9.328358208955224e-4,7.390983000739098e-4
2017,2018,0,0,148,150,155,0.9866666666666667,0.9548387096774194,0.9426751592356688
2017,2018,0,90,1,150,377,0.006666666666666667,0.002652519893899204,0.0019011406844106464
2017,2018,1,1,32,32,36,1,0.8888888888888888,0.8888888888888888
2017,2018,2,3,139,141,200,0.9858156028368794,0.695,0.6881188118811881
2017,2018,2,35,1,141,43,0.0070921985815602835,0.023255813953488372,0.00546448087431694
2017,2018,3,2,33,35,48,0.9428571428571428,0.6875,0.66
2017,2018,3,49,1,35,93,0.02857142857142857,0.010752688172043012,0.007874015748031496
2017,2018,3,111,1,35,925,0.02857142857142857,0.001081081081081081,0.0010427528675703858
2017,2018,4,6,74,78,78,0.9487179487179487,0.9487179487179487,0.9024390243902439
2017,2018,4,11,2,78,136,0.02564102564102564,0.014705882352941176,0.009433962264150943
2017,2018,4,22,1,78,319,0.01282051282051282,0.003134796238244514,0.0025252525252525255
2017,2018,5,42,66,67,81,0.9850746268656716,0.8148148148148148,0.8048780487804879
2017,2018,6,7,33,35,43,0.9428571428571428,0.7674418604651163,0.7333333333333333
2017,2018,6,37,1,35,32,0.02857142857142857,0.03125,0.015151515151515152
2017,2018,7,2,1,1868,48,5.353319057815846e-4,0.020833333333333332,5.221932114882506e-4
2017,2018,7,7,6,1868,43,0.0032119914346895075,0.13953488372093023,0.0031496062992125984
2017,2018,7,9,1,1868,35,5.353319057815846e-4,0.02857142857142857,5.257623554153522e-4
2017,2018,7,10,63,1868,80,0.03372591006423983,0.7875,0.033421750663129975
2017,2018,7,12,221,1868,257,0.1183083511777302,0.8599221789883269,0.11607142857142858
2017,2018,7,13,27,1868,31,0.014453961456102784,0.8709677419354839,0.014423076923076924
2017,2018,7,16,47,1868,60,0.025160599571734475,0.7833333333333333,0.024986709197235512
2017,2018,7,19,242,1868,302,0.12955032119914348,0.8013245033112583,0.12551867219917012
2017,2018,7,23,37,1868,38,0.01980728051391863,0.9736842105263158,0.019796682718031033
2017,2018,7,24,61,1868,77,0.032655246252676656,0.7922077922077922,0.03237791932059448
2017,2018,7,28,1,1868,47,5.353319057815846e-4,0.02127659574468085,5.224660397074191e-4
2017,2018,7,29,43,1868,52,0.023019271948608137,0.8269230769230769,0.02290889717634523
2017,2018,7,30,94,1868,112,0.05032119914346895,0.8392857142857143,0.04984093319194061
2017,2018,7,33,154,1868,162,0.08244111349036402,0.9506172839506173,0.08208955223880597
2017,2018,7,34,43,1868,57,0.023019271948608137,0.7543859649122807,0.022848034006376194
2017,2018,7,35,39,1868,43,0.0208779443254818,0.9069767441860465,0.020833333333333332
2017,2018,7,37,20,1868,32,0.010706638115631691,0.625,0.010638297872340425
2017,2018,7,38,56,1868,74,0.029978586723768737,0.7567567567567568,0.029692470837751856
2017,2018,7,88,1,1868,142,5.353319057815846e-4,0.007042253521126761,4.977600796416127e-4
2017,2018,7,89,5,1868,535,0.0026766595289079227,0.009345794392523364,0.002085070892410342
2017,2018,7,110,2,1868,791,0.0010706638115631692,0.0025284450063211127,7.527286413248024e-4
2017,2018,7,111,16,1868,925,0.008565310492505354,0.017297297297297298,0.005761613251710479
2017,2018,8,4,71,79,82,0.8987341772151899,0.8658536585365854,0.7888888888888889
2017,2018,8,9,1,79,35,0.012658227848101266,0.02857142857142857,0.008849557522123894
2017,2018,8,111,1,79,925,0.012658227848101266,0.001081081081081081,9.970089730807576e-4
2017,2018,9,17,32,166,35,0.1927710843373494,0.9142857142857143,0.1893491124260355
2017,2018,9,18,120,166,127,0.7228915662650602,0.9448818897637795,0.6936416184971098
2017,2018,9,49,1,166,93,0.006024096385542169,0.010752688172043012,0.003875968992248062
2017,2018,9,101,1,166,333,0.006024096385542169,0.003003003003003003,0.002008032128514056
2017,2018,10,5,59,59,65,1,0.9076923076923077,0.9076923076923077
2017,2018,11,20,29,31,36,0.9354838709677419,0.8055555555555556,0.7631578947368421
2017,2018,11,27,1,31,31,0.03225806451612903,0.03225806451612903,0.01639344262295082
2017,2018,12,21,43,45,53,0.9555555555555556,0.8113207547169812,0.7818181818181819
2017,2018,13,5,1,285,65,0.0035087719298245615,0.015384615384615385,0.0028653295128939827
2017,2018,13,22,275,285,319,0.9649122807017544,0.8620689655172413,0.8358662613981763
2017,2018,13,44,1,285,55,0.0035087719298245615,0.01818181818181818,0.0029498525073746312
2017,2018,13,68,2,285,87,0.007017543859649123,0.022988505747126436,0.005405405405405406
2017,2018,14,11,108,123,136,0.8780487804878049,0.7941176470588235,0.7152317880794702
2017,2018,14,40,1,123,67,0.008130081300813009,0.014925373134328358,0.005291005291005291
2017,2018,14,51,3,123,260,0.024390243902439025,0.011538461538461539,0.007894736842105263
2017,2018,14,60,1,123,46,0.008130081300813009,0.021739130434782608,0.005952380952380952
2017,2018,14,76,1,123,101,0.008130081300813009,0.009900990099009901,0.004484304932735426
2017,2018,14,81,1,123,138,0.008130081300813009,0.007246376811594203,0.0038461538461538464
2017,2018,15,6,1,892,78,0.0011210762331838565,0.01282051282051282,0.0010319917440660474
2017,2018,15,11,1,892,136,0.0011210762331838565,0.007352941176470588,9.737098344693282e-4
2017,2018,15,18,1,892,127,0.0011210762331838565,0.007874015748031496,9.823182711198428e-4
2017,2018,15,48,98,892,105,0.10986547085201794,0.9333333333333333,0.10901001112347053
2017,2018,15,50,77,892,104,0.08632286995515695,0.7403846153846154,0.08378672470076169
2017,2018,15,52,34,892,36,0.03811659192825112,0.9444444444444444,0.03803131991051454
2017,2018,15,53,39,892,42,0.043721973094170405,0.9285714285714286,0.04357541899441341
2017,2018,15,54,28,892,30,0.03139013452914798,0.9333333333333333,0.03131991051454139
2017,2018,15,55,51,892,52,0.05717488789237668,0.9807692307692307,0.05711086226203808
2017,2018,15,56,40,892,45,0.04484304932735426,0.8888888888888888,0.044593088071348944
2017,2018,15,57,57,892,61,0.06390134529147982,0.9344262295081968,0.06361607142857142
2017,2018,15,58,137,892,148,0.15358744394618834,0.9256756756756757,0.15171650055370986
2017,2018,15,72,1,892,117,0.0011210762331838565,0.008547008547008548,9.92063492063492e-4
2017,2018,15,101,1,892,333,0.0011210762331838565,0.003003003003003003,8.169934640522876e-4
2017,2018,15,111,1,892,925,0.0011210762331838565,0.001081081081081081,5.506607929515419e-4
2017,2018,16,14,61,65,65,0.9384615384615385,0.9384615384615385,0.8840579710144928
2017,2018,16,111,1,65,925,0.015384615384615385,0.001081081081081081,0.0010111223458038423
2017,2018,17,31,58,62,62,0.9354838709677419,0.9354838709677419,0.8787878787878788
2017,2018,17,38,1,62,74,0.016129032258064516,0.013513513513513514,0.007407407407407408
2017,2018,18,28,41,44,47,0.9318181818181818,0.8723404255319149,0.82
2017,2018,19,22,1,45,319,0.022222222222222223,0.003134796238244514,0.0027548209366391185
2017,2018,19,36,44,45,50,0.9777777777777777,0.88,0.8627450980392157
2017,2018,20,40,56,59,67,0.9491525423728814,0.835820895522388,0.8
2017,2018,21,44,24,30,55,0.8,0.43636363636363634,0.39344262295081966
2017,2018,21,111,1,30,925,0.03333333333333333,0.001081081081081081,0.0010482180293501049
2017,2018,22,43,103,111,131,0.9279279279279279,0.7862595419847328,0.7410071942446043
2017,2018,22,76,1,111,101,0.009009009009009009,0.009900990099009901,0.004739336492890996
2017,2018,23,43,1,40,131,0.025,0.007633587786259542,0.0058823529411764705
2017,2018,23,59,31,40,39,0.775,0.7948717948717948,0.6458333333333334
2017,2018,24,32,101,103,127,0.9805825242718447,0.7952755905511811,0.7829457364341085
2017,2018,25,51,102,102,260,1,0.3923076923076923,0.3923076923076923
2017,2018,26,51,33,34,260,0.9705882352941176,0.12692307692307692,0.12643678160919541
2017,2018,27,47,88,94,111,0.9361702127659575,0.7927927927927928,0.7521367521367521
2017,2018,28,15,41,44,44,0.9318181818181818,0.9318181818181818,0.8723404255319149
2017,2018,28,111,1,44,925,0.022727272727272728,0.001081081081081081,0.0010330578512396695
2017,2018,29,9,1,49,35,0.02040816326530612,0.02857142857142857,0.012048192771084338
2017,2018,29,95,40,49,47,0.8163265306122449,0.851063829787234,0.7142857142857143
2017,2018,30,39,40,40,50,1,0.8,0.8
2017,2018,31,18,1,65,127,0.015384615384615385,0.007874015748031496,0.005235602094240838
2017,2018,31,42,1,65,81,0.015384615384615385,0.012345679012345678,0.006896551724137931
2017,2018,31,46,56,65,64,0.8615384615384616,0.875,0.7671232876712328
2017,2018,31,111,1,65,925,0.015384615384615385,0.001081081081081081,0.0010111223458038423
2017,2018,31,118,1,65,46,0.015384615384615385,0.021739130434782608,0.00909090909090909
2017,2018,32,61,25,39,42,0.6410256410256411,0.5952380952380952,0.44642857142857145
2017,2018,32,62,1,39,78,0.02564102564102564,0.01282051282051282,0.008620689655172414
2017,2018,33,69,28,33,40,0.8484848484848485,0.7,0.6222222222222222
2017,2018,34,75,155,168,176,0.9226190476190477,0.8806818181818182,0.8201058201058201
2017,2018,34,97,1,168,382,0.005952380952380952,0.002617801047120419,0.0018214936247723133
2017,2018,35,93,37,67,37,0.5522388059701493,1,0.5522388059701493
2017,2018,35,98,1,67,127,0.014925373134328358,0.007874015748031496,0.0051813471502590676
2017,2018,36,11,1,107,136,0.009345794392523364,0.007352941176470588,0.004132231404958678
2017,2018,36,65,103,107,127,0.9626168224299065,0.8110236220472441,0.7862595419847328
2017,2018,36,81,1,107,138,0.009345794392523364,0.007246376811594203,0.004098360655737705
2017,2018,37,61,1,71,42,0.014084507042253521,0.023809523809523808,0.008928571428571428
2017,2018,37,62,60,71,78,0.8450704225352113,0.7692307692307693,0.6741573033707865
2017,2018,38,5,1,69,65,0.014492753623188406,0.015384615384615385,0.007518796992481203
2017,2018,38,63,65,69,71,0.9420289855072463,0.9154929577464789,0.8666666666666667
2017,2018,39,25,2,77,88,0.025974025974025976,0.022727272727272728,0.012269938650306749
2017,2018,39,26,71,77,101,0.922077922077922,0.7029702970297029,0.6635514018691588
2017,2018,39,76,1,77,101,0.012987012987012988,0.009900990099009901,0.005649717514124294
2017,2018,39,111,1,77,925,0.012987012987012988,0.001081081081081081,9.99000999000999e-4
2017,2018,40,25,72,77,88,0.935064935064935,0.8181818181818182,0.7741935483870968
2017,2018,40,26,2,77,101,0.025974025974025976,0.019801980198019802,0.011363636363636364
2017,2018,41,60,35,36,46,0.9722222222222222,0.7608695652173914,0.7446808510638298
2017,2018,42,0,1,72,155,0.013888888888888888,0.0064516129032258064,0.004424778761061947
2017,2018,42,49,64,72,93,0.8888888888888888,0.6881720430107527,0.6336633663366337
2017,2018,42,65,1,72,127,0.013888888888888888,0.007874015748031496,0.005050505050505051
2017,2018,42,94,1,72,103,0.013888888888888888,0.009708737864077669,0.005747126436781609
2017,2018,42,108,1,72,144,0.013888888888888888,0.006944444444444444,0.004651162790697674
2017,2018,42,110,1,72,791,0.013888888888888888,0.0012642225031605564,0.001160092807424594
2017,2018,43,100,31,34,48,0.9117647058823529,0.6458333333333334,0.6078431372549019
2017,2018,44,63,2,80,71,0.025,0.028169014084507043,0.013422818791946308
2017,2018,44,64,71,80,85,0.8875,0.8352941176470589,0.7553191489361702
2017,2018,44,100,2,80,48,0.025,0.041666666666666664,0.015873015873015872
2017,2018,45,2,1,146,48,0.00684931506849315,0.020833333333333332,0.0051813471502590676
2017,2018,45,45,1,146,91,0.00684931506849315,0.01098901098901099,0.00423728813559322
2017,2018,45,81,122,146,138,0.8356164383561644,0.8840579710144928,0.7530864197530864
2017,2018,45,97,1,146,382,0.00684931506849315,0.002617801047120419,0.0018975332068311196
2017,2018,46,31,1,79,62,0.012658227848101266,0.016129032258064516,0.007142857142857143
2017,2018,46,111,1,79,925,0.012658227848101266,0.001081081081081081,9.970089730807576e-4
2017,2018,46,119,44,79,50,0.5569620253164557,0.88,0.5176470588235295
2017,2018,47,118,39,51,46,0.7647058823529411,0.8478260869565217,0.6724137931034483
2017,2018,47,119,1,51,50,0.0196078431372549,0.02,0.01
2017,2018,48,38,1,315,74,0.0031746031746031746,0.013513513513513514,0.002577319587628866
2017,2018,48,47,1,315,111,0.0031746031746031746,0.009009009009009009,0.002352941176470588
2017,2018,48,111,1,315,925,0.0031746031746031746,0.001081081081081081,8.071025020177562e-4
2017,2018,48,117,235,315,276,0.746031746031746,0.8514492753623188,0.6601123595505618
2017,2018,49,111,32,38,925,0.8421052631578947,0.034594594594594595,0.034371643394199784
2017,2018,50,11,1,61,136,0.01639344262295082,0.007352941176470588,0.00510204081632653
2017,2018,50,44,1,61,55,0.01639344262295082,0.01818181818181818,0.008695652173913044
2017,2018,50,45,55,61,91,0.9016393442622951,0.6043956043956044,0.5670103092783505
2017,2018,51,90,46,53,377,0.8679245283018868,0.1220159151193634,0.11979166666666667
2017,2018,52,76,53,59,101,0.8983050847457628,0.5247524752475248,0.4953271028037383
2017,2018,52,97,1,59,382,0.01694915254237288,0.002617801047120419,0.0022727272727272726
2017,2018,53,68,2,42,87,0.047619047619047616,0.022988505747126436,0.015748031496062992
2017,2018,53,99,1,42,30,0.023809523809523808,0.03333333333333333,0.014084507042253521
2017,2018,54,89,27,30,535,0.9,0.05046728971962617,0.05018587360594796
2017,2018,54,110,1,30,791,0.03333333333333333,0.0012642225031605564,0.0012195121951219512
2017,2018,55,46,1,137,64,0.0072992700729927005,0.015625,0.005
2017,2018,55,88,126,137,142,0.9197080291970803,0.8873239436619719,0.8235294117647058
2017,2018,56,65,1,65,127,0.015384615384615385,0.007874015748031496,0.005235602094240838
2017,2018,56,66,1,65,80,0.015384615384615385,0.0125,0.006944444444444444
2017,2018,56,71,58,65,71,0.8923076923076924,0.8169014084507042,0.7435897435897436
2017,2018,57,89,221,223,535,0.9910313901345291,0.4130841121495327,0.41154562383612664
2017,2018,57,111,1,223,925,0.004484304932735426,0.001081081081081081,8.718395815170009e-4
2017,2018,58,89,109,109,535,1,0.20373831775700935,0.20373831775700935
2017,2018,59,70,75,92,99,0.8152173913043478,0.7575757575757576,0.646551724137931
2017,2018,59,97,1,92,382,0.010869565217391304,0.002617801047120419,0.0021141649048625794
2017,2018,60,79,86,128,96,0.671875,0.8958333333333334,0.6231884057971014
2017,2018,61,6,1,56,78,0.017857142857142856,0.01282051282051282,0.007518796992481203
2017,2018,61,78,47,56,61,0.8392857142857143,0.7704918032786885,0.6714285714285714
2017,2018,62,67,60,70,82,0.8571428571428571,0.7317073170731707,0.6521739130434783
2017,2018,62,68,1,70,87,0.014285714285714285,0.011494252873563218,0.00641025641025641
2017,2018,63,8,1,100,32,0.01,0.03125,0.007633587786259542
2017,2018,63,71,1,100,71,0.01,0.014084507042253521,0.0058823529411764705
2017,2018,63,72,91,100,117,0.91,0.7777777777777778,0.7222222222222222
2017,2018,63,111,1,100,925,0.01,0.001081081081081081,9.765625e-4
2017,2018,64,66,53,55,80,0.9636363636363636,0.6625,0.6463414634146342
2017,2018,64,72,1,55,117,0.01818181818181818,0.008547008547008548,0.005847953216374269
2017,2018,65,11,1,90,136,0.011111111111111112,0.007352941176470588,0.0044444444444444444
2017,2018,65,94,84,90,103,0.9333333333333333,0.8155339805825242,0.7706422018348624
2017,2018,66,6,1,89,78,0.011235955056179775,0.01282051282051282,0.006024096385542169
2017,2018,66,91,33,89,45,0.3707865168539326,0.7333333333333333,0.32673267326732675
2017,2018,66,92,39,89,63,0.43820224719101125,0.6190476190476191,0.34513274336283184
2017,2018,66,97,1,89,382,0.011235955056179775,0.002617801047120419,0.002127659574468085
2017,2018,67,98,55,55,127,1,0.4330708661417323,0.4330708661417323
2017,2018,68,11,1,60,136,0.016666666666666666,0.007352941176470588,0.005128205128205128
2017,2018,68,61,1,60,42,0.016666666666666666,0.023809523809523808,0.009900990099009901
2017,2018,68,87,51,60,57,0.85,0.8947368421052632,0.7727272727272727
2017,2018,68,97,2,60,382,0.03333333333333333,0.005235602094240838,0.004545454545454545
2017,2018,68,111,1,60,925,0.016666666666666666,0.001081081081081081,0.0010162601626016261
2017,2018,69,32,1,477,127,0.0020964360587002098,0.007874015748031496,0.001658374792703151
2017,2018,69,61,1,477,42,0.0020964360587002098,0.023809523809523808,0.0019305019305019305
2017,2018,69,70,1,477,99,0.0020964360587002098,0.010101010101010102,0.0017391304347826088
2017,2018,69,82,1,477,149,0.0020964360587002098,0.006711409395973154,0.0016
2017,2018,69,88,1,477,142,0.0020964360587002098,0.007042253521126761,0.0016181229773462784
2017,2018,69,91,1,477,45,0.0020964360587002098,0.022222222222222223,0.0019193857965451055
2017,2018,69,92,11,477,63,0.023060796645702306,0.1746031746031746,0.020793950850661626
2017,2018,69,96,100,477,118,0.20964360587002095,0.847457627118644,0.20202020202020202
2017,2018,69,97,234,477,382,0.49056603773584906,0.612565445026178,0.3744
2017,2018,69,111,2,477,925,0.0041928721174004195,0.002162162162162162,0.0014285714285714286
2017,2018,70,77,105,123,120,0.8536585365853658,0.875,0.7608695652173914
2017,2018,70,80,1,123,46,0.008130081300813009,0.021739130434782608,0.005952380952380952
2017,2018,71,22,3,76,319,0.039473684210526314,0.009404388714733543,0.007653061224489796
2017,2018,71,45,1,76,91,0.013157894736842105,0.01098901098901099,0.006024096385542169
2017,2018,71,68,46,76,87,0.6052631578947368,0.5287356321839081,0.39316239316239315
2017,2018,71,73,1,76,93,0.013157894736842105,0.010752688172043012,0.005952380952380952
2017,2018,71,111,2,76,925,0.02631578947368421,0.002162162162162162,0.002002002002002002
2017,2018,72,90,138,164,377,0.8414634146341463,0.3660477453580902,0.3424317617866005
2017,2018,72,111,5,164,925,0.03048780487804878,0.005405405405405406,0.004612546125461255
2017,2018,73,0,1,1072,155,9.328358208955224e-4,0.0064516129032258064,8.156606851549756e-4
2017,2018,73,2,3,1072,48,0.002798507462686567,0.0625,0.0026857654431512983
2017,2018,73,3,7,1072,200,0.0065298507462686565,0.035,0.005533596837944664
2017,2018,73,4,2,1072,82,0.0018656716417910447,0.024390243902439025,0.001736111111111111
2017,2018,73,5,2,1072,65,0.0018656716417910447,0.03076923076923077,0.001762114537444934
2017,2018,73,7,1,1072,43,9.328358208955224e-4,0.023255813953488372,8.976660682226212e-4
2017,2018,73,8,1,1072,32,9.328358208955224e-4,0.03125,9.066183136899365e-4
2017,2018,73,9,1,1072,35,9.328358208955224e-4,0.02857142857142857,9.041591320072332e-4
2017,2018,73,10,2,1072,80,0.0018656716417910447,0.025,0.0017391304347826088
2017,2018,73,11,5,1072,136,0.0046641791044776115,0.03676470588235294,0.004156275976724855
2017,2018,73,12,11,1072,257,0.010261194029850746,0.042801556420233464,0.00834597875569044
2017,2018,73,13,2,1072,31,0.0018656716417910447,0.06451612903225806,0.0018165304268846503
2017,2018,73,14,3,1072,65,0.002798507462686567,0.046153846153846156,0.0026455026455026454
2017,2018,73,16,5,1072,60,0.0046641791044776115,0.08333333333333333,0.0044365572315882874
2017,2018,73,17,1,1072,35,9.328358208955224e-4,0.02857142857142857,9.041591320072332e-4
2017,2018,73,18,1,1072,127,9.328358208955224e-4,0.007874015748031496,8.347245409015025e-4
2017,2018,73,19,3,1072,302,0.002798507462686567,0.009933774834437087,0.002188183807439825
2017,2018,73,20,1,1072,36,9.328358208955224e-4,0.027777777777777776,9.033423667570009e-4
2017,2018,73,21,1,1072,53,9.328358208955224e-4,0.018867924528301886,8.896797153024911e-4
2017,2018,73,22,11,1072,319,0.010261194029850746,0.034482758620689655,0.007971014492753623
2017,2018,73,24,4,1072,77,0.0037313432835820895,0.05194805194805195,0.0034934497816593887
2017,2018,73,26,5,1072,101,0.0046641791044776115,0.04950495049504951,0.004280821917808219
2017,2018,73,27,1,1072,31,9.328358208955224e-4,0.03225806451612903,9.074410163339383e-4
2017,2018,73,28,1,1072,47,9.328358208955224e-4,0.02127659574468085,8.944543828264759e-4
2017,2018,73,29,1,1072,52,9.328358208955224e-4,0.019230769230769232,8.904719501335708e-4
2017,2018,73,30,2,1072,112,0.0018656716417910447,0.017857142857142856,0.001692047377326565
2017,2018,73,31,1,1072,62,9.328358208955224e-4,0.016129032258064516,8.8261253309797e-4
2017,2018,73,32,6,1072,127,0.005597014925373134,0.047244094488188976,0.005029337803855826
2017,2018,73,33,2,1072,162,0.0018656716417910447,0.012345679012345678,0.0016233766233766235
2017,2018,73,34,1,1072,57,9.328358208955224e-4,0.017543859649122806,8.865248226950354e-4
2017,2018,73,36,1,1072,50,9.328358208955224e-4,0.02,8.920606601248885e-4
2017,2018,73,37,4,1072,32,0.0037313432835820895,0.125,0.0036363636363636364
2017,2018,73,38,6,1072,74,0.005597014925373134,0.08108108108108109,0.005263157894736842
2017,2018,73,39,4,1072,50,0.0037313432835820895,0.08,0.0035778175313059034
2017,2018,73,40,5,1072,67,0.0046641791044776115,0.07462686567164178,0.004409171075837742
2017,2018,73,41,1,1072,35,9.328358208955224e-4,0.02857142857142857,9.041591320072332e-4
2017,2018,73,42,4,1072,81,0.0037313432835820895,0.04938271604938271,0.0034812880765883376
2017,2018,73,43,4,1072,131,0.0037313432835820895,0.030534351145038167,0.003336113427856547
2017,2018,73,44,3,1072,55,0.002798507462686567,0.05454545454545454,0.0026690391459074734
2017,2018,73,45,5,1072,91,0.0046641791044776115,0.054945054945054944,0.004317789291882556
2017,2018,73,46,2,1072,64,0.0018656716417910447,0.03125,0.001763668430335097
2017,2018,73,47,4,1072,111,0.0037313432835820895,0.036036036036036036,0.0033927056827820186
2017,2018,73,48,1,1072,105,9.328358208955224e-4,0.009523809523809525,8.503401360544217e-4
2017,2018,73,49,2,1072,93,0.0018656716417910447,0.021505376344086023,0.0017196904557179708
2017,2018,73,50,5,1072,104,0.0046641791044776115,0.04807692307692308,0.004269854824935952
2017,2018,73,51,2,1072,260,0.0018656716417910447,0.007692307692307693,0.0015037593984962407
2017,2018,73,53,2,1072,42,0.0018656716417910447,0.047619047619047616,0.0017985611510791368
2017,2018,73,56,2,1072,45,0.0018656716417910447,0.044444444444444446,0.0017937219730941704
2017,2018,73,57,1,1072,61,9.328358208955224e-4,0.01639344262295082,8.833922261484099e-4
2017,2018,73,58,4,1072,148,0.0037313432835820895,0.02702702702702703,0.003289473684210526
2017,2018,73,59,1,1072,39,9.328358208955224e-4,0.02564102564102564,9.009009009009009e-4
2017,2018,73,61,1,1072,42,9.328358208955224e-4,0.023809523809523808,8.984725965858042e-4
2017,2018,73,62,2,1072,78,0.0018656716417910447,0.02564102564102564,0.0017421602787456446
2017,2018,73,64,3,1072,85,0.002798507462686567,0.03529411764705882,0.0025996533795493936
2017,2018,73,65,3,1072,127,0.002798507462686567,0.023622047244094488,0.002508361204013378
2017,2018,73,66,5,1072,80,0.0046641791044776115,0.0625,0.004359197907585004
2017,2018,73,67,5,1072,82,0.0046641791044776115,0.06097560975609756,0.004351610095735422
2017,2018,73,68,4,1072,87,0.0037313432835820895,0.04597701149425287,0.003463203463203463
2017,2018,73,69,2,1072,40,0.0018656716417910447,0.05,0.0018018018018018018
2017,2018,73,70,4,1072,99,0.0037313432835820895,0.04040404040404041,0.003427592116538132
2017,2018,73,71,3,1072,71,0.002798507462686567,0.04225352112676056,0.002631578947368421
2017,2018,73,72,1,1072,117,9.328358208955224e-4,0.008547008547008548,8.417508417508417e-4
2017,2018,73,73,3,1072,93,0.002798507462686567,0.03225806451612903,0.0025817555938037868
2017,2018,73,74,8,1072,136,0.007462686567164179,0.058823529411764705,0.006666666666666667
2017,2018,73,75,6,1072,176,0.005597014925373134,0.03409090909090909,0.004830917874396135
2017,2018,73,77,1,1072,120,9.328358208955224e-4,0.008333333333333333,8.396305625524769e-4
2017,2018,73,78,3,1072,61,0.002798507462686567,0.04918032786885246,0.002654867256637168
2017,2018,73,79,5,1072,96,0.0046641791044776115,0.052083333333333336,0.004299226139294927
2017,2018,73,81,6,1072,138,0.005597014925373134,0.043478260869565216,0.0049833887043189366
2017,2018,73,82,4,1072,149,0.0037313432835820895,0.026845637583892617,0.003286770747740345
2017,2018,73,84,1,1072,66,9.328358208955224e-4,0.015151515151515152,8.795074758135445e-4
2017,2018,73,85,2,1072,31,0.0018656716417910447,0.06451612903225806,0.0018165304268846503
2017,2018,73,86,5,1072,91,0.0046641791044776115,0.054945054945054944,0.004317789291882556
2017,2018,73,87,4,1072,57,0.0037313432835820895,0.07017543859649122,0.0035555555555555557
2017,2018,73,88,5,1072,142,0.0046641791044776115,0.035211267605633804,0.0041356492969396195
2017,2018,73,89,15,1072,535,0.013992537313432836,0.028037383177570093,0.009422110552763818
2017,2018,73,90,7,1072,377,0.0065298507462686565,0.01856763925729443,0.0048543689320388345
2017,2018,73,91,4,1072,45,0.0037313432835820895,0.08888888888888889,0.0035938903863432167
2017,2018,73,94,1,1072,103,9.328358208955224e-4,0.009708737864077669,8.517887563884157e-4
2017,2018,73,95,2,1072,47,0.0018656716417910447,0.0425531914893617,0.0017905102954341987
2017,2018,73,96,2,1072,118,0.0018656716417910447,0.01694915254237288,0.0016835016835016834
2017,2018,73,97,17,1072,382,0.01585820895522388,0.04450261780104712,0.011830201809324982
2017,2018,73,98,2,1072,127,0.0018656716417910447,0.015748031496062992,0.001670843776106934
2017,2018,73,101,17,1072,333,0.01585820895522388,0.05105105105105105,0.012247838616714697
2017,2018,73,102,1,1072,42,9.328358208955224e-4,0.023809523809523808,8.984725965858042e-4
2017,2018,73,104,3,1072,34,0.002798507462686567,0.08823529411764706,0.0027198549410698096
2017,2018,73,105,2,1072,73,0.0018656716417910447,0.0273972602739726,0.0017497812773403325
2017,2018,73,106,5,1072,61,0.0046641791044776115,0.08196721311475409,0.004432624113475178
2017,2018,73,108,1,1072,144,9.328358208955224e-4,0.006944444444444444,8.230452674897119e-4
2017,2018,73,109,1,1072,41,9.328358208955224e-4,0.024390243902439025,8.992805755395684e-4
2017,2018,73,110,40,1072,791,0.03731343283582089,0.05056890012642225,0.021941854086670324
2017,2018,73,111,334,1072,925,0.31156716417910446,0.36108108108108106,0.20084185207456404
2017,2018,73,112,2,1072,57,0.0018656716417910447,0.03508771929824561,0.001774622892635315
2017,2018,73,113,4,1072,76,0.0037313432835820895,0.05263157894736842,0.0034965034965034965
2017,2018,73,114,1,1072,31,9.328358208955224e-4,0.03225806451612903,9.074410163339383e-4
2017,2018,73,116,1,1072,77,9.328358208955224e-4,0.012987012987012988,8.710801393728223e-4
2017,2018,73,117,6,1072,276,0.005597014925373134,0.021739130434782608,0.004470938897168405
2017,2018,74,3,1,106,200,0.009433962264150943,0.005,0.003278688524590164
2017,2018,74,22,1,106,319,0.009433962264150943,0.003134796238244514,0.0023584905660377358
2017,2018,74,32,1,106,127,0.009433962264150943,0.007874015748031496,0.004310344827586207
2017,2018,74,65,1,106,127,0.009433962264150943,0.007874015748031496,0.004310344827586207
2017,2018,74,73,68,106,93,0.6415094339622641,0.7311827956989247,0.5190839694656488
2017,2018,74,74,22,106,136,0.20754716981132076,0.16176470588235295,0.1
2017,2018,74,111,2,106,925,0.018867924528301886,0.002162162162162162,0.001943634596695821
2017,2018,75,27,1,106,31,0.009433962264150943,0.03225806451612903,0.007352941176470588
2017,2018,75,49,1,106,93,0.009433962264150943,0.010752688172043012,0.005050505050505051
2017,2018,75,74,85,106,136,0.8018867924528302,0.625,0.5414012738853503
2017,2018,75,76,1,106,101,0.009433962264150943,0.009900990099009901,0.0048543689320388345
2017,2018,75,77,1,106,120,0.009433962264150943,0.008333333333333333,0.0044444444444444444
2017,2018,76,89,1,51,535,0.0196078431372549,0.001869158878504673,0.0017094017094017094
2017,2018,76,99,13,51,30,0.2549019607843137,0.43333333333333335,0.19117647058823528
2017,2018,76,102,31,51,42,0.6078431372549019,0.7380952380952381,0.5
2017,2018,77,65,1,80,127,0.0125,0.007874015748031496,0.0048543689320388345
2017,2018,77,80,43,80,46,0.5375,0.9347826086956522,0.5180722891566265
2017,2018,77,83,23,80,86,0.2875,0.26744186046511625,0.16083916083916083
2017,2018,78,84,56,66,66,0.8484848484848485,0.8484848484848485,0.7368421052631579
2017,2018,78,111,1,66,925,0.015151515151515152,0.001081081081081081,0.00101010101010101
2017,2018,79,83,37,46,86,0.8043478260869565,0.43023255813953487,0.3894736842105263
2017,2018,80,70,1,132,99,0.007575757575757576,0.010101010101010102,0.004347826086956522
2017,2018,80,108,1,132,144,0.007575757575757576,0.006944444444444444,0.0036363636363636364
2017,2018,80,113,54,132,76,0.4090909090909091,0.7105263157894737,0.35064935064935066
2017,2018,81,103,33,41,57,0.8048780487804879,0.5789473684210527,0.5076923076923077
2017,2018,82,98,29,30,127,0.9666666666666667,0.2283464566929134,0.2265625
2017,2018,83,101,1,80,333,0.0125,0.003003003003003003,0.0024271844660194173
2017,2018,83,104,24,80,34,0.3,0.7058823529411765,0.26666666666666666
2017,2018,83,105,4,80,73,0.05,0.0547945205479452,0.026845637583892617
2017,2018,84,105,57,61,73,0.9344262295081968,0.7808219178082192,0.7402597402597403
2017,2018,85,112,45,51,57,0.8823529411764706,0.7894736842105263,0.7142857142857143
2017,2018,85,113,3,51,76,0.058823529411764705,0.039473684210526314,0.024193548387096774
2017,2018,86,108,98,126,144,0.7777777777777778,0.6805555555555556,0.5697674418604651
2017,2018,87,10,1,509,80,0.0019646365422396855,0.0125,0.0017006802721088435
2017,2018,87,32,1,509,127,0.0019646365422396855,0.007874015748031496,0.0015748031496062992
2017,2018,87,50,1,509,104,0.0019646365422396855,0.009615384615384616,0.0016339869281045752
2017,2018,87,62,2,509,78,0.003929273084479371,0.02564102564102564,0.003418803418803419
2017,2018,87,89,1,509,535,0.0019646365422396855,0.001869158878504673,9.587727708533077e-4
2017,2018,87,90,1,509,377,0.0019646365422396855,0.002652519893899204,0.0011299435028248588
2017,2018,87,101,1,509,333,0.0019646365422396855,0.003003003003003003,0.0011890606420927466
2017,2018,87,110,463,509,791,0.9096267190569745,0.5853350189633375,0.5531660692951016
2017,2018,87,111,1,509,925,0.0019646365422396855,0.001081081081081081,6.978367062107466e-4
2017,2018,88,101,34,35,333,0.9714285714285714,0.1021021021021021,0.10179640718562874
2017,2018,89,10,1,199,80,0.005025125628140704,0.0125,0.0035971223021582736
2017,2018,89,11,1,199,136,0.005025125628140704,0.007352941176470588,0.0029940119760479044
2017,2018,89,101,191,199,333,0.9597989949748744,0.5735735735735735,0.5601173020527859
2017,2018,90,85,23,104,31,0.22115384615384615,0.7419354838709677,0.20535714285714285
2017,2018,90,86,67,104,91,0.6442307692307693,0.7362637362637363,0.5234375
2017,2018,91,78,1,142,61,0.007042253521126761,0.01639344262295082,0.0049504950495049506
2017,2018,91,82,137,142,149,0.9647887323943662,0.9194630872483222,0.8896103896103896
2017,2018,91,86,1,142,91,0.007042253521126761,0.01098901098901099,0.004310344827586207
2017,2018,92,71,1,47,71,0.02127659574468085,0.014084507042253521,0.008547008547008548
2017,2018,92,90,1,47,377,0.02127659574468085,0.002652519893899204,0.002364066193853428
2017,2018,92,107,39,47,46,0.8297872340425532,0.8478260869565217,0.7222222222222222
2017,2018,92,111,2,47,925,0.0425531914893617,0.002162162162162162,0.002061855670103093
2017,2018,93,89,1,54,535,0.018518518518518517,0.001869158878504673,0.0017006802721088435
2017,2018,93,115,34,54,39,0.6296296296296297,0.8717948717948718,0.576271186440678
2017,2018,94,43,1,101,131,0.009900990099009901,0.007633587786259542,0.004329004329004329
2017,2018,94,94,1,101,103,0.009900990099009901,0.009708737864077669,0.0049261083743842365
2017,2018,94,107,1,101,46,0.009900990099009901,0.021739130434782608,0.00684931506849315
2017,2018,94,110,1,101,791,0.009900990099009901,0.0012642225031605564,0.001122334455667789
2017,2018,94,111,1,101,925,0.009900990099009901,0.001081081081081081,9.75609756097561e-4
2017,2018,94,114,17,101,31,0.16831683168316833,0.5483870967741935,0.14782608695652175
2017,2018,94,116,54,101,77,0.5346534653465347,0.7012987012987013,0.43548387096774194
2018,2019,0,0,153,155,162,0.9870967741935484,0.9444444444444444,0.9329268292682927
2018,2019,0,86,1,155,1108,0.0064516129032258064,9.025270758122744e-4,7.92393026941363e-4
2018,2019,1,1,35,36,43,0.9722222222222222,0.813953488372093,0.7954545454545454
2018,2019,2,2,46,48,62,0.9583333333333334,0.7419354838709677,0.71875
2018,2019,2,34,1,48,182,0.020833333333333332,0.005494505494505495,0.004366812227074236
2018,2019,2,86,1,48,1108,0.020833333333333332,9.025270758122744e-4,8.658008658008658e-4
2018,2019,3,4,186,200,212,0.93,0.8773584905660378,0.8230088495575221
2018,2019,3,63,1,200,150,0.005,0.006666666666666667,0.0028653295128939827
2018,2019,3,65,1,200,167,0.005,0.005988023952095809,0.00273224043715847
2018,2019,3,86,3,200,1108,0.015,0.002707581227436823,0.0022988505747126436
2018,2019,3,89,1,200,570,0.005,0.0017543859649122807,0.0013003901170351106
2018,2019,3,106,1,200,94,0.005,0.010638297872340425,0.0034129692832764505
2018,2019,3,126,1,200,223,0.005,0.004484304932735426,0.002369668246445498
2018,2019,4,30,75,82,92,0.9146341463414634,0.8152173913043478,0.7575757575757576
2018,2019,4,57,1,82,105,0.012195121951219513,0.009523809523809525,0.005376344086021506
2018,2019,4,86,1,82,1108,0.012195121951219513,9.025270758122744e-4,8.410428931875525e-4
2018,2019,5,3,2,65,87,0.03076923076923077,0.022988505747126436,0.013333333333333334
2018,2019,5,8,63,65,69,0.9692307692307692,0.9130434782608695,0.8873239436619719
2018,2019,6,3,73,78,87,0.9358974358974359,0.8390804597701149,0.7934782608695652
2018,2019,6,4,1,78,212,0.01282051282051282,0.0047169811320754715,0.0034602076124567475
2018,2019,6,86,1,78,1108,0.01282051282051282,9.025270758122744e-4,8.438818565400844e-4
2018,2019,7,111,22,43,30,0.5116279069767442,0.7333333333333333,0.43137254901960786
2018,2019,7,127,1,43,80,0.023255813953488372,0.0125,0.00819672131147541
2018,2019,8,6,31,32,45,0.96875,0.6888888888888889,0.6739130434782609
2018,2019,8,126,1,32,223,0.03125,0.004484304932735426,0.003937007874015748
2018,2019,9,7,33,35,37,0.9428571428571428,0.8918918918918919,0.8461538461538461
2018,2019,10,12,78,80,112,0.975,0.6964285714285714,0.6842105263157895
2018,2019,10,86,1,80,1108,0.0125,9.025270758122744e-4,8.424599831508003e-4
2018,2019,10,104,1,80,391,0.0125,0.0025575447570332483,0.002127659574468085
2018,2019,11,3,1,136,87,0.007352941176470588,0.011494252873563218,0.0045045045045045045
2018,2019,11,10,1,136,39,0.007352941176470588,0.02564102564102564,0.005747126436781609
2018,2019,11,33,122,136,156,0.8970588235294118,0.782051282051282,0.7176470588235294
2018,2019,11,86,2,136,1108,0.014705882352941176,0.0018050541516245488,0.001610305958132045
2018,2019,12,23,234,257,285,0.9105058365758755,0.8210526315789474,0.7597402597402597
2018,2019,13,14,30,31,42,0.967741935483871,0.7142857142857143,0.6976744186046512
2018,2019,14,24,63,65,74,0.9692307692307692,0.8513513513513513,0.8289473684210527
2018,2019,15,32,41,44,45,0.9318181818181818,0.9111111111111111,0.8541666666666666
2018,2019,16,15,25,60,69,0.4166666666666667,0.36231884057971014,0.2403846153846154
2018,2019,16,28,30,60,46,0.5,0.6521739130434783,0.39473684210526316
2018,2019,17,18,32,35,32,0.9142857142857143,1,0.9142857142857143
2018,2019,17,19,3,35,134,0.08571428571428572,0.022388059701492536,0.018072289156626505
2018,2019,18,4,1,127,212,0.007874015748031496,0.0047169811320754715,0.0029585798816568047
2018,2019,18,19,119,127,134,0.937007874015748,0.8880597014925373,0.8380281690140845
2018,2019,19,14,1,302,42,0.0033112582781456954,0.023809523809523808,0.0029154518950437317
2018,2019,19,15,1,302,69,0.0033112582781456954,0.014492753623188406,0.002702702702702703
2018,2019,19,25,3,302,143,0.009933774834437087,0.02097902097902098,0.006787330316742082
2018,2019,19,36,222,302,298,0.7350993377483444,0.7449664429530202,0.5873015873015873
2018,2019,19,38,1,302,288,0.0033112582781456954,0.003472222222222222,0.001697792869269949
2018,2019,19,39,3,302,82,0.009933774834437087,0.036585365853658534,0.007874015748031496
2018,2019,19,42,9,302,122,0.029801324503311258,0.07377049180327869,0.021686746987951807
2018,2019,19,43,4,302,90,0.013245033112582781,0.044444444444444446,0.010309278350515464
2018,2019,19,86,1,302,1108,0.0033112582781456954,9.025270758122744e-4,7.097232079489e-4
2018,2019,20,11,35,36,38,0.9722222222222222,0.9210526315789473,0.8974358974358975
2018,2019,21,83,53,53,107,1,0.4953271028037383,0.4953271028037383
2018,2019,22,3,1,319,87,0.003134796238244514,0.011494252873563218,0.0024691358024691358
2018,2019,22,29,1,319,82,0.003134796238244514,0.012195121951219513,0.0025
2018,2019,22,44,2,319,30,0.006269592476489028,0.06666666666666667,0.005763688760806916
2018,2019,22,82,298,319,325,0.9341692789968652,0.916923076923077,0.861271676300578
2018,2019,22,83,5,319,107,0.01567398119122257,0.04672897196261682,0.011876484560570071
2018,2019,22,86,2,319,1108,0.006269592476489028,0.0018050541516245488,0.0014035087719298245
2018,2019,23,25,12,38,143,0.3157894736842105,0.08391608391608392,0.07100591715976332
2018,2019,23,26,20,38,54,0.5263157894736842,0.37037037037037035,0.2777777777777778
2018,2019,24,23,1,77,285,0.012987012987012988,0.0035087719298245615,0.002770083102493075
2018,2019,24,25,75,77,143,0.974025974025974,0.5244755244755245,0.5172413793103449
2018,2019,25,16,84,88,108,0.9545454545454546,0.7777777777777778,0.75
2018,2019,25,52,1,88,91,0.011363636363636364,0.01098901098901099,0.0056179775280898875
2018,2019,26,20,27,101,31,0.26732673267326734,0.8709677419354839,0.2571428571428571
2018,2019,26,21,57,101,72,0.5643564356435643,0.7916666666666666,0.49137931034482757
2018,2019,26,98,1,101,42,0.009900990099009901,0.023809523809523808,0.007042253521126761
2018,2019,27,22,27,31,32,0.8709677419354839,0.84375,0.75
2018,2019,28,27,46,47,52,0.9787234042553191,0.8846153846153846,0.8679245283018868
2018,2019,29,35,34,52,46,0.6538461538461539,0.7391304347826086,0.53125
2018,2019,29,39,12,52,82,0.23076923076923078,0.14634146341463414,0.09836065573770492
2018,2019,29,86,1,52,1108,0.019230769230769232,9.025270758122744e-4,8.628127696289905e-4
2018,2019,30,40,84,112,104,0.75,0.8076923076923077,0.6363636363636364
2018,2019,30,41,5,112,162,0.044642857142857144,0.030864197530864196,0.01858736059479554
2018,2019,31,87,60,62,61,0.967741935483871,0.9836065573770492,0.9523809523809523
2018,2019,31,99,1,62,49,0.016129032258064516,0.02040816326530612,0.00909090909090909
2018,2019,32,13,1,127,47,0.007874015748031496,0.02127659574468085,0.005780346820809248
2018,2019,32,53,98,127,126,0.7716535433070866,0.7777777777777778,0.632258064516129
2018,2019,32,86,3,127,1108,0.023622047244094488,0.002707581227436823,0.002435064935064935
2018,2019,33,15,1,162,69,0.006172839506172839,0.014492753623188406,0.004347826086956522
2018,2019,33,28,2,162,46,0.012345679012345678,0.043478260869565216,0.009708737864077669
2018,2019,33,36,1,162,298,0.006172839506172839,0.003355704697986577,0.002178649237472767
2018,2019,33,39,19,162,82,0.11728395061728394,0.23170731707317074,0.08444444444444445
2018,2019,33,41,80,162,162,0.49382716049382713,0.49382716049382713,0.32786885245901637
2018,2019,33,42,3,162,122,0.018518518518518517,0.02459016393442623,0.010676156583629894
2018,2019,33,43,22,162,90,0.13580246913580246,0.24444444444444444,0.09565217391304348
2018,2019,33,114,1,162,152,0.006172839506172839,0.006578947368421052,0.003194888178913738
2018,2019,34,15,3,57,69,0.05263157894736842,0.043478260869565216,0.024390243902439025
2018,2019,34,38,16,57,288,0.2807017543859649,0.05555555555555555,0.0486322188449848
2018,2019,34,42,15,57,122,0.2631578947368421,0.12295081967213115,0.09146341463414634
2018,2019,35,41,2,43,162,0.046511627906976744,0.012345679012345678,0.009852216748768473
2018,2019,35,42,30,43,122,0.6976744186046512,0.2459016393442623,0.2222222222222222
2018,2019,36,93,46,50,48,0.92,0.9583333333333334,0.8846153846153846
2018,2019,37,15,1,32,69,0.03125,0.014492753623188406,0.01
2018,2019,37,38,26,32,288,0.8125,0.09027777777777778,0.08843537414965986
2018,2019,37,42,1,32,122,0.03125,0.00819672131147541,0.006535947712418301
2018,2019,37,43,1,32,90,0.03125,0.011111111111111112,0.008264462809917356
2018,2019,38,38,70,74,288,0.9459459459459459,0.24305555555555555,0.23972602739726026
2018,2019,38,86,1,74,1108,0.013513513513513514,9.025270758122744e-4,8.46740050804403e-4
2018,2019,39,86,1,50,1108,0.02,9.025270758122744e-4,8.64304235090752e-4
2018,2019,39,115,47,50,76,0.94,0.618421052631579,0.5949367088607594
2018,2019,40,31,63,67,76,0.9402985074626866,0.8289473684210527,0.7875
2018,2019,40,86,1,67,1108,0.014925373134328358,9.025270758122744e-4,8.517887563884157e-4
2018,2019,41,62,32,35,133,0.9142857142857143,0.24060150375939848,0.23529411764705882
2018,2019,42,49,1,81,129,0.012345679012345678,0.007751937984496124,0.004784688995215311
2018,2019,42,62,76,81,133,0.9382716049382716,0.5714285714285714,0.5507246376811594
2018,2019,42,86,2,81,1108,0.024691358024691357,0.0018050541516245488,0.0016849199663016006
2018,2019,43,4,1,131,212,0.007633587786259542,0.0047169811320754715,0.0029239766081871343
2018,2019,43,52,81,131,91,0.6183206106870229,0.8901098901098901,0.574468085106383
2018,2019,43,56,27,131,30,0.20610687022900764,0.9,0.20149253731343283
2018,2019,44,29,54,55,82,0.9818181818181818,0.6585365853658537,0.6506024096385542
2018,2019,45,29,1,91,82,0.01098901098901099,0.012195121951219513,0.005813953488372093
2018,2019,45,51,67,91,88,0.7362637362637363,0.7613636363636364,0.5982142857142857
2018,2019,45,67,1,91,108,0.01098901098901099,0.009259259259259259,0.005050505050505051
2018,2019,45,86,2,91,1108,0.02197802197802198,0.0018050541516245488,0.001670843776106934
2018,2019,46,34,1,64,182,0.015625,0.005494505494505495,0.004081632653061225
2018,2019,46,37,62,64,72,0.96875,0.8611111111111112,0.8378378378378378
2018,2019,47,29,1,111,82,0.009009009009009009,0.012195121951219513,0.005208333333333333
2018,2019,47,57,95,111,105,0.8558558558558559,0.9047619047619048,0.7851239669421488
2018,2019,47,86,3,111,1108,0.02702702702702703,0.002707581227436823,0.0024671052631578946
2018,2019,47,89,1,111,570,0.009009009009009009,0.0017543859649122807,0.0014705882352941176
2018,2019,48,48,95,105,101,0.9047619047619048,0.9405940594059405,0.8558558558558559
2018,2019,48,54,1,105,294,0.009523809523809525,0.003401360544217687,0.002512562814070352
2018,2019,48,59,1,105,52,0.009523809523809525,0.019230769230769232,0.00641025641025641
2018,2019,48,60,1,105,50,0.009523809523809525,0.02,0.006493506493506494
2018,2019,48,86,1,105,1108,0.009523809523809525,9.025270758122744e-4,8.250825082508251e-4
2018,2019,49,2,1,93,62,0.010752688172043012,0.016129032258064516,0.006493506493506494
2018,2019,49,57,1,93,105,0.010752688172043012,0.009523809523809525,0.005076142131979695
2018,2019,49,86,1,93,1108,0.010752688172043012,9.025270758122744e-4,8.333333333333334e-4
2018,2019,49,108,77,93,90,0.8279569892473119,0.8555555555555555,0.7264150943396226
2018,2019,49,123,1,93,346,0.010752688172043012,0.002890173410404624,0.00228310502283105
2018,2019,50,49,96,104,129,0.9230769230769231,0.7441860465116279,0.7007299270072993
2018,2019,50,54,1,104,294,0.009615384615384616,0.003401360544217687,0.0025188916876574307
2018,2019,50,136,1,104,753,0.009615384615384616,0.0013280212483399733,0.0011682242990654205
2018,2019,51,33,1,260,156,0.0038461538461538464,0.00641025641025641,0.0024096385542168677
2018,2019,51,53,1,260,126,0.0038461538461538464,0.007936507936507936,0.0025974025974025974
2018,2019,51,57,1,260,105,0.0038461538461538464,0.009523809523809525,0.0027472527472527475
2018,2019,51,58,29,260,30,0.11153846153846154,0.9666666666666667,0.1111111111111111
2018,2019,51,62,1,260,133,0.0038461538461538464,0.007518796992481203,0.002551020408163265
2018,2019,51,63,144,260,150,0.5538461538461539,0.96,0.5413533834586466
2018,2019,51,64,32,260,36,0.12307692307692308,0.8888888888888888,0.12121212121212122
2018,2019,51,86,1,260,1108,0.0038461538461538464,9.025270758122744e-4,7.31528895391368e-4
2018,2019,51,101,1,260,133,0.0038461538461538464,0.007518796992481203,0.002551020408163265
2018,2019,52,46,1,36,43,0.027777777777777776,0.023255813953488372,0.01282051282051282
2018,2019,52,47,35,36,44,0.9722222222222222,0.7954545454545454,0.7777777777777778
2018,2019,53,46,40,42,43,0.9523809523809523,0.9302325581395349,0.8888888888888888
2018,2019,53,47,1,42,44,0.023809523809523808,0.022727272727272728,0.011764705882352941
2018,2019,54,60,20,30,50,0.6666666666666666,0.4,0.3333333333333333
2018,2019,55,59,38,52,52,0.7307692307692307,0.7307692307692307,0.5757575757575758
2018,2019,55,60,8,52,50,0.15384615384615385,0.16,0.0851063829787234
2018,2019,56,50,40,45,52,0.8888888888888888,0.7692307692307693,0.7017543859649122
2018,2019,57,54,61,61,294,1,0.20748299319727892,0.20748299319727892
2018,2019,58,54,144,148,294,0.972972972972973,0.4897959183673469,0.48322147651006714
2018,2019,60,33,1,46,156,0.021739130434782608,0.00641025641025641,0.004975124378109453
2018,2019,60,105,39,46,59,0.8478260869565217,0.6610169491525424,0.5909090909090909
2018,2019,61,77,34,42,55,0.8095238095238095,0.6181818181818182,0.5396825396825397
2018,2019,61,78,2,42,57,0.047619047619047616,0.03508771929824561,0.020618556701030927
2018,2019,61,84,1,42,66,0.023809523809523808,0.015151515151515152,0.009345794392523364
2018,2019,61,116,1,42,59,0.023809523809523808,0.01694915254237288,0.01
2018,2019,62,44,18,78,30,0.23076923076923078,0.6,0.2
2018,2019,62,65,1,78,167,0.01282051282051282,0.005988023952095809,0.004098360655737705
2018,2019,62,78,50,78,57,0.6410256410256411,0.8771929824561403,0.5882352941176471
2018,2019,62,86,1,78,1108,0.01282051282051282,9.025270758122744e-4,8.438818565400844e-4
2018,2019,63,88,68,71,73,0.9577464788732394,0.9315068493150684,0.8947368421052632
2018,2019,64,80,79,85,146,0.9294117647058824,0.541095890410959,0.5197368421052632
2018,2019,65,33,1,127,156,0.007874015748031496,0.00641025641025641,0.0035460992907801418
2018,2019,65,61,120,127,138,0.9448818897637795,0.8695652173913043,0.8275862068965517
2018,2019,66,11,1,80,38,0.0125,0.02631578947368421,0.008547008547008548
2018,2019,66,68,28,80,31,0.35,0.9032258064516129,0.3373493975903614
2018,2019,66,69,32,80,36,0.4,0.8888888888888888,0.38095238095238093
2018,2019,66,83,1,80,107,0.0125,0.009345794392523364,0.005376344086021506
2018,2019,67,81,26,82,34,0.3170731707317073,0.7647058823529411,0.28888888888888886
2018,2019,67,84,52,82,66,0.6341463414634146,0.7878787878787878,0.5416666666666666
2018,2019,67,85,1,82,105,0.012195121951219513,0.009523809523809525,0.005376344086021506
2018,2019,68,79,2,87,39,0.022988505747126436,0.05128205128205128,0.016129032258064516
2018,2019,68,84,3,87,66,0.034482758620689655,0.045454545454545456,0.02
2018,2019,68,85,69,87,105,0.7931034482758621,0.6571428571428571,0.5609756097560976
2018,2019,68,86,1,87,1108,0.011494252873563218,9.025270758122744e-4,8.375209380234506e-4
2018,2019,69,17,39,40,53,0.975,0.7358490566037735,0.7222222222222222
2018,2019,70,75,87,99,103,0.8787878787878788,0.8446601941747572,0.7565217391304347
2018,2019,71,31,1,71,76,0.014084507042253521,0.013157894736842105,0.00684931506849315
2018,2019,71,66,61,71,76,0.8591549295774648,0.8026315789473685,0.7093023255813954
2018,2019,71,86,1,71,1108,0.014084507042253521,9.025270758122744e-4,8.488964346349745e-4
2018,2019,72,70,106,117,126,0.905982905982906,0.8412698412698413,0.7737226277372263
2018,2019,73,11,1,93,38,0.010752688172043012,0.02631578947368421,0.007692307692307693
2018,2019,73,53,1,93,126,0.010752688172043012,0.007936507936507936,0.0045871559633027525
2018,2019,73,65,83,93,167,0.8924731182795699,0.49700598802395207,0.4689265536723164
2018,2019,73,85,1,93,105,0.010752688172043012,0.009523809523809525,0.005076142131979695
2018,2019,73,86,2,93,1108,0.021505376344086023,0.0018050541516245488,0.0016680567139282735
2018,2019,74,65,26,136,167,0.19117647058823528,0.15568862275449102,0.09386281588447654
2018,2019,74,67,88,136,108,0.6470588235294118,0.8148148148148148,0.5641025641025641
2018,2019,74,86,1,136,1108,0.007352941176470588,9.025270758122744e-4,8.045052292839903e-4
2018,2019,75,90,167,176,191,0.9488636363636364,0.8743455497382199,0.835
2018,2019,75,104,1,176,391,0.005681818181818182,0.0025575447570332483,0.0017667844522968198
2018,2019,75,141,1,176,129,0.005681818181818182,0.007751937984496124,0.003289473684210526
2018,2019,76,100,6,101,53,0.0594059405940594,0.11320754716981132,0.04054054054054054
2018,2019,76,101,91,101,133,0.900990099009901,0.6842105263157895,0.6363636363636364
2018,2019,77,67,1,120,108,0.008333333333333333,0.009259259259259259,0.004405286343612335
2018,2019,77,71,112,120,126,0.9333333333333333,0.8888888888888888,0.835820895522388
2018,2019,78,109,58,61,87,0.9508196721311475,0.6666666666666666,0.6444444444444445
2018,2019,78,121,1,61,150,0.01639344262295082,0.006666666666666667,0.004761904761904762
2018,2019,79,121,93,96,150,0.96875,0.62,0.6078431372549019
2018,2019,80,72,43,46,50,0.9347826086956522,0.86,0.8113207547169812
2018,2019,80,86,1,46,1108,0.021739130434782608,9.025270758122744e-4,8.673026886383347e-4
2018,2019,81,33,2,138,156,0.014492753623188406,0.01282051282051282,0.00684931506849315
2018,2019,81,34,134,138,182,0.9710144927536232,0.7362637362637363,0.7204301075268817
2018,2019,82,137,147,149,198,0.9865771812080537,0.7424242424242424,0.735
2018,2019,83,73,82,86,108,0.9534883720930233,0.7592592592592593,0.7321428571428571
2018,2019,83,86,1,86,1108,0.011627906976744186,9.025270758122744e-4,8.382229673093043e-4
2018,2019,84,71,1,66,126,0.015151515151515152,0.007936507936507936,0.005235602094240838
2018,2019,84,73,1,66,108,0.015151515151515152,0.009259259259259259,0.005780346820809248
2018,2019,84,74,61,66,72,0.9242424242424242,0.8472222222222222,0.7922077922077922
2018,2019,85,137,26,31,198,0.8387096774193549,0.13131313131313133,0.12807881773399016
2018,2019,85,138,4,31,129,0.12903225806451613,0.031007751937984496,0.02564102564102564
2018,2019,86,76,1,91,42,0.01098901098901099,0.023809523809523808,0.007575757575757576
2018,2019,86,137,1,91,198,0.01098901098901099,0.005050505050505051,0.003472222222222222
2018,2019,86,138,87,91,129,0.9560439560439561,0.6744186046511628,0.6541353383458647
2018,2019,87,19,1,57,134,0.017543859649122806,0.007462686567164179,0.005263157894736842
2018,2019,87,116,50,57,59,0.8771929824561403,0.847457627118644,0.7575757575757576
2018,2019,88,32,1,142,45,0.007042253521126761,0.022222222222222223,0.005376344086021506
2018,2019,88,86,2,142,1108,0.014084507042253521,0.0018050541516245488,0.0016025641025641025
2018,2019,88,110,120,142,133,0.8450704225352113,0.9022556390977443,0.7741935483870968
2018,2019,88,142,2,142,98,0.014084507042253521,0.02040816326530612,0.008403361344537815
2018,2019,89,76,1,535,42,0.001869158878504673,0.023809523809523808,0.001736111111111111
2018,2019,89,86,3,535,1108,0.005607476635514018,0.002707581227436823,0.001829268292682927
2018,2019,89,123,292,535,346,0.5457943925233645,0.8439306358381503,0.49575551782682514
2018,2019,89,124,124,535,153,0.23177570093457944,0.8104575163398693,0.2198581560283688
2018,2019,89,125,35,535,45,0.06542056074766354,0.7777777777777778,0.06422018348623854
2018,2019,89,130,1,535,66,0.001869158878504673,0.015151515151515152,0.0016666666666666668
2018,2019,90,1,1,377,43,0.002652519893899204,0.023255813953488372,0.002386634844868735
2018,2019,90,86,10,377,1108,0.026525198938992044,0.009025270758122744,0.006779661016949152
2018,2019,90,112,1,377,34,0.002652519893899204,0.029411764705882353,0.0024390243902439024
2018,2019,90,131,59,377,65,0.15649867374005305,0.9076923076923077,0.15404699738903394
2018,2019,90,134,34,377,54,0.09018567639257294,0.6296296296296297,0.08564231738035265
2018,2019,90,139,46,377,67,0.1220159151193634,0.6865671641791045,0.11557788944723618
2018,2019,90,140,45,377,59,0.11936339522546419,0.7627118644067796,0.11508951406649616
2018,2019,91,86,2,45,1108,0.044444444444444446,0.0018050541516245488,0.0017376194613379669
2018,2019,91,120,27,45,34,0.6,0.7941176470588235,0.5192307692307693
2018,2019,91,128,12,45,79,0.26666666666666666,0.1518987341772152,0.10714285714285714
2018,2019,92,86,1,63,1108,0.015873015873015872,9.025270758122744e-4,8.547008547008547e-4
2018,2019,92,128,56,63,79,0.8888888888888888,0.7088607594936709,0.6511627906976745
2018,2019,93,122,37,37,42,1,0.8809523809523809,0.8809523809523809
2018,2019,94,113,1,103,36,0.009708737864077669,0.027777777777777776,0.007246376811594203
2018,2019,94,122,2,103,42,0.019417475728155338,0.047619047619047616,0.013986013986013986
2018,2019,94,129,90,103,105,0.8737864077669902,0.8571428571428571,0.7627118644067796
2018,2019,95,103,41,47,47,0.8723404255319149,0.8723404255319149,0.7735849056603774
2018,2019,96,86,2,118,1108,0.01694915254237288,0.0018050541516245488,0.0016339869281045752
2018,2019,96,114,107,118,152,0.9067796610169492,0.7039473684210527,0.656441717791411
2018,2019,96,137,1,118,198,0.00847457627118644,0.005050505050505051,0.0031746031746031746
2018,2019,97,75,1,382,103,0.002617801047120419,0.009708737864077669,0.002066115702479339
2018,2019,97,86,3,382,1108,0.007853403141361256,0.002707581227436823,0.0020174848688634837
2018,2019,97,105,1,382,59,0.002617801047120419,0.01694915254237288,0.0022727272727272726
2018,2019,97,114,1,382,152,0.002617801047120419,0.006578947368421052,0.001876172607879925
2018,2019,97,127,61,382,80,0.15968586387434555,0.7625,0.15211970074812967
2018,2019,97,141,99,382,129,0.2591623036649215,0.7674418604651163,0.24029126213592233
2018,2019,97,142,86,382,98,0.225130890052356,0.8775510204081632,0.2182741116751269
2018,2019,98,75,1,127,103,0.007874015748031496,0.009708737864077669,0.004366812227074236
2018,2019,98,86,1,127,1108,0.007874015748031496,9.025270758122744e-4,8.103727714748784e-4
2018,2019,98,94,35,127,41,0.27559055118110237,0.8536585365853658,0.2631578947368421
2018,2019,98,96,59,127,79,0.4645669291338583,0.7468354430379747,0.4013605442176871
2018,2019,99,98,29,30,42,0.9666666666666667,0.6904761904761905,0.6744186046511628
2018,2019,100,55,46,48,48,0.9583333333333334,0.9583333333333334,0.92
2018,2019,100,80,1,48,146,0.020833333333333332,0.00684931506849315,0.0051813471502590676
2018,2019,101,50,1,333,52,0.003003003003003003,0.019230769230769232,0.0026041666666666665
2018,2019,101,86,2,333,1108,0.006006006006006006,0.0018050541516245488,0.001389854065323141
2018,2019,101,103,1,333,47,0.003003003003003003,0.02127659574468085,0.002638522427440633
2018,2019,101,104,310,333,391,0.9309309309309309,0.7928388746803069,0.748792270531401
2018,2019,101,106,1,333,94,0.003003003003003003,0.010638297872340425,0.002347417840375587
2018,2019,102,97,38,42,46,0.9047619047619048,0.8260869565217391,0.76
2018,2019,103,92,51,57,90,0.8947368421052632,0.5666666666666667,0.53125
2018,2019,103,123,1,57,346,0.017543859649122806,0.002890173410404624,0.0024875621890547263
2018,2019,104,86,1,34,1108,0.029411764705882353,9.025270758122744e-4,8.764241893076249e-4
2018,2019,104,96,1,34,79,0.029411764705882353,0.012658227848101266,0.008928571428571428
2018,2019,104,105,1,34,59,0.029411764705882353,0.01694915254237288,0.010869565217391304
2018,2019,104,106,1,34,94,0.029411764705882353,0.010638297872340425,0.007874015748031496
2018,2019,104,107,21,34,30,0.6176470588235294,0.7,0.4883720930232558
2018,2019,105,86,2,73,1108,0.0273972602739726,0.0018050541516245488,0.0016963528413910093
2018,2019,105,98,1,73,42,0.0136986301369863,0.023809523809523808,0.008771929824561403
2018,2019,105,104,3,73,391,0.0410958904109589,0.0076726342710997444,0.006507592190889371
2018,2019,105,106,60,73,94,0.821917808219178,0.6382978723404256,0.5607476635514018
2018,2019,105,107,2,73,30,0.0273972602739726,0.06666666666666667,0.019801980198019802
2018,2019,106,86,1,61,1108,0.01639344262295082,9.025270758122744e-4,8.561643835616438e-4
2018,2019,106,113,29,61,36,0.47540983606557374,0.8055555555555556,0.4264705882352941
2018,2019,106,118,1,61,195,0.01639344262295082,0.005128205128205128,0.00392156862745098
2018,2019,106,126,2,61,223,0.03278688524590164,0.008968609865470852,0.0070921985815602835
2018,2019,107,102,46,46,84,1,0.5476190476190477,0.5476190476190477
2018,2019,108,86,1,144,1108,0.006944444444444444,9.025270758122744e-4,7.993605115907274e-4
2018,2019,108,118,1,144,195,0.006944444444444444,0.005128205128205128,0.0029585798816568047
2018,2019,108,126,132,144,223,0.9166666666666666,0.5919282511210763,0.5617021276595745
2018,2019,109,3,1,41,87,0.024390243902439025,0.011494252873563218,0.007874015748031496
2018,2019,109,86,1,41,1108,0.024390243902439025,9.025270758122744e-4,8.710801393728223e-4
2018,2019,109,91,32,41,46,0.7804878048780488,0.6956521739130435,0.5818181818181818
2018,2019,110,5,1,791,31,0.0012642225031605564,0.03225806451612903,0.001218026796589525
2018,2019,110,12,3,791,112,0.0037926675094816687,0.026785714285714284,0.0033333333333333335
2018,2019,110,16,1,791,108,0.0012642225031605564,0.009259259259259259,0.0011135857461024498
2018,2019,110,27,1,791,52,0.0012642225031605564,0.019230769230769232,0.0011876484560570072
2018,2019,110,34,3,791,182,0.0037926675094816687,0.016483516483516484,0.003092783505154639
2018,2019,110,47,1,791,44,0.0012642225031605564,0.022727272727272728,0.001199040767386091
2018,2019,110,53,2,791,126,0.0025284450063211127,0.015873015873015872,0.002185792349726776
2018,2019,110,86,6,791,1108,0.007585335018963337,0.005415162454873646,0.003169572107765452
2018,2019,110,90,1,791,191,0.0012642225031605564,0.005235602094240838,0.0010193679918450561
2018,2019,110,92,1,791,90,0.0012642225031605564,0.011111111111111112,0.0011363636363636363
2018,2019,110,95,1,791,42,0.0012642225031605564,0.023809523809523808,0.001201923076923077
2018,2019,110,104,1,791,391,0.0012642225031605564,0.0025575447570332483,8.46740050804403e-4
2018,2019,110,115,3,791,76,0.0037926675094816687,0.039473684210526314,0.003472222222222222
2018,2019,110,119,1,791,40,0.0012642225031605564,0.025,0.0012048192771084338
2018,2019,110,123,1,791,346,0.0012642225031605564,0.002890173410404624,8.802816901408451e-4
2018,2019,110,125,1,791,45,0.0012642225031605564,0.022222222222222223,0.0011976047904191617
2018,2019,110,135,18,791,35,0.022756005056890013,0.5142857142857142,0.022277227722772276
2018,2019,110,136,619,791,753,0.7825537294563844,0.8220451527224436,0.6691891891891892
2018,2019,110,137,1,791,198,0.0012642225031605564,0.005050505050505051,0.0010121457489878543
2018,2019,110,138,1,791,129,0.0012642225031605564,0.007751937984496124,0.001088139281828074
2018,2019,111,0,1,925,162,0.001081081081081081,0.006172839506172839,9.208103130755065e-4
2018,2019,111,2,1,925,62,0.001081081081081081,0.016129032258064516,0.0010141987829614604
2018,2019,111,3,2,925,87,0.002162162162162162,0.022988505747126436,0.0019801980198019802
2018,2019,111,4,7,925,212,0.0075675675675675675,0.0330188679245283,0.006194690265486726
2018,2019,111,5,1,925,31,0.001081081081081081,0.03225806451612903,0.0010471204188481676
2018,2019,111,6,2,925,45,0.002162162162162162,0.044444444444444446,0.002066115702479339
2018,2019,111,7,1,925,37,0.001081081081081081,0.02702702702702703,0.001040582726326743
2018,2019,111,8,4,925,69,0.004324324324324324,0.057971014492753624,0.00404040404040404
2018,2019,111,9,2,925,30,0.002162162162162162,0.06666666666666667,0.002098635886673662
2018,2019,111,10,2,925,39,0.002162162162162162,0.05128205128205128,0.002079002079002079
2018,2019,111,12,5,925,112,0.005405405405405406,0.044642857142857144,0.0048449612403100775
2018,2019,111,13,5,925,47,0.005405405405405406,0.10638297872340426,0.005170630816959669
2018,2019,111,15,3,925,69,0.003243243243243243,0.043478260869565216,0.0030272452068617556
2018,2019,111,16,3,925,108,0.003243243243243243,0.027777777777777776,0.002912621359223301
2018,2019,111,17,2,925,53,0.002162162162162162,0.03773584905660377,0.0020491803278688526
2018,2019,111,19,3,925,134,0.003243243243243243,0.022388059701492536,0.002840909090909091
2018,2019,111,21,5,925,72,0.005405405405405406,0.06944444444444445,0.005040322580645161
2018,2019,111,23,4,925,285,0.004324324324324324,0.014035087719298246,0.003316749585406302
2018,2019,111,24,2,925,74,0.002162162162162162,0.02702702702702703,0.0020060180541624875
2018,2019,111,25,7,925,143,0.0075675675675675675,0.04895104895104895,0.006597549481621112
2018,2019,111,26,1,925,54,0.001081081081081081,0.018518518518518517,0.0010224948875255625
2018,2019,111,28,3,925,46,0.003243243243243243,0.06521739130434782,0.0030991735537190084
2018,2019,111,29,2,925,82,0.002162162162162162,0.024390243902439025,0.001990049751243781
2018,2019,111,30,3,925,92,0.003243243243243243,0.03260869565217391,0.0029585798816568047
2018,2019,111,31,1,925,76,0.001081081081081081,0.013157894736842105,0.001
2018,2019,111,32,1,925,45,0.001081081081081081,0.022222222222222223,0.0010319917440660474
2018,2019,111,33,5,925,156,0.005405405405405406,0.03205128205128205,0.004646840148698885
2018,2019,111,35,1,925,46,0.001081081081081081,0.021739130434782608,0.0010309278350515464
2018,2019,111,36,5,925,298,0.005405405405405406,0.016778523489932886,0.004105090311986864
2018,2019,111,37,2,925,72,0.002162162162162162,0.027777777777777776,0.0020100502512562816
2018,2019,111,38,16,925,288,0.017297297297297298,0.05555555555555555,0.013366750208855471
2018,2019,111,40,3,925,104,0.003243243243243243,0.028846153846153848,0.0029239766081871343
2018,2019,111,41,1,925,162,0.001081081081081081,0.006172839506172839,9.208103130755065e-4
2018,2019,111,42,4,925,122,0.004324324324324324,0.03278688524590164,0.003835091083413231
2018,2019,111,43,3,925,90,0.003243243243243243,0.03333333333333333,0.0029644268774703555
2018,2019,111,44,4,925,30,0.004324324324324324,0.13333333333333333,0.004206098843322818
2018,2019,111,48,1,925,101,0.001081081081081081,0.009900990099009901,9.75609756097561e-4
2018,2019,111,49,5,925,129,0.005405405405405406,0.03875968992248062,0.004766444232602479
2018,2019,111,51,4,925,88,0.004324324324324324,0.045454545454545456,0.003964321110009911
2018,2019,111,52,2,925,91,0.002162162162162162,0.02197802197802198,0.0019723865877712033
2018,2019,111,53,5,925,126,0.005405405405405406,0.03968253968253968,0.004780114722753346
2018,2019,111,54,3,925,294,0.003243243243243243,0.01020408163265306,0.0024671052631578946
2018,2019,111,55,1,925,48,0.001081081081081081,0.020833333333333332,0.00102880658436214
2018,2019,111,56,1,925,30,0.001081081081081081,0.03333333333333333,0.0010482180293501049
2018,2019,111,57,1,925,105,0.001081081081081081,0.009523809523809525,9.718172983479105e-4
2018,2019,111,59,2,925,52,0.002162162162162162,0.038461538461538464,0.0020512820512820513
2018,2019,111,60,1,925,50,0.001081081081081081,0.02,0.001026694045174538
2018,2019,111,61,3,925,138,0.003243243243243243,0.021739130434782608,0.002830188679245283
2018,2019,111,62,2,925,133,0.002162162162162162,0.015037593984962405,0.001893939393939394
2018,2019,111,63,2,925,150,0.002162162162162162,0.013333333333333334,0.001863932898415657
2018,2019,111,64,2,925,36,0.002162162162162162,0.05555555555555555,0.0020855057351407717
2018,2019,111,65,5,925,167,0.005405405405405406,0.029940119760479042,0.004599816007359705
2018,2019,111,67,1,925,108,0.001081081081081081,0.009259259259259259,9.689922480620155e-4
2018,2019,111,70,1,925,126,0.001081081081081081,0.007936507936507936,9.523809523809524e-4
2018,2019,111,71,1,925,126,0.001081081081081081,0.007936507936507936,9.523809523809524e-4
2018,2019,111,73,3,925,108,0.003243243243243243,0.027777777777777776,0.002912621359223301
2018,2019,111,75,2,925,103,0.002162162162162162,0.019417475728155338,0.001949317738791423
2018,2019,111,76,3,925,42,0.003243243243243243,0.07142857142857142,0.0031120331950207467
2018,2019,111,80,1,925,146,0.001081081081081081,0.00684931506849315,9.345794392523365e-4
2018,2019,111,82,9,925,325,0.00972972972972973,0.027692307692307693,0.007252215954875101
2018,2019,111,83,5,925,107,0.005405405405405406,0.04672897196261682,0.004868549172346641
2018,2019,111,85,2,925,105,0.002162162162162162,0.01904761904761905,0.0019455252918287938
2018,2019,111,86,343,925,1108,0.3708108108108108,0.3095667870036101,0.2029585798816568
2018,2019,111,89,8,925,570,0.008648648648648649,0.014035087719298246,0.005379959650302623
2018,2019,111,90,1,925,191,0.001081081081081081,0.005235602094240838,8.968609865470852e-4
2018,2019,111,91,1,925,46,0.001081081081081081,0.021739130434782608,0.0010309278350515464
2018,2019,111,92,1,925,90,0.001081081081081081,0.011111111111111112,9.861932938856016e-4
2018,2019,111,94,1,925,41,0.001081081081081081,0.024390243902439025,0.0010362694300518134
2018,2019,111,95,5,925,42,0.005405405405405406,0.11904761904761904,0.005197505197505198
2018,2019,111,96,2,925,79,0.002162162162162162,0.02531645569620253,0.001996007984031936
2018,2019,111,97,2,925,46,0.002162162162162162,0.043478260869565216,0.0020639834881320948
2018,2019,111,98,2,925,42,0.002162162162162162,0.047619047619047616,0.002072538860103627
2018,2019,111,99,1,925,49,0.001081081081081081,0.02040816326530612,0.0010277492291880781
2018,2019,111,100,2,925,53,0.002162162162162162,0.03773584905660377,0.0020491803278688526
2018,2019,111,101,1,925,133,0.001081081081081081,0.007518796992481203,9.46073793755913e-4
2018,2019,111,102,7,925,84,0.0075675675675675675,0.08333333333333333,0.006986027944111776
2018,2019,111,104,6,925,391,0.006486486486486486,0.015345268542199489,0.004580152671755725
2018,2019,111,105,3,925,59,0.003243243243243243,0.05084745762711865,0.0030581039755351682
2018,2019,111,106,4,925,94,0.004324324324324324,0.0425531914893617,0.003940886699507389
2018,2019,111,108,4,925,90,0.004324324324324324,0.044444444444444446,0.003956478733926805
2018,2019,111,112,2,925,34,0.002162162162162162,0.058823529411764705,0.0020898641588296763
2018,2019,111,113,1,925,36,0.001081081081081081,0.027777777777777776,0.0010416666666666667
2018,2019,111,114,2,925,152,0.002162162162162162,0.013157894736842105,0.0018604651162790699
2018,2019,111,115,9,925,76,0.00972972972972973,0.11842105263157894,0.009072580645161291
2018,2019,111,116,3,925,59,0.003243243243243243,0.05084745762711865,0.0030581039755351682
2018,2019,111,118,4,925,195,0.004324324324324324,0.020512820512820513,0.0035842293906810036
2018,2019,111,120,1,925,34,0.001081081081081081,0.029411764705882353,0.0010438413361169101
2018,2019,111,121,4,925,150,0.004324324324324324,0.02666666666666667,0.003734827264239029
2018,2019,111,122,1,925,42,0.001081081081081081,0.023809523809523808,0.0010351966873706005
2018,2019,111,123,7,925,346,0.0075675675675675675,0.02023121387283237,0.005537974683544304
2018,2019,111,124,5,925,153,0.005405405405405406,0.032679738562091505,0.004659832246039142
2018,2019,111,125,1,925,45,0.001081081081081081,0.022222222222222223,0.0010319917440660474
2018,2019,111,126,3,925,223,0.003243243243243243,0.013452914798206279,0.0026200873362445414
2018,2019,111,127,2,925,80,0.002162162162162162,0.025,0.0019940179461615153
2018,2019,111,128,1,925,79,0.001081081081081081,0.012658227848101266,9.970089730807576e-4
2018,2019,111,130,1,925,66,0.001081081081081081,0.015151515151515152,0.00101010101010101
2018,2019,111,131,1,925,65,0.001081081081081081,0.015384615384615385,0.0010111223458038423
2018,2019,111,132,4,925,40,0.004324324324324324,0.1,0.004162330905306972
2018,2019,111,133,1,925,85,0.001081081081081081,0.011764705882352941,9.910802775024777e-4
2018,2019,111,135,5,925,35,0.005405405405405406,0.14285714285714285,0.005235602094240838
2018,2019,111,136,19,925,753,0.02054054054054054,0.025232403718459494,0.011452682338758288
2018,2019,111,137,3,925,198,0.003243243243243243,0.015151515151515152,0.0026785714285714286
2018,2019,111,138,2,925,129,0.002162162162162162,0.015503875968992248,0.0019011406844106464
2018,2019,111,139,3,925,67,0.003243243243243243,0.04477611940298507,0.003033367037411527
2018,2019,111,140,2,925,59,0.002162162162162162,0.03389830508474576,0.002036659877800407
2018,2019,111,141,4,925,129,0.004324324324324324,0.031007751937984496,0.0038095238095238095
2018,2019,111,142,2,925,98,0.002162162162162162,0.02040816326530612,0.0019588638589618022
2018,2019,112,91,1,57,46,0.017543859649122806,0.021739130434782608,0.00980392156862745
2018,2019,112,117,45,57,49,0.7894736842105263,0.9183673469387755,0.7377049180327869
2018,2019,112,124,1,57,153,0.017543859649122806,0.006535947712418301,0.004784688995215311
2018,2019,112,126,4,57,223,0.07017543859649122,0.017937219730941704,0.014492753623188406
2018,2019,113,117,1,76,49,0.013157894736842105,0.02040816326530612,0.008064516129032258
2018,2019,113,118,74,76,195,0.9736842105263158,0.37948717948717947,0.3756345177664975
2018,2019,113,126,1,76,223,0.013157894736842105,0.004484304932735426,0.003355704697986577
2018,2019,114,86,1,31,1108,0.03225806451612903,9.025270758122744e-4,8.787346221441124e-4
2018,2019,114,92,2,31,90,0.06451612903225806,0.022222222222222223,0.01680672268907563
2018,2019,114,132,23,31,40,0.7419354838709677,0.575,0.4791666666666667
2018,2019,115,130,39,39,66,1,0.5909090909090909,0.5909090909090909
2018,2019,116,91,1,77,46,0.012987012987012988,0.021739130434782608,0.00819672131147541
2018,2019,116,102,1,77,84,0.012987012987012988,0.011904761904761904,0.00625
2018,2019,116,129,1,77,105,0.012987012987012988,0.009523809523809525,0.0055248618784530384
2018,2019,116,133,64,77,85,0.8311688311688312,0.7529411764705882,0.6530612244897959
2018,2019,117,89,267,276,570,0.967391304347826,0.46842105263157896,0.46113989637305697
2018,2019,118,86,1,46,1108,0.021739130434782608,9.025270758122744e-4,8.673026886383347e-4
2018,2019,118,89,45,46,570,0.9782608695652174,0.07894736842105263,0.07880910683012259
2018,2019,119,89,46,50,570,0.92,0.08070175438596491,0.08013937282229965
2019,2020,0,0,160,162,168,0.9876543209876543,0.9523809523809523,0.9411764705882353
2019,2020,1,1,41,43,45,0.9534883720930233,0.9111111111111111,0.8723404255319149
2019,2020,1,138,2,43,150,0.046511627906976744,0.013333333333333334,0.010471204188481676
2019,2020,2,2,62,62,82,1,0.7560975609756098,0.7560975609756098
2019,2020,3,4,82,87,88,0.9425287356321839,0.9318181818181818,0.8817204301075269
2019,2020,3,128,1,87,105,0.011494252873563218,0.009523809523809525,0.005235602094240838
2019,2020,3,136,1,87,105,0.011494252873563218,0.009523809523809525,0.005235602094240838
2019,2020,4,3,199,212,223,0.9386792452830188,0.8923766816143498,0.8432203389830508
2019,2020,4,77,1,212,77,0.0047169811320754715,0.012987012987012988,0.003472222222222222
2019,2020,4,142,6,212,809,0.02830188679245283,0.007416563658838072,0.005911330049261084
2019,2020,5,5,30,31,35,0.967741935483871,0.8571428571428571,0.8333333333333334
2019,2020,6,13,40,45,47,0.8888888888888888,0.851063829787234,0.7692307692307693
2019,2020,6,142,1,45,809,0.022222222222222223,0.0012360939431396785,0.0011723329425556857
2019,2020,6,144,1,45,242,0.022222222222222223,0.004132231404958678,0.0034965034965034965
2019,2020,7,10,35,37,40,0.9459459459459459,0.875,0.8333333333333334
2019,2020,7,142,1,37,809,0.02702702702702703,0.0012360939431396785,0.001183431952662722
2019,2020,8,14,67,69,68,0.9710144927536232,0.9852941176470589,0.9571428571428572
2019,2020,9,83,30,30,36,1,0.8333333333333334,0.8333333333333334
2019,2020,10,17,32,39,39,0.8205128205128205,0.8205128205128205,0.6956521739130435
2019,2020,10,80,3,39,591,0.07692307692307693,0.005076142131979695,0.004784688995215311
2019,2020,11,29,35,38,37,0.9210526315789473,0.9459459459459459,0.875
2019,2020,11,97,1,38,162,0.02631578947368421,0.006172839506172839,0.005025125628140704
2019,2020,12,12,99,112,122,0.8839285714285714,0.8114754098360656,0.7333333333333333
2019,2020,12,86,1,112,56,0.008928571428571428,0.017857142857142856,0.005988023952095809
2019,2020,12,126,1,112,173,0.008928571428571428,0.005780346820809248,0.0035211267605633804
2019,2020,12,164,1,112,178,0.008928571428571428,0.0056179775280898875,0.0034602076124567475
2019,2020,13,7,46,47,87,0.9787234042553191,0.5287356321839081,0.5227272727272727
2019,2020,14,2,1,42,82,0.023809523809523808,0.012195121951219513,0.008130081300813009
2019,2020,14,11,40,42,50,0.9523809523809523,0.8,0.7692307692307693
2019,2020,15,15,40,69,47,0.5797101449275363,0.851063829787234,0.5263157894736842
2019,2020,15,16,7,69,86,0.10144927536231885,0.08139534883720931,0.0472972972972973
2019,2020,15,30,2,69,500,0.028985507246376812,0.004,0.003527336860670194
2019,2020,16,36,104,108,118,0.9629629629629629,0.8813559322033898,0.8524590163934426
2019,2020,17,96,47,53,54,0.8867924528301887,0.8703703703703703,0.7833333333333333
2019,2020,18,72,30,32,31,0.9375,0.967741935483871,0.9090909090909091
2019,2020,19,6,1,134,32,0.007462686567164179,0.03125,0.006060606060606061
2019,2020,19,73,123,134,136,0.917910447761194,0.9044117647058824,0.8367346938775511
2019,2020,20,40,27,31,36,0.8709677419354839,0.75,0.675
2019,2020,21,40,1,72,36,0.013888888888888888,0.027777777777777776,0.009345794392523364
2019,2020,21,41,67,72,78,0.9305555555555556,0.8589743589743589,0.8072289156626506
2019,2020,22,65,28,32,34,0.875,0.8235294117647058,0.7368421052631579
2019,2020,22,106,1,32,176,0.03125,0.005681818181818182,0.004830917874396135
2019,2020,23,7,1,285,87,0.0035087719298245615,0.011494252873563218,0.0026954177897574125
2019,2020,23,9,1,285,34,0.0035087719298245615,0.029411764705882353,0.0031446540880503146
2019,2020,23,22,264,285,346,0.9263157894736842,0.7630057803468208,0.7193460490463215
2019,2020,23,30,2,285,500,0.007017543859649123,0.004,0.002554278416347382
2019,2020,24,8,74,74,96,1,0.7708333333333334,0.7708333333333334
2019,2020,25,7,1,143,87,0.006993006993006993,0.011494252873563218,0.004366812227074236
2019,2020,25,21,28,143,37,0.1958041958041958,0.7567567567567568,0.18421052631578946
2019,2020,25,24,43,143,55,0.3006993006993007,0.7818181818181819,0.27741935483870966
2019,2020,25,25,41,143,50,0.2867132867132867,0.82,0.26973684210526316
2019,2020,26,19,34,54,44,0.6296296296296297,0.7727272727272727,0.53125
2019,2020,26,21,1,54,37,0.018518518518518517,0.02702702702702703,0.011111111111111112
2019,2020,27,23,51,52,61,0.9807692307692307,0.8360655737704918,0.8225806451612904
2019,2020,28,39,41,46,57,0.8913043478260869,0.7192982456140351,0.6612903225806451
2019,2020,29,66,55,82,67,0.6707317073170732,0.8208955223880597,0.5851063829787234
2019,2020,29,77,2,82,77,0.024390243902439025,0.025974025974025976,0.012738853503184714
2019,2020,29,142,1,82,809,0.012195121951219513,0.0012360939431396785,0.0011235955056179776
2019,2020,30,64,91,92,111,0.9891304347826086,0.8198198198198198,0.8125
2019,2020,31,26,42,76,44,0.5526315789473685,0.9545454545454546,0.5384615384615384
2019,2020,31,27,29,76,34,0.3815789473684211,0.8529411764705882,0.35802469135802467
2019,2020,32,28,43,45,44,0.9555555555555556,0.9772727272727273,0.9347826086956522
2019,2020,33,68,33,156,36,0.21153846153846154,0.9166666666666666,0.20754716981132076
2019,2020,33,69,82,156,88,0.5256410256410257,0.9318181818181818,0.5061728395061729
2019,2020,33,77,1,156,77,0.00641025641025641,0.012987012987012988,0.004310344827586207
2019,2020,33,94,1,156,128,0.00641025641025641,0.0078125,0.0035335689045936395
2019,2020,33,104,1,156,67,0.00641025641025641,0.014925373134328358,0.0045045045045045045
2019,2020,33,106,1,156,176,0.00641025641025641,0.005681818181818182,0.0030211480362537764
2019,2020,33,110,1,156,124,0.00641025641025641,0.008064516129032258,0.0035842293906810036
2019,2020,33,146,3,156,107,0.019230769230769232,0.028037383177570093,0.011538461538461539
2019,2020,33,157,1,156,45,0.00641025641025641,0.022222222222222223,0.005
2019,2020,34,106,154,182,176,0.8461538461538461,0.875,0.7549019607843137
2019,2020,35,38,40,46,57,0.8695652173913043,0.7017543859649122,0.6349206349206349
2019,2020,35,54,1,46,98,0.021739130434782608,0.01020408163265306,0.006993006993006993
2019,2020,35,62,1,46,118,0.021739130434782608,0.00847457627118644,0.006134969325153374
2019,2020,36,30,4,298,500,0.013422818791946308,0.008,0.005037783375314861
2019,2020,36,32,2,298,110,0.006711409395973154,0.01818181818181818,0.0049261083743842365
2019,2020,36,35,49,298,58,0.1644295302013423,0.8448275862068966,0.15960912052117263
2019,2020,36,42,170,298,189,0.5704697986577181,0.8994708994708994,0.5362776025236593
2019,2020,36,43,2,298,73,0.006711409395973154,0.0273972602739726,0.005420054200542005
2019,2020,36,54,3,298,98,0.010067114093959731,0.030612244897959183,0.007633587786259542
2019,2020,36,55,1,298,104,0.003355704697986577,0.009615384615384616,0.0024937655860349127
2019,2020,36,62,1,298,118,0.003355704697986577,0.00847457627118644,0.0024096385542168677
2019,2020,36,64,1,298,111,0.003355704697986577,0.009009009009009009,0.0024509803921568627
2019,2020,36,142,1,298,809,0.003355704697986577,0.0012360939431396785,9.041591320072332e-4
2019,2020,37,18,71,72,87,0.9861111111111112,0.8160919540229885,0.8068181818181818
2019,2020,37,80,1,72,591,0.013888888888888888,0.001692047377326565,0.0015105740181268882
2019,2020,38,9,17,288,34,0.059027777777777776,0.5,0.05573770491803279
2019,2020,38,30,241,288,500,0.8368055555555556,0.482,0.4405850091407678
2019,2020,38,142,1,288,809,0.003472222222222222,0.0012360939431396785,9.124087591240876e-4
2019,2020,39,54,2,82,98,0.024390243902439025,0.02040816326530612,0.011235955056179775
2019,2020,39,58,56,82,86,0.6829268292682927,0.6511627906976745,0.5
2019,2020,39,62,2,82,118,0.024390243902439025,0.01694915254237288,0.010101010101010102
2019,2020,40,54,10,104,98,0.09615384615384616,0.10204081632653061,0.052083333333333336
2019,2020,40,55,84,104,104,0.8076923076923077,0.8076923076923077,0.6774193548387096
2019,2020,40,142,1,104,809,0.009615384615384616,0.0012360939431396785,0.0010964912280701754
2019,2020,41,47,1,162,64,0.006172839506172839,0.015625,0.0044444444444444444
2019,2020,41,58,1,162,86,0.006172839506172839,0.011627906976744186,0.004048582995951417
2019,2020,41,61,28,162,48,0.1728395061728395,0.5833333333333334,0.15384615384615385
2019,2020,41,62,44,162,118,0.2716049382716049,0.3728813559322034,0.1864406779661017
2019,2020,42,16,1,122,86,0.00819672131147541,0.011627906976744186,0.004830917874396135
2019,2020,42,30,5,122,500,0.040983606557377046,0.01,0.008103727714748784
2019,2020,42,32,72,122,110,0.5901639344262295,0.6545454545454545,0.45
2019,2020,42,47,1,122,64,0.00819672131147541,0.015625,0.005405405405405406
2019,2020,42,61,4,122,48,0.03278688524590164,0.08333333333333333,0.024096385542168676
2019,2020,42,62,1,122,118,0.00819672131147541,0.00847457627118644,0.0041841004184100415
2019,2020,42,142,1,122,809,0.00819672131147541,0.0012360939431396785,0.001075268817204301
2019,2020,43,16,1,90,86,0.011111111111111112,0.011627906976744186,0.005714285714285714
2019,2020,43,54,34,90,98,0.37777777777777777,0.3469387755102041,0.22077922077922077
2019,2020,43,58,1,90,86,0.011111111111111112,0.011627906976744186,0.005714285714285714
2019,2020,43,62,34,90,118,0.37777777777777777,0.288135593220339,0.19540229885057472
2019,2020,44,82,29,30,37,0.9666666666666667,0.7837837837837838,0.7631578947368421
2019,2020,45,49,26,32,30,0.8125,0.8666666666666667,0.7222222222222222
2019,2020,45,154,1,32,209,0.03125,0.004784688995215311,0.004166666666666667
2019,2020,46,34,38,43,41,0.8837209302325582,0.926829268292683,0.8260869565217391
2019,2020,47,33,36,44,38,0.8181818181818182,0.9473684210526315,0.782608695652174
2019,2020,48,31,98,101,104,0.9702970297029703,0.9423076923076923,0.9158878504672897
2019,2020,48,77,1,101,77,0.009900990099009901,0.012987012987012988,0.005649717514124294
2019,2020,49,37,106,129,139,0.8217054263565892,0.762589928057554,0.654320987654321
2019,2020,50,46,29,52,36,0.5576923076923077,0.8055555555555556,0.4915254237288136
2019,2020,51,77,62,88,77,0.7045454545454546,0.8051948051948052,0.6019417475728155
2019,2020,51,80,5,88,591,0.056818181818181816,0.008460236886632826,0.00741839762611276
2019,2020,51,142,4,88,809,0.045454545454545456,0.004944375772558714,0.004479283314669653
2019,2020,51,150,1,88,45,0.011363636363636364,0.022222222222222223,0.007575757575757576
2019,2020,52,75,78,91,87,0.8571428571428571,0.896551724137931,0.78
2019,2020,52,88,1,91,96,0.01098901098901099,0.010416666666666666,0.005376344086021506
2019,2020,53,59,5,126,32,0.03968253968253968,0.15625,0.032679738562091505
2019,2020,53,60,115,126,147,0.9126984126984127,0.782312925170068,0.7278481012658228
2019,2020,53,91,1,126,52,0.007936507936507936,0.019230769230769232,0.005649717514124294
2019,2020,53,142,2,126,809,0.015873015873015872,0.002472187886279357,0.0021436227224008574
2019,2020,54,45,1,294,64,0.003401360544217687,0.015625,0.0028011204481792717
2019,2020,54,48,132,294,140,0.4489795918367347,0.9428571428571428,0.4370860927152318
2019,2020,54,50,29,294,31,0.09863945578231292,0.9354838709677419,0.09797297297297297
2019,2020,54,51,59,294,61,0.20068027210884354,0.9672131147540983,0.19932432432432431
2019,2020,54,109,1,294,199,0.003401360544217687,0.005025125628140704,0.0020325203252032522
2019,2020,55,78,39,48,41,0.8125,0.9512195121951219,0.78
2019,2020,57,84,96,105,106,0.9142857142857143,0.9056603773584906,0.8347826086956521
2019,2020,58,81,30,30,39,1,0.7692307692307693,0.7692307692307693
2019,2020,59,31,1,52,104,0.019230769230769232,0.009615384615384616,0.0064516129032258064
2019,2020,59,44,46,52,51,0.8846153846153846,0.9019607843137255,0.8070175438596491
2019,2020,59,45,1,52,64,0.019230769230769232,0.015625,0.008695652173913044
2019,2020,60,44,1,50,51,0.02,0.0196078431372549,0.01
2019,2020,60,45,37,50,64,0.74,0.578125,0.4805194805194805
2019,2020,61,76,128,138,150,0.927536231884058,0.8533333333333334,0.8
2019,2020,61,142,1,138,809,0.007246376811594203,0.0012360939431396785,0.0010570824524312897
2019,2020,62,83,1,133,36,0.007518796992481203,0.027777777777777776,0.005952380952380952
2019,2020,62,87,30,133,39,0.22556390977443608,0.7692307692307693,0.2112676056338028
2019,2020,62,88,83,133,96,0.6240601503759399,0.8645833333333334,0.5684931506849316
2019,2020,63,89,1,150,52,0.006666666666666667,0.019230769230769232,0.004975124378109453
2019,2020,63,90,138,150,164,0.92,0.8414634146341463,0.7840909090909091
2019,2020,64,89,30,36,52,0.8333333333333334,0.5769230769230769,0.5172413793103449
2019,2020,64,90,1,36,164,0.027777777777777776,0.006097560975609756,0.005025125628140704
2019,2020,65,69,1,167,88,0.005988023952095809,0.011363636363636364,0.003937007874015748
2019,2020,65,97,111,167,162,0.6646706586826348,0.6851851851851852,0.5091743119266054
2019,2020,65,98,24,167,30,0.1437125748502994,0.8,0.13872832369942195
2019,2020,65,142,1,167,809,0.005988023952095809,0.0012360939431396785,0.0010256410256410256
2019,2020,66,71,1,76,44,0.013157894736842105,0.022727272727272728,0.008403361344537815
2019,2020,66,102,70,76,80,0.9210526315789473,0.875,0.813953488372093
2019,2020,66,103,1,76,137,0.013157894736842105,0.0072992700729927005,0.0047169811320754715
2019,2020,67,98,2,108,30,0.018518518518518517,0.06666666666666667,0.014705882352941176
2019,2020,67,99,90,108,124,0.8333333333333334,0.7258064516129032,0.6338028169014085
2019,2020,67,142,2,108,809,0.018518518518518517,0.002472187886279357,0.002185792349726776
2019,2020,68,93,30,31,42,0.967741935483871,0.7142857142857143,0.6976744186046512
2019,2020,68,142,1,31,809,0.03225806451612903,0.0012360939431396785,0.0011918951132300357
2019,2020,69,71,33,36,44,0.9166666666666666,0.75,0.7021276595744681
2019,2020,69,80,1,36,591,0.027777777777777776,0.001692047377326565,0.001597444089456869
2019,2020,69,93,1,36,42,0.027777777777777776,0.023809523809523808,0.012987012987012988
2019,2020,70,91,1,126,52,0.007936507936507936,0.019230769230769232,0.005649717514124294
2019,2020,70,103,116,126,137,0.9206349206349206,0.8467153284671532,0.7891156462585034
2019,2020,70,142,1,126,809,0.007936507936507936,0.0012360939431396785,0.0010706638115631692
2019,2020,71,110,115,126,124,0.9126984126984127,0.9274193548387096,0.8518518518518519
2019,2020,72,105,44,50,47,0.88,0.9361702127659575,0.8301886792452831
2019,2020,72,108,2,50,135,0.04,0.014814814814814815,0.01092896174863388
2019,2020,73,103,1,108,137,0.009259259259259259,0.0072992700729927005,0.004098360655737705
2019,2020,73,108,99,108,135,0.9166666666666666,0.7333333333333333,0.6875
2019,2020,74,108,2,72,135,0.027777777777777776,0.014814814814814815,0.00975609756097561
2019,2020,74,112,38,72,40,0.5277777777777778,0.95,0.5135135135135135
2019,2020,74,113,24,72,30,0.3333333333333333,0.8,0.3076923076923077
2019,2020,75,128,91,103,105,0.883495145631068,0.8666666666666667,0.7777777777777778
2019,2020,75,129,1,103,232,0.009708737864077669,0.004310344827586207,0.0029940119760479044
2019,2020,75,142,1,103,809,0.009708737864077669,0.0012360939431396785,0.0010976948408342481
2019,2020,75,144,1,103,242,0.009708737864077669,0.004132231404958678,0.0029069767441860465
2019,2020,76,86,34,42,56,0.8095238095238095,0.6071428571428571,0.53125
2019,2020,76,133,1,42,102,0.023809523809523808,0.00980392156862745,0.006993006993006993
2019,2020,77,81,1,55,39,0.01818181818181818,0.02564102564102564,0.010752688172043012
2019,2020,77,85,21,55,30,0.38181818181818183,0.7,0.328125
2019,2020,78,85,4,57,30,0.07017543859649122,0.13333333333333333,0.04819277108433735
2019,2020,78,97,1,57,162,0.017543859649122806,0.006172839506172839,0.0045871559633027525
2019,2020,79,94,1,39,128,0.02564102564102564,0.0078125,0.006024096385542169
2019,2020,80,52,9,146,344,0.06164383561643835,0.02616279069767442,0.018711018711018712
2019,2020,80,70,122,146,144,0.8356164383561644,0.8472222222222222,0.7261904761904762
2019,2020,80,72,1,146,31,0.00684931506849315,0.03225806451612903,0.005681818181818182
2019,2020,80,88,1,146,96,0.00684931506849315,0.010416666666666666,0.004149377593360996
2019,2020,81,92,32,34,36,0.9411764705882353,0.8888888888888888,0.8421052631578947
2019,2020,82,52,309,325,344,0.9507692307692308,0.8982558139534884,0.8583333333333333
2019,2020,82,53,3,325,106,0.009230769230769232,0.02830188679245283,0.007009345794392523
2019,2020,82,94,2,325,128,0.006153846153846154,0.015625,0.004434589800443459
2019,2020,82,124,1,325,866,0.003076923076923077,0.0011547344110854503,8.403361344537816e-4
2019,2020,83,53,85,107,106,0.794392523364486,0.8018867924528302,0.6640625
2019,2020,84,82,1,66,37,0.015151515151515152,0.02702702702702703,0.00980392156862745
2019,2020,84,85,1,66,30,0.015151515151515152,0.03333333333333333,0.010526315789473684
2019,2020,84,95,56,66,58,0.8484848484848485,0.9655172413793104,0.8235294117647058
2019,2020,85,94,99,105,128,0.9428571428571428,0.7734375,0.7388059701492538
2019,2020,85,118,1,105,114,0.009523809523809525,0.008771929824561403,0.0045871559633027525
2019,2020,85,129,1,105,232,0.009523809523809525,0.004310344827586207,0.002976190476190476
2019,2020,86,0,2,1108,168,0.0018050541516245488,0.011904761904761904,0.0015698587127158557
2019,2020,86,2,3,1108,82,0.002707581227436823,0.036585365853658534,0.002527379949452401
2019,2020,86,3,7,1108,223,0.00631768953068592,0.03139013452914798,0.005287009063444109
2019,2020,86,4,2,1108,88,0.0018050541516245488,0.022727272727272728,0.0016750418760469012
2019,2020,86,7,3,1108,87,0.002707581227436823,0.034482758620689655,0.0025167785234899327
2019,2020,86,8,2,1108,96,0.0018050541516245488,0.020833333333333332,0.0016638935108153079
2019,2020,86,9,1,1108,34,9.025270758122744e-4,0.029411764705882353,8.764241893076249e-4
2019,2020,86,10,1,1108,40,9.025270758122744e-4,0.025,8.718395815170009e-4
2019,2020,86,12,4,1108,122,0.0036101083032490976,0.03278688524590164,0.0032626427406199023
2019,2020,86,13,3,1108,47,0.002707581227436823,0.06382978723404255,0.0026041666666666665
2019,2020,86,14,1,1108,68,9.025270758122744e-4,0.014705882352941176,8.51063829787234e-4
2019,2020,86,16,4,1108,86,0.0036101083032490976,0.046511627906976744,0.0033613445378151263
2019,2020,86,17,1,1108,39,9.025270758122744e-4,0.02564102564102564,8.726003490401396e-4
2019,2020,86,18,1,1108,87,9.025270758122744e-4,0.011494252873563218,8.375209380234506e-4
2019,2020,86,22,9,1108,346,0.008122743682310469,0.02601156069364162,0.006228373702422145
2019,2020,86,24,1,1108,55,9.025270758122744e-4,0.01818181818181818,8.605851979345956e-4
2019,2020,86,27,2,1108,34,0.0018050541516245488,0.058823529411764705,0.0017543859649122807
2019,2020,86,30,26,1108,500,0.023465703971119134,0.052,0.01643489254108723
2019,2020,86,32,2,1108,110,0.0018050541516245488,0.01818181818181818,0.001644736842105263
2019,2020,86,35,1,1108,58,9.025270758122744e-4,0.017241379310344827,8.583690987124463e-4
2019,2020,86,36,2,1108,118,0.0018050541516245488,0.01694915254237288,0.0016339869281045752
2019,2020,86,37,6,1108,139,0.005415162454873646,0.04316546762589928,0.004834810636583401
2019,2020,86,38,1,1108,57,9.025270758122744e-4,0.017543859649122806,8.59106529209622e-4
2019,2020,86,39,1,1108,57,9.025270758122744e-4,0.017543859649122806,8.59106529209622e-4
2019,2020,86,42,1,1108,189,9.025270758122744e-4,0.005291005291005291,7.716049382716049e-4
2019,2020,86,45,4,1108,64,0.0036101083032490976,0.0625,0.003424657534246575
2019,2020,86,49,1,1108,30,9.025270758122744e-4,0.03333333333333333,8.795074758135445e-4
2019,2020,86,52,10,1108,344,0.009025270758122744,0.029069767441860465,0.006934812760055479
2019,2020,86,53,3,1108,106,0.002707581227436823,0.02830188679245283,0.002477291494632535
2019,2020,86,54,4,1108,98,0.0036101083032490976,0.04081632653061224,0.0033277870216306157
2019,2020,86,57,3,1108,82,0.002707581227436823,0.036585365853658534,0.002527379949452401
2019,2020,86,58,3,1108,86,0.002707581227436823,0.03488372093023256,0.0025188916876574307
2019,2020,86,59,2,1108,32,0.0018050541516245488,0.0625,0.0017574692442882249
2019,2020,86,60,8,1108,147,0.007220216606498195,0.05442176870748299,0.006415396952686447
2019,2020,86,61,3,1108,48,0.002707581227436823,0.0625,0.0026019080659150044
2019,2020,86,62,1,1108,118,9.025270758122744e-4,0.00847457627118644,8.163265306122449e-4
2019,2020,86,63,1,1108,38,9.025270758122744e-4,0.02631578947368421,8.733624454148472e-4
2019,2020,86,64,3,1108,111,0.002707581227436823,0.02702702702702703,0.0024671052631578946
2019,2020,86,66,3,1108,67,0.002707581227436823,0.04477611940298507,0.002559726962457338
2019,2020,86,67,2,1108,92,0.0018050541516245488,0.021739130434782608,0.001669449081803005
2019,2020,86,69,3,1108,88,0.002707581227436823,0.03409090909090909,0.002514668901927913
2019,2020,86,70,2,1108,144,0.0018050541516245488,0.013888888888888888,0.0016
2019,2020,86,71,2,1108,44,0.0018050541516245488,0.045454545454545456,0.0017391304347826088
2019,2020,86,73,4,1108,136,0.0036101083032490976,0.029411764705882353,0.0032258064516129032
2019,2020,86,75,1,1108,87,9.025270758122744e-4,0.011494252873563218,8.375209380234506e-4
2019,2020,86,76,4,1108,150,0.0036101083032490976,0.02666666666666667,0.003189792663476874
2019,2020,86,77,3,1108,77,0.002707581227436823,0.03896103896103896,0.0025380710659898475
2019,2020,86,80,13,1108,591,0.011732851985559567,0.021996615905245348,0.00771055753262159
2019,2020,86,81,1,1108,39,9.025270758122744e-4,0.02564102564102564,8.726003490401396e-4
2019,2020,86,82,4,1108,37,0.0036101083032490976,0.10810810810810811,0.0035056967572304996
2019,2020,86,84,3,1108,106,0.002707581227436823,0.02830188679245283,0.002477291494632535
2019,2020,86,86,3,1108,56,0.002707581227436823,0.05357142857142857,0.002583979328165375
2019,2020,86,87,1,1108,39,9.025270758122744e-4,0.02564102564102564,8.726003490401396e-4
2019,2020,86,88,3,1108,96,0.002707581227436823,0.03125,0.002497918401332223
2019,2020,86,89,3,1108,52,0.002707581227436823,0.057692307692307696,0.0025929127052722557
2019,2020,86,90,1,1108,164,9.025270758122744e-4,0.006097560975609756,7.867820613690008e-4
2019,2020,86,92,1,1108,36,9.025270758122744e-4,0.027777777777777776,8.748906386701663e-4
2019,2020,86,93,3,1108,42,0.002707581227436823,0.07142857142857142,0.0026155187445510027
2019,2020,86,94,5,1108,128,0.004512635379061372,0.0390625,0.004061738424045491
2019,2020,86,97,8,1108,162,0.007220216606498195,0.04938271604938271,0.006339144215530904
2019,2020,86,99,1,1108,124,9.025270758122744e-4,0.008064516129032258,8.123476848090983e-4
2019,2020,86,100,1,1108,92,9.025270758122744e-4,0.010869565217391304,8.340283569641367e-4
2019,2020,86,102,3,1108,80,0.002707581227436823,0.0375,0.002531645569620253
2019,2020,86,103,5,1108,137,0.004512635379061372,0.0364963503649635,0.004032258064516129
2019,2020,86,104,3,1108,67,0.002707581227436823,0.04477611940298507,0.002559726962457338
2019,2020,86,105,1,1108,47,9.025270758122744e-4,0.02127659574468085,8.665511265164644e-4
2019,2020,86,106,2,1108,176,0.0018050541516245488,0.011363636363636364,0.0015600624024961
2019,2020,86,107,7,1108,69,0.00631768953068592,0.10144927536231885,0.005982905982905983
2019,2020,86,108,1,1108,135,9.025270758122744e-4,0.007407407407407408,8.051529790660225e-4
2019,2020,86,109,3,1108,199,0.002707581227436823,0.01507537688442211,0.0023006134969325155
2019,2020,86,110,3,1108,124,0.002707581227436823,0.024193548387096774,0.0024410089503661514
2019,2020,86,111,1,1108,33,9.025270758122744e-4,0.030303030303030304,8.771929824561404e-4
2019,2020,86,113,1,1108,30,9.025270758122744e-4,0.03333333333333333,8.795074758135445e-4
2019,2020,86,114,1,1108,34,9.025270758122744e-4,0.029411764705882353,8.764241893076249e-4
2019,2020,86,115,4,1108,108,0.0036101083032490976,0.037037037037037035,0.0033003300330033004
2019,2020,86,116,3,1108,159,0.002707581227436823,0.018867924528301886,0.0023734177215189874
2019,2020,86,117,2,1108,93,0.0018050541516245488,0.021505376344086023,0.0016680567139282735
2019,2020,86,118,1,1108,114,9.025270758122744e-4,0.008771929824561403,8.19000819000819e-4
2019,2020,86,119,2,1108,168,0.0018050541516245488,0.011904761904761904,0.0015698587127158557
2019,2020,86,121,1,1108,46,9.025270758122744e-4,0.021739130434782608,8.673026886383347e-4
2019,2020,86,122,3,1108,125,0.002707581227436823,0.024,0.0024390243902439024
2019,2020,86,123,1,1108,32,9.025270758122744e-4,0.03125,8.77963125548727e-4
2019,2020,86,124,14,1108,866,0.01263537906137184,0.016166281755196306,0.007142857142857143
2019,2020,86,126,5,1108,173,0.004512635379061372,0.028901734104046242,0.003918495297805642
2019,2020,86,127,1,1108,31,9.025270758122744e-4,0.03225806451612903,8.787346221441124e-4
2019,2020,86,128,1,1108,105,9.025270758122744e-4,0.009523809523809525,8.250825082508251e-4
2019,2020,86,129,6,1108,232,0.005415162454873646,0.02586206896551724,0.004497751124437781
2019,2020,86,130,1,1108,56,9.025270758122744e-4,0.017857142857142856,8.598452278589854e-4
2019,2020,86,131,6,1108,134,0.005415162454873646,0.04477611940298507,0.0048543689320388345
2019,2020,86,132,3,1108,56,0.002707581227436823,0.05357142857142857,0.002583979328165375
2019,2020,86,133,1,1108,102,9.025270758122744e-4,0.00980392156862745,8.271298593879239e-4
2019,2020,86,134,4,1108,169,0.0036101083032490976,0.023668639053254437,0.003142183817753339
2019,2020,86,136,3,1108,105,0.002707581227436823,0.02857142857142857,0.0024793388429752068
2019,2020,86,137,3,1108,114,0.002707581227436823,0.02631578947368421,0.002461033634126333
2019,2020,86,138,4,1108,150,0.0036101083032490976,0.02666666666666667,0.003189792663476874
2019,2020,86,139,1,1108,51,9.025270758122744e-4,0.0196078431372549,8.635578583765112e-4
2019,2020,86,141,1,1108,49,9.025270758122744e-4,0.02040816326530612,8.650519031141869e-4
2019,2020,86,142,353,1108,809,0.3185920577617328,0.4363411619283066,0.22570332480818414
2019,2020,86,143,1,1108,62,9.025270758122744e-4,0.016129032258064516,8.55431993156544e-4
2019,2020,86,144,5,1108,242,0.004512635379061372,0.02066115702479339,0.0037174721189591076
2019,2020,86,145,2,1108,47,0.0018050541516245488,0.0425531914893617,0.0017346053772766695
2019,2020,86,146,3,1108,107,0.002707581227436823,0.028037383177570093,0.0024752475247524753
2019,2020,86,147,12,1108,280,0.010830324909747292,0.04285714285714286,0.00872093023255814
2019,2020,86,148,2,1108,39,0.0018050541516245488,0.05128205128205128,0.0017467248908296944
2019,2020,86,150,1,1108,45,9.025270758122744e-4,0.022222222222222223,8.680555555555555e-4
2019,2020,86,151,8,1108,94,0.007220216606498195,0.0851063829787234,0.006700167504187605
2019,2020,86,152,2,1108,40,0.0018050541516245488,0.05,0.0017452006980802793
2019,2020,86,154,5,1108,209,0.004512635379061372,0.023923444976076555,0.0038109756097560975
2019,2020,86,155,5,1108,60,0.004512635379061372,0.08333333333333333,0.004299226139294927
2019,2020,86,156,1,1108,53,9.025270758122744e-4,0.018867924528301886,8.620689655172414e-4
2019,2020,86,157,1,1108,45,9.025270758122744e-4,0.022222222222222223,8.680555555555555e-4
2019,2020,86,158,2,1108,95,0.0018050541516245488,0.021052631578947368,0.0016652789342214821
2019,2020,86,159,1,1108,108,9.025270758122744e-4,0.009259259259259259,8.230452674897119e-4
2019,2020,86,160,1,1108,52,9.025270758122744e-4,0.019230769230769232,8.628127696289905e-4
2019,2020,86,161,4,1108,82,0.0036101083032490976,0.04878048780487805,0.003372681281618887
2019,2020,86,162,3,1108,64,0.002707581227436823,0.046875,0.0025662959794696323
2019,2020,86,163,15,1108,350,0.013537906137184115,0.04285714285714286,0.010395010395010396
2019,2020,86,164,2,1108,178,0.0018050541516245488,0.011235955056179775,0.001557632398753894
2019,2020,87,79,50,61,51,0.819672131147541,0.9803921568627451,0.8064516129032258
2019,2020,87,80,5,61,591,0.08196721311475409,0.008460236886632826,0.0077279752704791345
2019,2020,88,66,2,73,67,0.0273972602739726,0.029850746268656716,0.014492753623188406
2019,2020,88,74,66,73,74,0.9041095890410958,0.8918918918918919,0.8148148148148148
2019,2020,89,6,1,570,32,0.0017543859649122807,0.03125,0.0016638935108153079
2019,2020,89,70,1,570,144,0.0017543859649122807,0.006944444444444444,0.001402524544179523
2019,2020,89,80,514,570,591,0.9017543859649123,0.8697123519458545,0.794435857805255
2019,2020,89,142,2,570,809,0.0035087719298245615,0.002472187886279357,0.0014524328249818446
2019,2020,90,23,1,191,61,0.005235602094240838,0.01639344262295082,0.00398406374501992
2019,2020,90,101,1,191,50,0.005235602094240838,0.02,0.004166666666666667
2019,2020,90,109,182,191,199,0.9528795811518325,0.914572864321608,0.875
2019,2020,91,132,40,46,56,0.8695652173913043,0.7142857142857143,0.6451612903225806
2019,2020,92,133,80,90,102,0.8888888888888888,0.7843137254901961,0.7142857142857143
2019,2020,92,137,1,90,114,0.011111111111111112,0.008771929824561403,0.0049261083743842365
2019,2020,92,155,1,90,60,0.011111111111111112,0.016666666666666666,0.006711409395973154
2019,2020,93,91,47,48,52,0.9791666666666666,0.9038461538461539,0.8867924528301887
2019,2020,94,134,34,41,169,0.8292682926829268,0.20118343195266272,0.19318181818181818
2019,2020,94,142,1,41,809,0.024390243902439025,0.0012360939431396785,0.001177856301531213
2019,2020,95,120,1,42,67,0.023809523809523808,0.014925373134328358,0.009259259259259259
2019,2020,95,154,20,42,209,0.47619047619047616,0.09569377990430622,0.08658008658008658
2019,2020,96,134,76,79,169,0.9620253164556962,0.44970414201183434,0.4418604651162791
2019,2020,96,139,1,79,51,0.012658227848101266,0.0196078431372549,0.007751937984496124
2019,2020,97,136,41,46,105,0.8913043478260869,0.3904761904761905,0.37272727272727274
2019,2020,98,136,38,42,105,0.9047619047619048,0.3619047619047619,0.3486238532110092
2019,2020,98,142,1,42,809,0.023809523809523808,0.0012360939431396785,0.001176470588235294
2019,2020,99,139,5,49,51,0.10204081632653061,0.09803921568627451,0.05263157894736842
2019,2020,99,140,29,49,37,0.5918367346938775,0.7837837837837838,0.5087719298245614
2019,2020,99,142,1,49,809,0.02040816326530612,0.0012360939431396785,0.0011668611435239206
2019,2020,99,147,2,49,280,0.04081632653061224,0.007142857142857143,0.0061162079510703364
2019,2020,100,101,44,53,50,0.8301886792452831,0.88,0.7457627118644068
2019,2020,101,100,83,133,92,0.6240601503759399,0.9021739130434783,0.5845070422535211
2019,2020,101,101,3,133,50,0.022556390977443608,0.06,0.016666666666666666
2019,2020,101,117,1,133,93,0.007518796992481203,0.010752688172043012,0.0044444444444444444
2019,2020,101,126,1,133,173,0.007518796992481203,0.005780346820809248,0.003278688524590164
2019,2020,102,57,69,84,82,0.8214285714285714,0.8414634146341463,0.711340206185567
2019,2020,102,164,1,84,178,0.011904761904761904,0.0056179775280898875,0.0038314176245210726
2019,2020,103,135,26,47,32,0.5531914893617021,0.8125,0.49056603773584906
2019,2020,104,4,1,391,88,0.0025575447570332483,0.011363636363636364,0.0020920502092050207
2019,2020,104,73,1,391,136,0.0025575447570332483,0.007352941176470588,0.0019011406844106464
2019,2020,104,133,3,391,102,0.0076726342710997444,0.029411764705882353,0.006122448979591836
2019,2020,104,140,1,391,37,0.0025575447570332483,0.02702702702702703,0.00234192037470726
2019,2020,104,142,1,391,809,0.0025575447570332483,0.0012360939431396785,8.340283569641367e-4
2019,2020,104,146,81,391,107,0.2071611253196931,0.7570093457943925,0.19424460431654678
2019,2020,104,147,245,391,280,0.6265984654731458,0.875,0.5751173708920188
2019,2020,105,129,1,59,232,0.01694915254237288,0.004310344827586207,0.0034482758620689655
2019,2020,105,156,11,59,53,0.1864406779661017,0.20754716981132076,0.10891089108910891
2019,2020,105,157,38,59,45,0.6440677966101694,0.8444444444444444,0.5757575757575758
2019,2020,106,55,1,94,104,0.010638297872340425,0.009615384615384616,0.005076142131979695
2019,2020,106,137,88,94,114,0.9361702127659575,0.7719298245614035,0.7333333333333333
2019,2020,106,139,1,94,51,0.010638297872340425,0.0196078431372549,0.006944444444444444
2019,2020,106,147,1,94,280,0.010638297872340425,0.0035714285714285713,0.002680965147453083
2019,2020,106,154,1,94,209,0.010638297872340425,0.004784688995215311,0.0033112582781456954
2019,2020,107,137,1,30,114,0.03333333333333333,0.008771929824561403,0.006993006993006993
2019,2020,107,139,29,30,51,0.9666666666666667,0.5686274509803921,0.5576923076923077
2019,2020,108,67,79,90,92,0.8777777777777778,0.8586956521739131,0.7669902912621359
2019,2020,108,75,1,90,87,0.011111111111111112,0.011494252873563218,0.005681818181818182
2019,2020,108,115,1,90,108,0.011111111111111112,0.009259259259259259,0.005076142131979695
2019,2020,109,74,1,87,74,0.011494252873563218,0.013513513513513514,0.00625
2019,2020,109,117,78,87,93,0.896551724137931,0.8387096774193549,0.7647058823529411
2019,2020,110,116,129,133,159,0.9699248120300752,0.8113207547169812,0.7914110429447853
2019,2020,111,127,26,30,31,0.8666666666666667,0.8387096774193549,0.7428571428571429
2019,2020,112,107,26,34,69,0.7647058823529411,0.37681159420289856,0.33766233766233766
2019,2020,112,142,3,34,809,0.08823529411764706,0.003708281829419036,0.0035714285714285713
2019,2020,113,145,34,36,47,0.9444444444444444,0.723404255319149,0.6938775510204082
2019,2020,113,149,1,36,33,0.027777777777777776,0.030303030303030304,0.014705882352941176
2019,2020,114,126,134,152,173,0.881578947368421,0.7745664739884393,0.7015706806282722
2019,2020,114,127,1,152,31,0.006578947368421052,0.03225806451612903,0.005494505494505495
2019,2020,114,129,7,152,232,0.046052631578947366,0.03017241379310345,0.01856763925729443
2019,2020,115,142,1,76,809,0.013157894736842105,0.0012360939431396785,0.0011312217194570137
2019,2020,115,151,71,76,94,0.9342105263157895,0.7553191489361702,0.7171717171717171
2019,2020,115,152,1,76,40,0.013157894736842105,0.025,0.008695652173913044
2019,2020,116,104,57,59,67,0.9661016949152542,0.8507462686567164,0.8260869565217391
2019,2020,116,129,1,59,232,0.01694915254237288,0.004310344827586207,0.0034482758620689655
2019,2020,116,142,1,59,809,0.01694915254237288,0.0012360939431396785,0.0011534025374855825
2019,2020,117,143,45,49,62,0.9183673469387755,0.7258064516129032,0.6818181818181818
2019,2020,117,144,1,49,242,0.02040816326530612,0.004132231404958678,0.0034482758620689655
2019,2020,118,107,1,195,69,0.005128205128205128,0.014492753623188406,0.0038022813688212928
2019,2020,118,144,168,195,242,0.8615384615384616,0.6942148760330579,0.6245353159851301
2019,2020,118,152,1,195,40,0.005128205128205128,0.025,0.004273504273504274
2019,2020,119,120,34,40,67,0.85,0.5074626865671642,0.4657534246575342
2019,2020,120,114,31,34,34,0.9117647058823529,0.9117647058823529,0.8378378378378378
2019,2020,121,118,107,150,114,0.7133333333333334,0.9385964912280702,0.6815286624203821
2019,2020,121,121,1,150,46,0.006666666666666667,0.021739130434782608,0.005128205128205128
2019,2020,122,142,1,42,809,0.023809523809523808,0.0012360939431396785,0.001176470588235294
2019,2020,122,150,37,42,45,0.8809523809523809,0.8222222222222222,0.74
2019,2020,123,148,2,346,39,0.005780346820809248,0.05128205128205128,0.005221932114882507
2019,2020,123,161,1,346,82,0.002890173410404624,0.012195121951219513,0.00234192037470726
2019,2020,123,163,281,346,350,0.8121387283236994,0.8028571428571428,0.6771084337349398
2019,2020,123,164,8,346,178,0.023121387283236993,0.0449438202247191,0.015503875968992248
2019,2020,124,158,1,153,95,0.006535947712418301,0.010526315789473684,0.004048582995951417
2019,2020,124,164,142,153,178,0.9281045751633987,0.797752808988764,0.7513227513227513
2019,2020,125,148,22,45,39,0.4888888888888889,0.5641025641025641,0.3548387096774194
2019,2020,126,145,2,223,47,0.008968609865470852,0.0425531914893617,0.007462686567164179
2019,2020,126,149,5,223,33,0.02242152466367713,0.15151515151515152,0.0199203187250996
2019,2020,126,154,119,223,209,0.5336322869955157,0.569377990430622,0.3801916932907348
2019,2020,126,156,26,223,53,0.11659192825112108,0.49056603773584906,0.104
2019,2020,127,128,2,80,105,0.025,0.01904761904761905,0.01092896174863388
2019,2020,127,130,49,80,56,0.6125,0.875,0.5632183908045977
2019,2020,127,131,6,80,134,0.075,0.04477611940298507,0.028846153846153848
2019,2020,128,114,1,79,34,0.012658227848101266,0.029411764705882353,0.008928571428571428
2019,2020,128,115,76,79,108,0.9620253164556962,0.7037037037037037,0.6846846846846847
2019,2020,129,63,1,105,38,0.009523809523809525,0.02631578947368421,0.007042253521126761
2019,2020,129,158,1,105,95,0.009523809523809525,0.010526315789473684,0.005025125628140704
2019,2020,129,159,95,105,108,0.9047619047619048,0.8796296296296297,0.8050847457627118
2019,2020,130,153,62,66,71,0.9393939393939394,0.8732394366197183,0.8266666666666667
2019,2020,131,138,64,65,150,0.9846153846153847,0.4266666666666667,0.423841059602649
2019,2020,132,124,1,40,866,0.025,0.0011547344110854503,0.0011049723756906078
2019,2020,132,142,1,40,809,0.025,0.0012360939431396785,0.0011792452830188679
2019,2020,132,155,31,40,60,0.775,0.5166666666666667,0.4492753623188406
2019,2020,133,158,78,85,95,0.9176470588235294,0.8210526315789474,0.7647058823529411
2019,2020,134,142,1,54,809,0.018518518518518517,0.0012360939431396785,0.001160092807424594
2019,2020,134,160,43,54,52,0.7962962962962963,0.8269230769230769,0.6825396825396826
2019,2020,134,162,2,54,64,0.037037037037037035,0.03125,0.017241379310344827
2019,2020,135,151,2,35,94,0.05714285714285714,0.02127659574468085,0.015748031496062992
2019,2020,135,152,19,35,40,0.5428571428571428,0.475,0.3392857142857143
2019,2020,136,90,1,753,164,0.0013280212483399733,0.006097560975609756,0.001091703056768559
2019,2020,136,99,1,753,124,0.0013280212483399733,0.008064516129032258,0.001141552511415525
2019,2020,136,107,2,753,69,0.0026560424966799467,0.028985507246376812,0.0024390243902439024
2019,2020,136,116,1,753,159,0.0013280212483399733,0.006289308176100629,0.0010976948408342481
2019,2020,136,123,1,753,32,0.0013280212483399733,0.03125,0.0012755102040816326
2019,2020,136,124,688,753,866,0.9136786188579017,0.7944572748267898,0.7389903329752954
2019,2020,136,142,1,753,809,0.0013280212483399733,0.0012360939431396785,6.406149903907751e-4
2019,2020,137,119,157,198,168,0.7929292929292929,0.9345238095238095,0.7511961722488039
2019,2020,137,121,33,198,46,0.16666666666666666,0.717391304347826,0.15639810426540285
2019,2020,138,106,1,129,176,0.007751937984496124,0.005681818181818182,0.003289473684210526
2019,2020,138,121,3,129,46,0.023255813953488372,0.06521739130434782,0.01744186046511628
2019,2020,138,122,114,129,125,0.8837209302325582,0.912,0.8142857142857143
2019,2020,139,56,2,67,32,0.029850746268656716,0.0625,0.020618556701030927
2019,2020,139,161,47,67,82,0.7014925373134329,0.573170731707317,0.46078431372549017
2019,2020,139,162,1,67,64,0.014925373134328358,0.015625,0.007692307692307693
2019,2020,140,138,2,59,150,0.03389830508474576,0.013333333333333334,0.00966183574879227
2019,2020,140,142,1,59,809,0.01694915254237288,0.0012360939431396785,0.0011534025374855825
2019,2020,140,161,1,59,82,0.01694915254237288,0.012195121951219513,0.007142857142857143
2019,2020,140,162,38,59,64,0.6440677966101694,0.59375,0.4470588235294118
2019,2020,141,129,122,129,232,0.9457364341085271,0.5258620689655172,0.5104602510460251
2019,2020,142,131,81,98,134,0.826530612244898,0.6044776119402985,0.5364238410596026
2020,2021,0,0,167,168,179,0.9940476190476191,0.9329608938547486,0.9277777777777778
2020,2021,1,1,45,45,46,1,0.9782608695652174,0.9782608695652174
2020,2021,2,2,80,82,97,0.975609756097561,0.8247422680412371,0.8080808080808081
2020,2021,2,126,2,82,818,0.024390243902439025,0.0024449877750611247,0.0022271714922048997
2020,2021,3,2,1,223,97,0.004484304932735426,0.010309278350515464,0.003134796238244514
2020,2021,3,3,206,223,325,0.9237668161434978,0.6338461538461538,0.6023391812865497
2020,2021,3,7,1,223,91,0.004484304932735426,0.01098901098901099,0.003194888178913738
2020,2021,3,38,1,223,112,0.004484304932735426,0.008928571428571428,0.0029940119760479044
2020,2021,3,48,3,223,61,0.013452914798206279,0.04918032786885246,0.010676156583629894
2020,2021,3,126,4,223,818,0.017937219730941704,0.004889975550122249,0.003857280617164899
2020,2021,4,7,86,88,91,0.9772727272727273,0.945054945054945,0.9247311827956989
2020,2021,4,126,1,88,818,0.011363636363636364,0.0012224938875305623,0.0011049723756906078
2020,2021,5,6,34,35,39,0.9714285714285714,0.8717948717948718,0.85
2020,2021,6,8,32,32,35,1,0.9142857142857143,0.9142857142857143
2020,2021,7,5,1,87,179,0.011494252873563218,0.00558659217877095,0.0037735849056603774
2020,2021,7,11,27,87,43,0.3103448275862069,0.627906976744186,0.2621359223300971
2020,2021,7,12,47,87,54,0.5402298850574713,0.8703703703703703,0.5
2020,2021,7,26,1,87,33,0.011494252873563218,0.030303030303030304,0.008403361344537815
2020,2021,7,105,1,87,189,0.011494252873563218,0.005291005291005291,0.0036363636363636364
2020,2021,8,15,96,96,105,1,0.9142857142857143,0.9142857142857143
2020,2021,9,29,34,34,57,1,0.5964912280701754,0.5964912280701754
2020,2021,10,10,35,40,40,0.875,0.875,0.7777777777777778
2020,2021,10,158,1,40,889,0.025,0.0011248593925759281,0.0010775862068965517
2020,2021,11,23,47,50,58,0.94,0.8103448275862069,0.7704918032786885
2020,2021,12,31,112,122,125,0.9180327868852459,0.896,0.8296296296296296
2020,2021,12,126,1,122,818,0.00819672131147541,0.0012224938875305623,0.0010649627263045794
2020,2021,12,149,1,122,82,0.00819672131147541,0.012195121951219513,0.0049261083743842365
2020,2021,13,27,45,47,51,0.9574468085106383,0.8823529411764706,0.8490566037735849
2020,2021,14,19,67,68,68,0.9852941176470589,0.9852941176470589,0.9710144927536232
2020,2021,15,34,43,47,225,0.9148936170212766,0.19111111111111112,0.18777292576419213
2020,2021,16,34,80,86,225,0.9302325581395349,0.35555555555555557,0.3463203463203463
2020,2021,16,35,1,86,32,0.011627906976744186,0.03125,0.008547008547008548
2020,2021,16,67,1,86,83,0.011627906976744186,0.012048192771084338,0.005952380952380952
2020,2021,16,116,1,86,79,0.011627906976744186,0.012658227848101266,0.006097560975609756
2020,2021,16,126,1,86,818,0.011627906976744186,0.0012224938875305623,0.0011074197120708748
2020,2021,17,16,33,39,34,0.8461538461538461,0.9705882352941176,0.825
2020,2021,18,13,82,87,89,0.9425287356321839,0.9213483146067416,0.8723404255319149
2020,2021,18,64,1,87,400,0.011494252873563218,0.0025,0.00205761316872428
2020,2021,18,109,1,87,178,0.011494252873563218,0.0056179775280898875,0.003787878787878788
2020,2021,19,56,38,44,57,0.8636363636363636,0.6666666666666666,0.6031746031746031
2020,2021,20,62,1,30,146,0.03333333333333333,0.00684931506849315,0.005714285714285714
2020,2021,21,60,34,37,78,0.918918918918919,0.4358974358974359,0.41975308641975306
2020,2021,22,14,1,346,36,0.002890173410404624,0.027777777777777776,0.0026246719160104987
2020,2021,22,32,1,346,32,0.002890173410404624,0.03125,0.002652519893899204
2020,2021,22,33,317,346,389,0.9161849710982659,0.8149100257069408,0.7583732057416268
2020,2021,22,35,2,346,32,0.005780346820809248,0.0625,0.005319148936170213
2020,2021,22,62,1,346,146,0.002890173410404624,0.00684931506849315,0.002036659877800407
2020,2021,23,24,60,61,67,0.9836065573770492,0.8955223880597015,0.8823529411764706
2020,2021,23,31,1,61,125,0.01639344262295082,0.008,0.005405405405405406
2020,2021,24,32,1,55,32,0.01818181818181818,0.03125,0.011627906976744186
2020,2021,24,67,2,55,83,0.03636363636363636,0.024096385542168676,0.014705882352941176
2020,2021,24,68,40,55,53,0.7272727272727273,0.7547169811320755,0.5882352941176471
2020,2021,25,67,48,50,83,0.96,0.5783132530120482,0.5647058823529412
2020,2021,26,45,43,44,46,0.9772727272727273,0.9347826086956522,0.9148936170212766
2020,2021,27,28,32,34,38,0.9411764705882353,0.8421052631578947,0.8
2020,2021,27,122,1,34,262,0.029411764705882353,0.003816793893129771,0.003389830508474576
2020,2021,27,126,1,34,818,0.029411764705882353,0.0012224938875305623,0.0011750881316098707
2020,2021,28,82,41,44,42,0.9318181818181818,0.9761904761904762,0.9111111111111111
2020,2021,29,20,34,37,36,0.918918918918919,0.9444444444444444,0.8717948717948718
2020,2021,30,23,2,500,58,0.004,0.034482758620689655,0.0035971223021582736
2020,2021,30,29,4,500,57,0.008,0.07017543859649122,0.007233273056057866
2020,2021,30,32,25,500,32,0.05,0.78125,0.04930966469428008
2020,2021,30,33,2,500,389,0.004,0.005141388174807198,0.002254791431792559
2020,2021,30,35,20,500,32,0.04,0.625,0.0390625
2020,2021,30,36,23,500,31,0.046,0.7419354838709677,0.045275590551181105
2020,2021,30,46,23,500,38,0.046,0.6052631578947368,0.04466019417475728
2020,2021,30,58,37,500,42,0.074,0.8809523809523809,0.07326732673267326
2020,2021,30,60,1,500,78,0.002,0.01282051282051282,0.0017331022530329288
2020,2021,30,61,21,500,35,0.042,0.6,0.04085603112840467
2020,2021,30,62,105,500,146,0.21,0.7191780821917808,0.19408502772643252
2020,2021,30,69,44,500,62,0.088,0.7096774193548387,0.08494208494208494
2020,2021,30,70,41,500,59,0.082,0.6949152542372882,0.07915057915057915
2020,2021,30,76,1,500,193,0.002,0.0051813471502590676,0.001445086705202312
2020,2021,30,126,1,500,818,0.002,0.0012224938875305623,7.593014426727411e-4
2020,2021,31,21,104,104,1057,1,0.09839167455061495,0.09839167455061495
2020,2021,32,34,1,110,225,0.00909090909090909,0.0044444444444444444,0.0029940119760479044
2020,2021,32,60,1,110,78,0.00909090909090909,0.01282051282051282,0.0053475935828877
2020,2021,32,76,2,110,193,0.01818181818181818,0.010362694300518135,0.006644518272425249
2020,2021,32,79,52,110,72,0.4727272727272727,0.7222222222222222,0.4
2020,2021,32,80,36,110,43,0.32727272727272727,0.8372093023255814,0.3076923076923077
2020,2021,33,21,38,38,1057,1,0.03595080416272469,0.03595080416272469
2020,2021,34,21,40,41,1057,0.975609756097561,0.03784295175023652,0.03780718336483932
2020,2021,35,25,1,58,139,0.017241379310344827,0.007194244604316547,0.00510204081632653
2020,2021,35,104,45,58,48,0.7758620689655172,0.9375,0.7377049180327869
2020,2021,36,17,110,118,119,0.9322033898305084,0.9243697478991597,0.8661417322834646
2020,2021,36,143,1,118,52,0.00847457627118644,0.019230769230769232,0.005917159763313609
2020,2021,37,21,136,139,1057,0.9784172661870504,0.12866603595080417,0.12830188679245283
2020,2021,38,103,53,57,80,0.9298245614035088,0.6625,0.6309523809523809
2020,2021,39,12,1,57,54,0.017543859649122806,0.018518518518518517,0.00909090909090909
2020,2021,39,57,53,57,70,0.9298245614035088,0.7571428571428571,0.7162162162162162
2020,2021,40,18,35,36,135,0.9722222222222222,0.25925925925925924,0.25735294117647056
2020,2021,41,18,77,78,135,0.9871794871794872,0.5703703703703704,0.5661764705882353
2020,2021,41,126,1,78,818,0.01282051282051282,0.0012224938875305623,0.0011173184357541898
2020,2021,42,25,2,189,139,0.010582010582010581,0.014388489208633094,0.006134969325153374
2020,2021,42,33,1,189,389,0.005291005291005291,0.002570694087403599,0.0017331022530329288
2020,2021,42,34,2,189,225,0.010582010582010581,0.008888888888888889,0.0048543689320388345
2020,2021,42,69,1,189,62,0.005291005291005291,0.016129032258064516,0.004
2020,2021,42,76,144,189,193,0.7619047619047619,0.7461139896373057,0.6050420168067226
2020,2021,42,116,6,189,79,0.031746031746031744,0.0759493670886076,0.022900763358778626
2020,2021,42,126,3,189,818,0.015873015873015872,0.003667481662591687,0.00298804780876494
2020,2021,43,25,73,73,139,1,0.5251798561151079,0.5251798561151079
2020,2021,44,21,51,51,1057,1,0.048249763481551564,0.048249763481551564
2020,2021,45,21,62,64,1057,0.96875,0.0586565752128666,0.05854579792256846
2020,2021,45,126,2,64,818,0.03125,0.0024449877750611247,0.0022727272727272726
2020,2021,46,21,35,36,1057,0.9722222222222222,0.033112582781456956,0.0330812854442344
2020,2021,47,86,47,64,53,0.734375,0.8867924528301887,0.6714285714285714
2020,2021,48,21,137,140,1057,0.9785714285714285,0.12961210974456008,0.12924528301886792
2020,2021,48,126,2,140,818,0.014285714285714285,0.0024449877750611247,0.0020920502092050207
2020,2021,49,176,1,30,210,0.03333333333333333,0.004761904761904762,0.0041841004184100415
2020,2021,50,21,31,31,1057,1,0.0293282876064333,0.0293282876064333
2020,2021,51,21,61,61,1057,1,0.05771050141911069,0.05771050141911069
2020,2021,52,47,1,344,98,0.0029069767441860465,0.01020408163265306,0.0022675736961451248
2020,2021,52,51,1,344,97,0.0029069767441860465,0.010309278350515464,0.0022727272727272726
2020,2021,52,52,69,344,70,0.2005813953488372,0.9857142857142858,0.2
2020,2021,52,53,223,344,229,0.6482558139534884,0.9737991266375546,0.6371428571428571
2020,2021,53,42,9,106,49,0.08490566037735849,0.1836734693877551,0.06164383561643835
2020,2021,53,47,90,106,98,0.8490566037735849,0.9183673469387755,0.7894736842105263
2020,2021,53,126,1,106,818,0.009433962264150943,0.0012224938875305623,0.0010834236186348862
2020,2021,53,167,1,106,264,0.009433962264150943,0.003787878787878788,0.0027100271002710027
2020,2021,54,40,43,98,51,0.4387755102040816,0.8431372549019608,0.4056603773584906
2020,2021,54,76,7,98,193,0.07142857142857142,0.03626943005181347,0.02464788732394366
2020,2021,54,105,22,98,189,0.22448979591836735,0.1164021164021164,0.0830188679245283
2020,2021,55,105,97,104,189,0.9326923076923077,0.5132275132275133,0.49489795918367346
2020,2021,55,160,1,104,32,0.009615384615384616,0.03125,0.007407407407407408
2020,2021,56,139,27,32,63,0.84375,0.42857142857142855,0.39705882352941174
2020,2021,56,172,3,32,640,0.09375,0.0046875,0.004484304932735426
2020,2021,57,22,81,82,96,0.9878048780487805,0.84375,0.8350515463917526
2020,2021,58,25,1,86,139,0.011627906976744186,0.007194244604316547,0.004464285714285714
2020,2021,58,76,1,86,193,0.011627906976744186,0.0051813471502590676,0.0035971223021582736
2020,2021,58,106,57,86,82,0.6627906976744186,0.6951219512195121,0.5135135135135135
2020,2021,58,116,1,86,79,0.011627906976744186,0.012658227848101266,0.006097560975609756
2020,2021,59,4,30,32,34,0.9375,0.8823529411764706,0.8333333333333334
2020,2021,59,5,1,32,179,0.03125,0.00558659217877095,0.004761904761904762
2020,2021,60,5,144,147,179,0.9795918367346939,0.8044692737430168,0.7912087912087912
2020,2021,60,111,1,147,96,0.006802721088435374,0.010416666666666666,0.004132231404958678
2020,2021,60,126,1,147,818,0.006802721088435374,0.0012224938875305623,0.001037344398340249
2020,2021,61,40,1,48,51,0.020833333333333332,0.0196078431372549,0.01020408163265306
2020,2021,61,115,1,48,128,0.020833333333333332,0.0078125,0.005714285714285714
2020,2021,61,116,35,48,79,0.7291666666666666,0.4430379746835443,0.3804347826086957
2020,2021,62,26,1,118,33,0.00847457627118644,0.030303030303030304,0.006666666666666667
2020,2021,62,40,1,118,51,0.00847457627118644,0.0196078431372549,0.005952380952380952
2020,2021,62,115,71,118,128,0.6016949152542372,0.5546875,0.4057142857142857
2020,2021,63,127,37,38,39,0.9736842105263158,0.9487179487179487,0.925
2020,2021,64,71,80,111,93,0.7207207207207207,0.8602150537634409,0.6451612903225806
2020,2021,64,72,23,111,64,0.2072072072072072,0.359375,0.1513157894736842
2020,2021,64,126,2,111,818,0.018018018018018018,0.0024449877750611247,0.002157497303128371
2020,2021,65,90,32,34,35,0.9411764705882353,0.9142857142857143,0.8648648648648649
2020,2021,65,91,1,34,81,0.029411764705882353,0.012345679012345678,0.008771929824561403
2020,2021,66,91,65,67,81,0.9701492537313433,0.8024691358024691,0.7831325301204819
2020,2021,67,111,85,92,96,0.9239130434782609,0.8854166666666666,0.8252427184466019
2020,2021,67,126,5,92,818,0.05434782608695652,0.006112469437652812,0.0055248618784530384
2020,2021,68,39,30,36,37,0.8333333333333334,0.8108108108108109,0.6976744186046512
2020,2021,68,126,1,36,818,0.027777777777777776,0.0012224938875305623,0.0011723329425556857
2020,2021,68,164,1,36,281,0.027777777777777776,0.0035587188612099642,0.0031645569620253164
2020,2021,69,38,81,88,112,0.9204545454545454,0.7232142857142857,0.680672268907563
2020,2021,69,39,1,88,37,0.011363636363636364,0.02702702702702703,0.008064516129032258
2020,2021,69,95,2,88,193,0.022727272727272728,0.010362694300518135,0.007168458781362007
2020,2021,69,114,1,88,164,0.011363636363636364,0.006097560975609756,0.00398406374501992
2020,2021,70,51,94,144,97,0.6527777777777778,0.9690721649484536,0.6394557823129252
2020,2021,70,78,1,144,294,0.006944444444444444,0.003401360544217687,0.002288329519450801
2020,2021,71,113,41,44,44,0.9318181818181818,0.9318181818181818,0.8723404255319149
2020,2021,71,134,1,44,120,0.022727272727272728,0.008333333333333333,0.006134969325153374
2020,2021,72,44,31,31,32,1,0.96875,0.96875
2020,2021,73,48,52,136,61,0.38235294117647056,0.8524590163934426,0.3586206896551724
2020,2021,73,49,45,136,50,0.33088235294117646,0.9,0.3191489361702128
2020,2021,73,112,1,136,63,0.007352941176470588,0.015873015873015872,0.005050505050505051
2020,2021,73,126,1,136,818,0.007352941176470588,0.0012224938875305623,0.001049317943336831
2020,2021,74,45,1,74,46,0.013513513513513514,0.021739130434782608,0.008403361344537815
2020,2021,74,50,71,74,76,0.9594594594594594,0.9342105263157895,0.8987341772151899
2020,2021,74,64,1,74,400,0.013513513513513514,0.0025,0.0021141649048625794
2020,2021,75,92,78,87,133,0.896551724137931,0.5864661654135338,0.5492957746478874
2020,2021,76,38,1,150,112,0.006666666666666667,0.008928571428571428,0.0038314176245210726
2020,2021,76,108,1,150,157,0.006666666666666667,0.006369426751592357,0.0032679738562091504
2020,2021,76,110,141,150,152,0.94,0.9276315789473685,0.8757763975155279
2020,2021,76,131,1,150,127,0.006666666666666667,0.007874015748031496,0.0036231884057971015
2020,2021,77,112,53,77,63,0.6883116883116883,0.8412698412698413,0.6091954022988506
2020,2021,77,114,2,77,164,0.025974025974025976,0.012195121951219513,0.008368200836820083
2020,2021,77,126,4,77,818,0.05194805194805195,0.004889975550122249,0.004489337822671156
2020,2021,78,55,40,41,53,0.975609756097561,0.7547169811320755,0.7407407407407407
2020,2021,79,54,50,51,52,0.9803921568627451,0.9615384615384616,0.9433962264150944
2020,2021,79,126,1,51,818,0.0196078431372549,0.0012224938875305623,0.001152073732718894
2020,2021,80,54,1,591,52,0.001692047377326565,0.019230769230769232,0.001557632398753894
2020,2021,80,55,2,591,53,0.00338409475465313,0.03773584905660377,0.003115264797507788
2020,2021,80,59,28,591,33,0.047377326565143825,0.8484848484848485,0.04697986577181208
2020,2021,80,63,101,591,110,0.17089678510998307,0.9181818181818182,0.16833333333333333
2020,2021,80,64,371,591,400,0.6277495769881557,0.9275,0.5983870967741935
2020,2021,80,75,1,591,62,0.001692047377326565,0.016129032258064516,0.0015337423312883436
2020,2021,80,83,1,591,305,0.001692047377326565,0.003278688524590164,0.0011173184357541898
2020,2021,80,126,3,591,818,0.005076142131979695,0.003667481662591687,0.0021337126600284497
2020,2021,81,72,38,39,64,0.9743589743589743,0.59375,0.5846153846153846
2020,2021,82,41,34,37,41,0.918918918918919,0.8292682926829268,0.7727272727272727
2020,2021,82,108,1,37,157,0.02702702702702703,0.006369426751592357,0.0051813471502590676
2020,2021,82,126,1,37,818,0.02702702702702703,0.0012224938875305623,0.00117096018735363
2020,2021,83,37,35,36,41,0.9722222222222222,0.8536585365853658,0.8333333333333334
2020,2021,83,73,1,36,42,0.027777777777777776,0.023809523809523808,0.012987012987012988
2020,2021,84,77,93,106,108,0.8773584905660378,0.8611111111111112,0.768595041322314
2020,2021,84,78,5,106,294,0.04716981132075472,0.017006802721088437,0.012658227848101266
2020,2021,84,126,1,106,818,0.009433962264150943,0.0012224938875305623,0.0010834236186348862
2020,2021,85,43,29,30,90,0.9666666666666667,0.32222222222222224,0.31868131868131866
2020,2021,86,119,32,56,39,0.5714285714285714,0.8205128205128205,0.5079365079365079
2020,2021,86,126,1,56,818,0.017857142857142856,0.0012224938875305623,0.001145475372279496
2020,2021,87,73,35,39,42,0.8974358974358975,0.8333333333333334,0.7608695652173914
2020,2021,88,45,1,96,46,0.010416666666666666,0.021739130434782608,0.0070921985815602835
2020,2021,88,74,29,96,32,0.3020833333333333,0.90625,0.29292929292929293
2020,2021,88,75,57,96,62,0.59375,0.9193548387096774,0.5643564356435643
2020,2021,88,83,1,96,305,0.010416666666666666,0.003278688524590164,0.0025
2020,2021,89,51,1,52,97,0.019230769230769232,0.010309278350515464,0.006756756756756757
2020,2021,89,78,48,52,294,0.9230769230769231,0.16326530612244897,0.1610738255033557
2020,2021,89,126,1,52,818,0.019230769230769232,0.0012224938875305623,0.0011507479861910242
2020,2021,90,78,160,164,294,0.975609756097561,0.54421768707483,0.5369127516778524
2020,2021,90,126,1,164,818,0.006097560975609756,0.0012224938875305623,0.0010193679918450561
2020,2021,91,66,52,52,71,1,0.7323943661971831,0.7323943661971831
2020,2021,92,84,34,36,36,0.9444444444444444,0.9444444444444444,0.8947368421052632
2020,2021,93,113,1,42,44,0.023809523809523808,0.022727272727272728,0.011764705882352941
2020,2021,93,124,36,42,55,0.8571428571428571,0.6545454545454545,0.5901639344262295
2020,2021,94,99,3,128,33,0.0234375,0.09090909090909091,0.0189873417721519
2020,2021,94,100,91,128,98,0.7109375,0.9285714285714286,0.674074074074074
2020,2021,94,126,1,128,818,0.0078125,0.0012224938875305623,0.0010582010582010583
2020,2021,95,89,56,58,62,0.9655172413793104,0.9032258064516129,0.875
2020,2021,96,81,51,54,65,0.9444444444444444,0.7846153846153846,0.75
2020,2021,97,78,1,162,294,0.006172839506172839,0.003401360544217687,0.002197802197802198
2020,2021,97,107,47,162,64,0.29012345679012347,0.734375,0.26256983240223464
2020,2021,97,108,83,162,157,0.5123456790123457,0.5286624203821656,0.3516949152542373
2020,2021,97,114,18,162,164,0.1111111111111111,0.10975609756097561,0.05844155844155844
2020,2021,97,126,1,162,818,0.006172839506172839,0.0012224938875305623,0.0010214504596527069
2020,2021,98,114,27,30,164,0.9,0.16463414634146342,0.16167664670658682
2020,2021,99,3,1,124,325,0.008064516129032258,0.003076923076923077,0.002232142857142857
2020,2021,99,114,96,124,164,0.7741935483870968,0.5853658536585366,0.5
2020,2021,99,123,1,124,117,0.008064516129032258,0.008547008547008548,0.004166666666666667
2020,2021,100,13,1,92,89,0.010869565217391304,0.011235955056179775,0.005555555555555556
2020,2021,100,65,1,92,30,0.010869565217391304,0.03333333333333333,0.008264462809917356
2020,2021,100,78,1,92,294,0.010869565217391304,0.003401360544217687,0.0025974025974025974
2020,2021,100,92,1,92,133,0.010869565217391304,0.007518796992481203,0.004464285714285714
2020,2021,100,98,79,92,97,0.8586956521739131,0.8144329896907216,0.7181818181818181
2020,2021,101,97,46,50,49,0.92,0.9387755102040817,0.8679245283018868
2020,2021,101,98,2,50,97,0.04,0.020618556701030927,0.013793103448275862
2020,2021,102,125,75,80,91,0.9375,0.8241758241758241,0.78125
2020,2021,102,164,1,80,281,0.0125,0.0035587188612099642,0.002777777777777778
2020,2021,103,125,2,137,91,0.014598540145985401,0.02197802197802198,0.008849557522123894
2020,2021,103,128,129,137,144,0.9416058394160584,0.8958333333333334,0.8486842105263158
2020,2021,104,85,64,67,68,0.9552238805970149,0.9411764705882353,0.9014084507042254
2020,2021,105,130,44,47,49,0.9361702127659575,0.8979591836734694,0.8461538461538461
2020,2021,106,55,1,176,53,0.005681818181818182,0.018867924528301886,0.0043859649122807015
2020,2021,106,95,173,176,193,0.9829545454545454,0.8963730569948186,0.8826530612244898
2020,2021,106,122,1,176,262,0.005681818181818182,0.003816793893129771,0.002288329519450801
2020,2021,106,158,1,176,889,0.005681818181818182,0.0011248593925759281,9.398496240601503e-4
2020,2021,107,142,55,69,71,0.7971014492753623,0.7746478873239436,0.6470588235294118
2020,2021,108,124,11,135,55,0.08148148148148149,0.2,0.061452513966480445
2020,2021,108,131,115,135,127,0.8518518518518519,0.905511811023622,0.782312925170068
2020,2021,109,78,1,199,294,0.005025125628140704,0.003401360544217687,0.0020325203252032522
2020,2021,109,108,1,199,157,0.005025125628140704,0.006369426751592357,0.0028169014084507044
2020,2021,109,120,110,199,114,0.5527638190954773,0.9649122807017544,0.541871921182266
2020,2021,109,121,53,199,60,0.2663316582914573,0.8833333333333333,0.25728155339805825
2020,2021,109,162,1,199,31,0.005025125628140704,0.03225806451612903,0.004366812227074236
2020,2021,109,175,1,199,70,0.005025125628140704,0.014285714285714285,0.0037313432835820895
2020,2021,110,7,1,124,91,0.008064516129032258,0.01098901098901099,0.004672897196261682
2020,2021,110,134,107,124,120,0.8629032258064516,0.8916666666666667,0.781021897810219
2020,2021,111,140,30,33,34,0.9090909090909091,0.8823529411764706,0.8108108108108109
2020,2021,111,161,1,33,161,0.030303030303030304,0.006211180124223602,0.0051813471502590676
2020,2021,112,135,34,40,37,0.85,0.918918918918919,0.7906976744186046
2020,2021,112,136,1,40,32,0.025,0.03125,0.014084507042253521
2020,2021,113,136,27,30,32,0.9,0.84375,0.7714285714285715
2020,2021,114,118,31,34,56,0.9117647058823529,0.5535714285714286,0.5254237288135594
2020,2021,114,122,1,34,262,0.029411764705882353,0.003816793893129771,0.003389830508474576
2020,2021,115,117,73,108,84,0.6759259259259259,0.8690476190476191,0.6134453781512605
2020,2021,115,118,20,108,56,0.18518518518518517,0.35714285714285715,0.1388888888888889
2020,2021,115,126,1,108,818,0.009259259259259259,0.0012224938875305623,0.001081081081081081
2020,2021,116,109,154,159,178,0.9685534591194969,0.8651685393258427,0.8415300546448088
2020,2021,116,126,1,159,818,0.006289308176100629,0.0012224938875305623,0.0010245901639344263
2020,2021,117,50,1,93,76,0.010752688172043012,0.013157894736842105,0.005952380952380952
2020,2021,117,87,48,93,49,0.5161290322580645,0.9795918367346939,0.5106382978723404
2020,2021,117,88,32,93,32,0.34408602150537637,1,0.34408602150537637
2020,2021,117,93,1,93,113,0.010752688172043012,0.008849557522123894,0.004878048780487805
2020,2021,117,98,1,93,97,0.010752688172043012,0.010309278350515464,0.005291005291005291
2020,2021,117,101,1,93,128,0.010752688172043012,0.0078125,0.004545454545454545
2020,2021,117,102,1,93,173,0.010752688172043012,0.005780346820809248,0.0037735849056603774
2020,2021,118,93,101,114,113,0.8859649122807017,0.8938053097345132,0.8015873015873016
2020,2021,118,94,8,114,30,0.07017543859649122,0.26666666666666666,0.058823529411764705
2020,2021,119,28,1,168,38,0.005952380952380952,0.02631578947368421,0.004878048780487805
2020,2021,119,102,154,168,173,0.9166666666666666,0.8901734104046243,0.8235294117647058
2020,2021,119,126,1,168,818,0.005952380952380952,0.0012224938875305623,0.0010152284263959391
2020,2021,120,66,1,67,71,0.014925373134328358,0.014084507042253521,0.0072992700729927005
2020,2021,120,152,53,67,58,0.7910447761194029,0.9137931034482759,0.7361111111111112
2020,2021,120,158,1,67,889,0.014925373134328358,0.0011248593925759281,0.0010471204188481676
2020,2021,121,101,2,46,128,0.043478260869565216,0.015625,0.011627906976744186
2020,2021,121,102,10,46,173,0.21739130434782608,0.057803468208092484,0.04784688995215311
2020,2021,122,101,116,125,128,0.928,0.90625,0.8467153284671532
2020,2021,122,119,1,125,39,0.008,0.02564102564102564,0.006134969325153374
2020,2021,122,126,3,125,818,0.024,0.003667481662591687,0.0031914893617021275
2020,2021,123,83,1,32,305,0.03125,0.003278688524590164,0.002976190476190476
2020,2021,123,111,3,32,96,0.09375,0.03125,0.024
2020,2021,124,83,1,866,305,0.0011547344110854503,0.003278688524590164,8.547008547008547e-4
2020,2021,124,108,2,866,157,0.0023094688221709007,0.012738853503184714,0.0019588638589618022
2020,2021,124,126,6,866,818,0.006928406466512702,0.007334963325183374,0.003575685339690107
2020,2021,124,139,1,866,63,0.0011547344110854503,0.015873015873015872,0.0010775862068965517
2020,2021,124,142,1,866,71,0.0011547344110854503,0.014084507042253521,0.0010683760683760685
2020,2021,124,154,1,866,87,0.0011547344110854503,0.011494252873563218,0.0010504201680672268
2020,2021,124,158,773,866,889,0.8926096997690531,0.8695163104611924,0.7871690427698574
2020,2021,124,159,1,866,141,0.0011547344110854503,0.0070921985815602835,9.940357852882703e-4
2020,2021,124,172,1,866,640,0.0011547344110854503,0.0015625,6.64451827242525e-4
2020,2021,125,126,1,32,818,0.03125,0.0012224938875305623,0.001177856301531213
2020,2021,126,83,169,173,305,0.976878612716763,0.5540983606557377,0.5469255663430421
2020,2021,126,122,1,173,262,0.005780346820809248,0.003816793893129771,0.002304147465437788
2020,2021,126,126,2,173,818,0.011560693641618497,0.0024449877750611247,0.0020222446916076846
2020,2021,127,83,29,31,305,0.9354838709677419,0.09508196721311475,0.09446254071661238
2020,2021,128,123,101,105,117,0.9619047619047619,0.8632478632478633,0.8347107438016529
2020,2021,129,83,5,232,305,0.021551724137931036,0.01639344262295082,0.009398496240601503
2020,2021,129,85,1,232,68,0.004310344827586207,0.014705882352941176,0.0033444816053511705
2020,2021,129,122,216,232,262,0.9310344827586207,0.8244274809160306,0.7769784172661871
2020,2021,130,129,43,56,52,0.7678571428571429,0.8269230769230769,0.6615384615384615
2020,2021,131,122,1,134,262,0.007462686567164179,0.003816793893129771,0.002531645569620253
2020,2021,131,129,1,134,52,0.007462686567164179,0.019230769230769232,0.005405405405405406
2020,2021,131,132,50,134,60,0.373134328358209,0.8333333333333334,0.3472222222222222
2020,2021,131,133,39,134,49,0.291044776119403,0.7959183673469388,0.2708333333333333
2020,2021,132,153,45,56,55,0.8035714285714286,0.8181818181818182,0.6818181818181818
2020,2021,132,158,1,56,889,0.017857142857142856,0.0011248593925759281,0.001059322033898305
2020,2021,132,159,1,56,141,0.017857142857142856,0.0070921985815602835,0.00510204081632653
2020,2021,133,119,1,102,39,0.00980392156862745,0.02564102564102564,0.007142857142857143
2020,2021,133,150,67,102,74,0.6568627450980392,0.9054054054054054,0.6146788990825688
2020,2021,134,38,1,169,112,0.005917159763313609,0.008928571428571428,0.0035714285714285713
2020,2021,134,126,1,169,818,0.005917159763313609,0.0012224938875305623,0.0010141987829614604
2020,2021,134,143,44,169,52,0.2603550295857988,0.8461538461538461,0.24858757062146894
2020,2021,134,149,63,169,82,0.3727810650887574,0.7682926829268293,0.3351063829787234
2020,2021,134,151,29,169,30,0.17159763313609466,0.9666666666666667,0.17058823529411765
2020,2021,134,164,1,169,281,0.005917159763313609,0.0035587188612099642,0.0022271714922048997
2020,2021,135,144,30,32,36,0.9375,0.8333333333333334,0.7894736842105263
2020,2021,136,18,1,105,135,0.009523809523809525,0.007407407407407408,0.0041841004184100415
2020,2021,136,96,99,105,123,0.9428571428571428,0.8048780487804879,0.7674418604651163
2020,2021,137,96,1,114,123,0.008771929824561403,0.008130081300813009,0.00423728813559322
2020,2021,137,126,1,114,818,0.008771929824561403,0.0012224938875305623,0.0010741138560687433
2020,2021,137,146,2,114,45,0.017543859649122806,0.044444444444444446,0.012738853503184714
2020,2021,137,147,102,114,115,0.8947368421052632,0.8869565217391304,0.8031496062992126
2020,2021,137,150,1,114,74,0.008771929824561403,0.013513513513513514,0.0053475935828877
2020,2021,138,0,1,150,179,0.006666666666666667,0.00558659217877095,0.003048780487804878
2020,2021,138,1,1,150,46,0.006666666666666667,0.021739130434782608,0.005128205128205128
2020,2021,138,126,1,150,818,0.006666666666666667,0.0012224938875305623,0.001034126163391934
2020,2021,138,161,132,150,161,0.88,0.8198757763975155,0.7374301675977654
2020,2021,139,145,2,51,45,0.0392156862745098,0.044444444444444446,0.02127659574468085
2020,2021,139,146,41,51,45,0.803921568627451,0.9111111111111111,0.7454545454545455
2020,2021,140,145,29,37,45,0.7837837837837838,0.6444444444444445,0.5471698113207547
2020,2021,140,164,1,37,281,0.02702702702702703,0.0035587188612099642,0.0031545741324921135
2020,2021,141,166,28,49,30,0.5714285714285714,0.9333333333333333,0.5490196078431373
2020,2021,142,0,1,809,179,0.0012360939431396785,0.00558659217877095,0.0010131712259371835
2020,2021,142,2,2,809,97,0.002472187886279357,0.020618556701030927,0.0022123893805309734
2020,2021,142,3,11,809,325,0.013597033374536464,0.033846153846153845,0.009795191451469279
2020,2021,142,4,1,809,34,0.0012360939431396785,0.029411764705882353,0.0011876484560570072
2020,2021,142,5,11,809,179,0.013597033374536464,0.061452513966480445,0.011258955987717503
2020,2021,142,6,3,809,39,0.003708281829419036,0.07692307692307693,0.0035502958579881655
2020,2021,142,9,3,809,36,0.003708281829419036,0.08333333333333333,0.0035629453681710215
2020,2021,142,10,2,809,40,0.002472187886279357,0.05,0.0023612750885478157
2020,2021,142,12,1,809,54,0.0012360939431396785,0.018518518518518517,0.001160092807424594
2020,2021,142,14,2,809,36,0.002472187886279357,0.05555555555555555,0.002372479240806643
2020,2021,142,18,1,809,135,0.0012360939431396785,0.007407407407407408,0.0010604453870625664
2020,2021,142,19,1,809,68,0.0012360939431396785,0.014705882352941176,0.001141552511415525
2020,2021,142,20,1,809,36,0.0012360939431396785,0.027777777777777776,0.001184834123222749
2020,2021,142,21,10,809,1057,0.012360939431396786,0.00946073793755913,0.005387931034482759
2020,2021,142,22,1,809,96,0.0012360939431396785,0.010416666666666666,0.0011061946902654867
2020,2021,142,24,1,809,67,0.0012360939431396785,0.014925373134328358,0.001142857142857143
2020,2021,142,25,1,809,139,0.0012360939431396785,0.007194244604316547,0.0010559662090813093
2020,2021,142,26,1,809,33,0.0012360939431396785,0.030303030303030304,0.0011890606420927466
2020,2021,142,27,3,809,51,0.003708281829419036,0.058823529411764705,0.003500583430571762
2020,2021,142,29,2,809,57,0.002472187886279357,0.03508771929824561,0.0023148148148148147
2020,2021,142,31,2,809,125,0.002472187886279357,0.016,0.002145922746781116
2020,2021,142,32,1,809,32,0.0012360939431396785,0.03125,0.0011904761904761906
2020,2021,142,33,8,809,389,0.009888751545117428,0.02056555269922879,0.0067226890756302525
2020,2021,142,34,1,809,225,0.0012360939431396785,0.0044444444444444444,9.68054211035818e-4
2020,2021,142,35,1,809,32,0.0012360939431396785,0.03125,0.0011904761904761906
2020,2021,142,36,3,809,31,0.003708281829419036,0.0967741935483871,0.0035842293906810036
2020,2021,142,37,2,809,41,0.002472187886279357,0.04878048780487805,0.0023584905660377358
2020,2021,142,38,2,809,112,0.002472187886279357,0.017857142857142856,0.002176278563656148
2020,2021,142,41,2,809,41,0.002472187886279357,0.04878048780487805,0.0023584905660377358
2020,2021,142,47,1,809,98,0.0012360939431396785,0.01020408163265306,0.0011037527593818985
2020,2021,142,50,1,809,76,0.0012360939431396785,0.013157894736842105,0.0011312217194570137
2020,2021,142,52,1,809,70,0.0012360939431396785,0.014285714285714285,0.0011389521640091116
2020,2021,142,53,3,809,229,0.003708281829419036,0.013100436681222707,0.002898550724637681
2020,2021,142,56,1,809,57,0.0012360939431396785,0.017543859649122806,0.0011560693641618498
2020,2021,142,60,2,809,78,0.002472187886279357,0.02564102564102564,0.0022598870056497176
2020,2021,142,61,2,809,35,0.002472187886279357,0.05714285714285714,0.0023752969121140144
2020,2021,142,62,6,809,146,0.007416563658838072,0.0410958904109589,0.006322444678609062
2020,2021,142,63,1,809,110,0.0012360939431396785,0.00909090909090909,0.0010893246187363835
2020,2021,142,64,4,809,400,0.004944375772558714,0.01,0.0033195020746887966
2020,2021,142,65,1,809,30,0.0012360939431396785,0.03333333333333333,0.0011933174224343676
2020,2021,142,67,1,809,83,0.0012360939431396785,0.012048192771084338,0.001122334455667789
2020,2021,142,70,1,809,59,0.0012360939431396785,0.01694915254237288,0.0011534025374855825
2020,2021,142,71,2,809,93,0.002472187886279357,0.021505376344086023,0.0022222222222222222
2020,2021,142,75,1,809,62,0.0012360939431396785,0.016129032258064516,0.0011494252873563218
2020,2021,142,76,3,809,193,0.003708281829419036,0.015544041450777202,0.003003003003003003
2020,2021,142,77,1,809,108,0.0012360939431396785,0.009259259259259259,0.001091703056768559
2020,2021,142,78,2,809,294,0.002472187886279357,0.006802721088435374,0.0018165304268846503
2020,2021,142,79,2,809,72,0.002472187886279357,0.027777777777777776,0.0022753128555176336
2020,2021,142,83,5,809,305,0.006180469715698393,0.01639344262295082,0.004508566275924256
2020,2021,142,84,1,809,36,0.0012360939431396785,0.027777777777777776,0.001184834123222749
2020,2021,142,86,1,809,53,0.0012360939431396785,0.018867924528301886,0.0011614401858304297
2020,2021,142,87,1,809,49,0.0012360939431396785,0.02040816326530612,0.0011668611435239206
2020,2021,142,91,1,809,81,0.0012360939431396785,0.012345679012345678,0.0011248593925759281
2020,2021,142,92,1,809,133,0.0012360939431396785,0.007518796992481203,0.0010626992561105207
2020,2021,142,95,1,809,193,0.0012360939431396785,0.0051813471502590676,9.99000999000999e-4
2020,2021,142,96,3,809,123,0.003708281829419036,0.024390243902439025,0.0032292787944025836
2020,2021,142,101,1,809,128,0.0012360939431396785,0.0078125,0.0010683760683760685
2020,2021,142,103,3,809,80,0.003708281829419036,0.0375,0.003386004514672686
2020,2021,142,105,4,809,189,0.004944375772558714,0.021164021164021163,0.004024144869215292
2020,2021,142,106,1,809,82,0.0012360939431396785,0.012195121951219513,0.0011235955056179776
2020,2021,142,107,1,809,64,0.0012360939431396785,0.015625,0.0011467889908256881
2020,2021,142,108,6,809,157,0.007416563658838072,0.03821656050955414,0.00625
2020,2021,142,109,1,809,178,0.0012360939431396785,0.0056179775280898875,0.0010141987829614604
2020,2021,142,111,2,809,96,0.002472187886279357,0.020833333333333332,0.0022148394241417496
2020,2021,142,114,2,809,164,0.002472187886279357,0.012195121951219513,0.0020597322348094747
2020,2021,142,116,1,809,79,0.0012360939431396785,0.012658227848101266,0.0011273957158962795
2020,2021,142,117,3,809,84,0.003708281829419036,0.03571428571428571,0.0033707865168539327
2020,2021,142,121,1,809,60,0.0012360939431396785,0.016666666666666666,0.001152073732718894
2020,2021,142,122,2,809,262,0.002472187886279357,0.007633587786259542,0.0018709073900841909
2020,2021,142,123,1,809,117,0.0012360939431396785,0.008547008547008548,0.001081081081081081
2020,2021,142,124,3,809,55,0.003708281829419036,0.05454545454545454,0.003484320557491289
2020,2021,142,125,1,809,91,0.0012360939431396785,0.01098901098901099,0.0011123470522803114
2020,2021,142,126,355,809,818,0.4388133498145859,0.4339853300733496,0.27908805031446543
2020,2021,142,128,5,809,144,0.006180469715698393,0.034722222222222224,0.005274261603375527
2020,2021,142,130,1,809,49,0.0012360939431396785,0.02040816326530612,0.0011668611435239206
2020,2021,142,131,1,809,127,0.0012360939431396785,0.007874015748031496,0.0010695187165775401
2020,2021,142,132,1,809,60,0.0012360939431396785,0.016666666666666666,0.001152073732718894
2020,2021,142,137,3,809,40,0.003708281829419036,0.075,0.0035460992907801418
2020,2021,142,138,1,809,37,0.0012360939431396785,0.02702702702702703,0.001183431952662722
2020,2021,142,139,7,809,63,0.00865265760197775,0.1111111111111111,0.008092485549132947
2020,2021,142,142,1,809,71,0.0012360939431396785,0.014084507042253521,0.0011376564277588168
2020,2021,142,144,1,809,36,0.0012360939431396785,0.027777777777777776,0.001184834123222749
2020,2021,142,147,2,809,115,0.002472187886279357,0.017391304347826087,0.0021691973969631237
2020,2021,142,148,1,809,42,0.0012360939431396785,0.023809523809523808,0.001176470588235294
2020,2021,142,149,4,809,82,0.004944375772558714,0.04878048780487805,0.004509582863585118
2020,2021,142,150,2,809,74,0.002472187886279357,0.02702702702702703,0.0022701475595913734
2020,2021,142,152,1,809,58,0.0012360939431396785,0.017241379310344827,0.0011547344110854503
2020,2021,142,154,3,809,87,0.003708281829419036,0.034482758620689655,0.0033594624860022394
2020,2021,142,155,4,809,58,0.004944375772558714,0.06896551724137931,0.004634994206257242
2020,2021,142,156,2,809,54,0.002472187886279357,0.037037037037037035,0.0023228803716608595
2020,2021,142,157,1,809,64,0.0012360939431396785,0.015625,0.0011467889908256881
2020,2021,142,158,6,809,889,0.007416563658838072,0.006749156355455568,0.0035460992907801418
2020,2021,142,159,1,809,141,0.0012360939431396785,0.0070921985815602835,0.001053740779768177
2020,2021,142,160,1,809,32,0.0012360939431396785,0.03125,0.0011904761904761906
2020,2021,142,161,4,809,161,0.004944375772558714,0.024844720496894408,0.004140786749482402
2020,2021,142,164,6,809,281,0.007416563658838072,0.021352313167259787,0.005535055350553505
2020,2021,142,165,3,809,38,0.003708281829419036,0.07894736842105263,0.0035545023696682463
2020,2021,142,167,3,809,264,0.003708281829419036,0.011363636363636364,0.002803738317757009
2020,2021,142,170,1,809,83,0.0012360939431396785,0.012048192771084338,0.001122334455667789
2020,2021,142,171,3,809,118,0.003708281829419036,0.025423728813559324,0.003246753246753247
2020,2021,142,172,6,809,640,0.007416563658838072,0.009375,0.004158004158004158
2020,2021,142,174,1,809,61,0.0012360939431396785,0.01639344262295082,0.0011507479861910242
2020,2021,142,176,3,809,210,0.003708281829419036,0.014285714285714285,0.002952755905511811
2020,2021,143,157,57,62,64,0.9193548387096774,0.890625,0.8260869565217391
2020,2021,144,126,1,242,818,0.004132231404958678,0.0012224938875305623,9.442870632672333e-4
2020,2021,144,140,1,242,34,0.004132231404958678,0.029411764705882353,0.0036363636363636364
2020,2021,144,154,1,242,87,0.004132231404958678,0.011494252873563218,0.003048780487804878
2020,2021,144,167,225,242,264,0.9297520661157025,0.8522727272727273,0.800711743772242
2020,2021,144,172,1,242,640,0.004132231404958678,0.0015625,0.0011350737797956867
2020,2021,145,137,35,47,40,0.7446808510638298,0.875,0.6730769230769231
2020,2021,145,138,1,47,37,0.02127659574468085,0.02702702702702703,0.012048192771084338
2020,2021,146,163,87,107,103,0.8130841121495327,0.8446601941747572,0.7073170731707317
2020,2021,146,164,4,107,281,0.037383177570093455,0.014234875444839857,0.010416666666666666
2020,2021,147,31,1,280,125,0.0035714285714285713,0.008,0.0024752475247524753
2020,2021,147,145,1,280,45,0.0035714285714285713,0.022222222222222223,0.0030864197530864196
2020,2021,147,164,231,280,281,0.825,0.8220640569395018,0.7
2020,2021,148,31,1,39,125,0.02564102564102564,0.008,0.006134969325153374
2020,2021,148,148,34,39,42,0.8717948717948718,0.8095238095238095,0.723404255319149
2020,2021,149,126,1,33,818,0.030303030303030304,0.0012224938875305623,0.001176470588235294
2020,2021,149,141,25,33,32,0.7575757575757576,0.78125,0.625
2020,2021,149,176,1,33,210,0.030303030303030304,0.004761904761904762,0.004132231404958678
2020,2021,150,169,38,45,44,0.8444444444444444,0.8636363636363636,0.7450980392156863
2020,2021,151,22,1,94,96,0.010638297872340425,0.010416666666666666,0.005291005291005291
2020,2021,151,126,1,94,818,0.010638297872340425,0.0012224938875305623,0.0010976948408342481
2020,2021,151,159,88,94,141,0.9361702127659575,0.624113475177305,0.5986394557823129
2020,2021,152,126,1,40,818,0.025,0.0012224938875305623,0.0011668611435239206
2020,2021,152,159,26,40,141,0.65,0.18439716312056736,0.16774193548387098
2020,2021,153,126,1,71,818,0.014084507042253521,0.0012224938875305623,0.0011261261261261261
2020,2021,153,168,62,71,73,0.8732394366197183,0.8493150684931506,0.7560975609756098
2020,2021,154,157,1,209,64,0.004784688995215311,0.015625,0.003676470588235294
2020,2021,154,176,131,209,210,0.6267942583732058,0.6238095238095238,0.4548611111111111
2020,2021,155,154,49,60,87,0.8166666666666667,0.5632183908045977,0.5
2020,2021,156,126,1,53,818,0.018867924528301886,0.0012224938875305623,0.0011494252873563218
2020,2021,156,175,15,53,70,0.2830188679245283,0.21428571428571427,0.1388888888888889
2020,2021,156,176,28,53,210,0.5283018867924528,0.13333333333333333,0.11914893617021277
2020,2021,157,175,44,45,70,0.9777777777777777,0.6285714285714286,0.6197183098591549
2020,2021,158,126,1,95,818,0.010526315789473684,0.0012224938875305623,0.0010964912280701754
2020,2021,158,170,72,95,83,0.7578947368421053,0.8674698795180723,0.6792452830188679
2020,2021,159,171,102,108,118,0.9444444444444444,0.864406779661017,0.8225806451612904
2020,2021,160,155,46,52,58,0.8846153846153846,0.7931034482758621,0.71875
2020,2021,161,126,1,82,818,0.012195121951219513,0.0012224938875305623,0.0011123470522803114
2020,2021,161,161,1,82,161,0.012195121951219513,0.006211180124223602,0.004132231404958678
2020,2021,161,173,27,82,31,0.32926829268292684,0.8709677419354839,0.313953488372093
2020,2021,161,174,44,82,61,0.5365853658536586,0.7213114754098361,0.4444444444444444
2020,2021,162,155,1,64,58,0.015625,0.017241379310344827,0.008264462809917356
2020,2021,162,156,42,64,54,0.65625,0.7777777777777778,0.5526315789473685
2020,2021,162,161,6,64,161,0.09375,0.037267080745341616,0.0273972602739726
2020,2021,162,174,1,64,61,0.015625,0.01639344262295082,0.008064516129032258
2020,2021,163,126,1,350,818,0.002857142857142857,0.0012224938875305623,8.56898029134533e-4
2020,2021,163,172,327,350,640,0.9342857142857143,0.5109375,0.49321266968325794
2020,2021,163,174,1,350,61,0.002857142857142857,0.01639344262295082,0.0024390243902439024
2020,2021,164,22,1,178,96,0.0056179775280898875,0.010416666666666666,0.003663003663003663
2020,2021,164,57,1,178,70,0.0056179775280898875,0.014285714285714285,0.004048582995951417
2020,2021,164,60,1,178,78,0.0056179775280898875,0.01282051282051282,0.00392156862745098
2020,2021,164,172,166,178,640,0.9325842696629213,0.259375,0.254601226993865
2021,2022,0,1,178,179,183,0.994413407821229,0.9726775956284153,0.967391304347826
2021,2022,0,156,1,179,32,0.00558659217877095,0.03125,0.004761904761904762
2021,2022,1,2,44,46,49,0.9565217391304348,0.8979591836734694,0.8627450980392157
2021,2022,1,62,1,46,822,0.021739130434782608,0.0012165450121654502,0.0011534025374855825
2021,2022,2,0,95,97,115,0.979381443298969,0.8260869565217391,0.811965811965812
2021,2022,2,25,2,97,342,0.020618556701030927,0.005847953216374269,0.004576659038901602
2021,2022,3,25,307,325,342,0.9446153846153846,0.8976608187134503,0.8527777777777777
2021,2022,3,45,1,325,55,0.003076923076923077,0.01818181818181818,0.002638522427440633
2021,2022,3,62,7,325,822,0.021538461538461538,0.00851581508515815,0.0061403508771929825
2021,2022,3,71,1,325,113,0.003076923076923077,0.008849557522123894,0.002288329519450801
2021,2022,3,78,1,325,30,0.003076923076923077,0.03333333333333333,0.002824858757062147
2021,2022,4,35,28,34,32,0.8235294117647058,0.875,0.7368421052631579
2021,2022,5,6,1,179,95,0.00558659217877095,0.010526315789473684,0.003663003663003663
2021,2022,5,36,168,179,190,0.9385474860335196,0.8842105263157894,0.835820895522388
2021,2022,5,62,4,179,822,0.0223463687150838,0.004866180048661801,0.004012036108324975
2021,2022,5,112,1,179,196,0.00558659217877095,0.00510204081632653,0.00267379679144385
2021,2022,6,5,38,39,43,0.9743589743589743,0.8837209302325582,0.8636363636363636
2021,2022,6,62,1,39,822,0.02564102564102564,0.0012165450121654502,0.0011627906976744186
2021,2022,7,6,85,91,95,0.9340659340659341,0.8947368421052632,0.8415841584158416
2021,2022,7,12,1,91,46,0.01098901098901099,0.021739130434782608,0.007352941176470588
2021,2022,7,19,2,91,72,0.02197802197802198,0.027777777777777776,0.012422360248447204
2021,2022,7,25,1,91,342,0.01098901098901099,0.0029239766081871343,0.0023148148148148147
2021,2022,7,151,1,91,39,0.01098901098901099,0.02564102564102564,0.007751937984496124
2021,2022,7,175,1,91,110,0.01098901098901099,0.00909090909090909,0.005
2021,2022,8,4,34,35,36,0.9714285714285714,0.9444444444444444,0.918918918918919
2021,2022,8,62,1,35,822,0.02857142857142857,0.0012165450121654502,0.0011682242990654205
2021,2022,9,46,32,36,38,0.8888888888888888,0.8421052631578947,0.7619047619047619
2021,2022,9,173,1,36,993,0.027777777777777776,0.0010070493454179255,9.727626459143969e-4
2021,2022,10,8,38,40,44,0.95,0.8636363636363636,0.8260869565217391
2021,2022,10,62,1,40,822,0.025,0.0012165450121654502,0.0011614401858304297
2021,2022,10,78,1,40,30,0.025,0.03333333333333333,0.014492753623188406
2021,2022,11,9,3,43,66,0.06976744186046512,0.045454545454545456,0.02830188679245283
2021,2022,11,10,35,43,41,0.813953488372093,0.8536585365853658,0.7142857142857143
2021,2022,11,62,1,43,822,0.023255813953488372,0.0012165450121654502,0.0011574074074074073
2021,2022,12,9,47,54,66,0.8703703703703703,0.7121212121212122,0.6438356164383562
2021,2022,12,35,1,54,32,0.018518518518518517,0.03125,0.011764705882352941
2021,2022,13,41,84,89,90,0.9438202247191011,0.9333333333333333,0.8842105263157894
2021,2022,13,62,1,89,822,0.011235955056179775,0.0012165450121654502,0.001098901098901099
2021,2022,13,79,1,89,718,0.011235955056179775,0.001392757660167131,0.0012406947890818859
2021,2022,13,127,1,89,188,0.011235955056179775,0.005319148936170213,0.0036231884057971015
2021,2022,14,12,36,36,46,1,0.782608695652174,0.782608695652174
2021,2022,15,7,103,105,112,0.9809523809523809,0.9196428571428571,0.9035087719298246
2021,2022,15,19,1,105,72,0.009523809523809525,0.013888888888888888,0.005681818181818182
2021,2022,16,23,33,34,37,0.9705882352941176,0.8918918918918919,0.868421052631579
2021,2022,17,13,112,119,120,0.9411764705882353,0.9333333333333333,0.8818897637795275
2021,2022,17,62,1,119,822,0.008403361344537815,0.0012165450121654502,0.0010638297872340426
2021,2022,17,157,1,119,48,0.008403361344537815,0.020833333333333332,0.006024096385542169
2021,2022,18,15,32,135,33,0.23703703703703705,0.9696969696969697,0.23529411764705882
2021,2022,18,16,81,135,85,0.6,0.9529411764705882,0.5827338129496403
2021,2022,18,62,1,135,822,0.007407407407407408,0.0012165450121654502,0.0010460251046025104
2021,2022,19,19,67,68,72,0.9852941176470589,0.9305555555555556,0.9178082191780822
2021,2022,20,28,36,36,38,1,0.9473684210526315,0.9473684210526315
2021,2022,21,6,1,1057,95,9.46073793755913e-4,0.010526315789473684,8.688097306689834e-4
2021,2022,21,11,1,1057,39,9.46073793755913e-4,0.02564102564102564,9.132420091324201e-4
2021,2022,21,17,1,1057,108,9.46073793755913e-4,0.009259259259259259,8.59106529209622e-4
2021,2022,21,30,108,1057,110,0.1021759697256386,0.9818181818181818,0.10198300283286119
2021,2022,21,38,44,1057,45,0.041627246925260174,0.9777777777777777,0.04158790170132325
2021,2022,21,39,40,1057,41,0.03784295175023652,0.975609756097561,0.03780718336483932
2021,2022,21,40,148,1057,170,0.1400189214758751,0.8705882352941177,0.1371640407784986
2021,2022,21,42,50,1057,50,0.04730368968779565,1,0.04730368968779565
2021,2022,21,43,70,1057,74,0.06622516556291391,0.9459459459459459,0.06597549481621112
2021,2022,21,44,47,1057,54,0.04446546830652791,0.8703703703703703,0.044172932330827065
2021,2022,21,47,55,1057,55,0.05203405865657521,1,0.05203405865657521
2021,2022,21,48,116,1057,122,0.1097445600756859,0.9508196721311475,0.10912511759172154
2021,2022,21,50,30,1057,31,0.02838221381267739,0.967741935483871,0.02835538752362949
2021,2022,21,51,31,1057,31,0.0293282876064333,1,0.0293282876064333
2021,2022,21,62,3,1057,822,0.002838221381267739,0.0036496350364963502,0.0015991471215351812
2021,2022,21,79,1,1057,718,9.46073793755913e-4,0.001392757660167131,5.636978579481398e-4
2021,2022,21,103,2,1057,246,0.001892147587511826,0.008130081300813009,0.0015372790161414297
2021,2022,21,133,1,1057,91,9.46073793755913e-4,0.01098901098901099,8.718395815170009e-4
2021,2022,22,37,92,96,102,0.9583333333333334,0.9019607843137255,0.8679245283018868
2021,2022,22,119,1,96,38,0.010416666666666666,0.02631578947368421,0.007518796992481203
2021,2022,23,20,56,58,59,0.9655172413793104,0.9491525423728814,0.9180327868852459
2021,2022,24,62,1,67,822,0.014925373134328358,0.0012165450121654502,0.0011261261261261261
2021,2022,24,67,57,67,59,0.8507462686567164,0.9661016949152542,0.8260869565217391
2021,2022,25,59,1,139,374,0.007194244604316547,0.00267379679144385,0.001953125
2021,2022,25,73,1,139,67,0.007194244604316547,0.014925373134328358,0.004878048780487805
2021,2022,25,86,1,139,65,0.007194244604316547,0.015384615384615385,0.0049261083743842365
2021,2022,25,90,70,139,76,0.5035971223021583,0.9210526315789473,0.4827586206896552
2021,2022,25,91,37,139,38,0.26618705035971224,0.9736842105263158,0.2642857142857143
2021,2022,25,123,1,139,136,0.007194244604316547,0.007352941176470588,0.0036496350364963502
2021,2022,26,24,33,33,36,1,0.9166666666666666,0.9166666666666666
2021,2022,27,14,44,51,52,0.8627450980392157,0.8461538461538461,0.7457627118644068
2021,2022,27,191,2,51,216,0.0392156862745098,0.009259259259259259,0.007547169811320755
2021,2022,28,98,35,38,40,0.9210526315789473,0.875,0.813953488372093
2021,2022,29,53,48,57,68,0.8421052631578947,0.7058823529411765,0.6233766233766234
2021,2022,29,56,7,57,102,0.12280701754385964,0.06862745098039216,0.046052631578947366
2021,2022,30,13,1,32,120,0.03125,0.008333333333333333,0.006622516556291391
2021,2022,31,29,120,125,129,0.96,0.9302325581395349,0.8955223880597015
2021,2022,32,57,32,32,43,1,0.7441860465116279,0.7441860465116279
2021,2022,33,52,2,389,102,0.005141388174807198,0.0196078431372549,0.00408997955010225
2021,2022,33,53,1,389,68,0.002570694087403599,0.014705882352941176,0.0021929824561403508
2021,2022,33,56,2,389,102,0.005141388174807198,0.0196078431372549,0.00408997955010225
2021,2022,33,58,4,389,30,0.010282776349614395,0.13333333333333333,0.00963855421686747
2021,2022,33,59,325,389,374,0.8354755784061697,0.8689839572192514,0.7420091324200914
2021,2022,34,49,3,225,40,0.013333333333333334,0.075,0.011450381679389313
2021,2022,34,59,2,225,374,0.008888888888888889,0.0053475935828877,0.0033500837520938024
2021,2022,34,69,28,225,30,0.12444444444444444,0.9333333333333333,0.12334801762114538
2021,2022,34,70,103,225,134,0.4577777777777778,0.7686567164179104,0.40234375
2021,2022,34,85,1,225,166,0.0044444444444444444,0.006024096385542169,0.002564102564102564
2021,2022,34,123,5,225,136,0.022222222222222223,0.03676470588235294,0.014044943820224719
2021,2022,35,56,22,32,102,0.6875,0.21568627450980393,0.19642857142857142
2021,2022,36,27,30,31,49,0.967741935483871,0.6122448979591837,0.6
2021,2022,37,105,41,41,43,1,0.9534883720930233,0.9534883720930233
2021,2022,38,18,109,112,117,0.9732142857142857,0.9316239316239316,0.9083333333333333
2021,2022,38,25,1,112,342,0.008928571428571428,0.0029239766081871343,0.002207505518763797
2021,2022,39,151,34,37,39,0.918918918918919,0.8717948717948718,0.8095238095238095
2021,2022,40,45,48,51,55,0.9411764705882353,0.8727272727272727,0.8275862068965517
2021,2022,40,101,1,51,61,0.0196078431372549,0.01639344262295082,0.009009009009009009
2021,2022,41,61,36,41,44,0.8780487804878049,0.8181818181818182,0.7346938775510204
2021,2022,41,62,1,41,822,0.024390243902439025,0.0012165450121654502,0.001160092807424594
2021,2022,41,76,1,41,355,0.024390243902439025,0.0028169014084507044,0.002531645569620253
2021,2022,42,19,1,49,72,0.02040816326530612,0.013888888888888888,0.008333333333333333
2021,2022,42,63,5,49,51,0.10204081632653061,0.09803921568627451,0.05263157894736842
2021,2022,42,72,30,49,32,0.6122448979591837,0.9375,0.5882352941176471
2021,2022,43,99,76,90,89,0.8444444444444444,0.8539325842696629,0.7378640776699029
2021,2022,44,60,31,32,203,0.96875,0.15270935960591134,0.15196078431372548
2021,2022,45,63,46,46,51,1,0.9019607843137255,0.9019607843137255
2021,2022,46,49,19,38,40,0.5,0.475,0.3220338983050847
2021,2022,46,58,1,38,30,0.02631578947368421,0.03333333333333333,0.014925373134328358
2021,2022,47,36,1,98,190,0.01020408163265306,0.005263157894736842,0.003484320557491289
2021,2022,47,77,96,98,108,0.9795918367346939,0.8888888888888888,0.8727272727272727
2021,2022,48,50,1,61,31,0.01639344262295082,0.03225806451612903,0.01098901098901099
2021,2022,48,60,58,61,203,0.9508196721311475,0.2857142857142857,0.2815533980582524
2021,2022,48,188,1,61,114,0.01639344262295082,0.008771929824561403,0.005747126436781609
2021,2022,49,60,50,50,203,1,0.24630541871921183,0.24630541871921183
2021,2022,50,80,73,76,76,0.9605263157894737,0.9605263157894737,0.9240506329113924
2021,2022,51,62,1,97,822,0.010309278350515464,0.0012165450121654502,0.0010893246187363835
2021,2022,51,82,80,97,92,0.8247422680412371,0.8695652173913043,0.7339449541284404
2021,2022,52,76,70,70,355,1,0.19718309859154928,0.19718309859154928
2021,2022,53,76,229,229,355,1,0.6450704225352113,0.6450704225352113
2021,2022,54,79,50,52,718,0.9615384615384616,0.06963788300835655,0.06944444444444445
2021,2022,55,81,33,53,33,0.6226415094339622,1,0.6226415094339622
2021,2022,55,82,10,53,92,0.18867924528301888,0.10869565217391304,0.07407407407407407
2021,2022,56,54,50,57,77,0.8771929824561403,0.6493506493506493,0.5952380952380952
2021,2022,57,31,64,70,92,0.9142857142857143,0.6956521739130435,0.6530612244897959
2021,2022,57,83,2,70,37,0.02857142857142857,0.05405405405405406,0.01904761904761905
2021,2022,57,186,1,70,164,0.014285714285714285,0.006097560975609756,0.004291845493562232
2021,2022,58,49,1,42,40,0.023809523809523808,0.025,0.012345679012345678
2021,2022,58,68,33,42,40,0.7857142857142857,0.825,0.673469387755102
2021,2022,59,79,30,33,718,0.9090909090909091,0.04178272980501393,0.04160887656033287
2021,2022,59,98,1,33,40,0.030303030303030304,0.025,0.013888888888888888
2021,2022,60,54,1,78,77,0.01282051282051282,0.012987012987012988,0.006493506493506494
2021,2022,60,64,50,78,67,0.6410256410256411,0.746268656716418,0.5263157894736842
2021,2022,60,87,1,78,41,0.01282051282051282,0.024390243902439025,0.00847457627118644
2021,2022,61,85,23,35,166,0.6571428571428571,0.13855421686746988,0.12921348314606743
2021,2022,61,123,3,35,136,0.08571428571428572,0.022058823529411766,0.017857142857142856
2021,2022,62,52,73,146,102,0.5,0.7156862745098039,0.41714285714285715
2021,2022,62,55,20,146,36,0.136986301369863,0.5555555555555556,0.12345679012345678
2021,2022,62,56,18,146,102,0.1232876712328767,0.17647058823529413,0.0782608695652174
2021,2022,63,79,109,110,718,0.990909090909091,0.15181058495821728,0.15159944367176634
2021,2022,64,62,3,400,822,0.0075,0.0036496350364963502,0.002461033634126333
2021,2022,64,78,2,400,30,0.005,0.06666666666666667,0.004672897196261682
2021,2022,64,79,387,400,718,0.9675,0.5389972144846796,0.5294117647058824
2021,2022,64,108,1,400,87,0.0025,0.011494252873563218,0.00205761316872428
2021,2022,64,173,1,400,993,0.0025,0.0010070493454179255,7.183908045977011e-4
2021,2022,65,11,29,30,39,0.9666666666666667,0.7435897435897436,0.725
2021,2022,66,89,69,71,71,0.971830985915493,0.971830985915493,0.9452054794520548
2021,2022,67,66,78,83,105,0.9397590361445783,0.7428571428571429,0.7090909090909091
2021,2022,68,65,38,53,55,0.71698113207547165,0.6909090909090909,0.5428571428571428
2021,2022,69,55,1,62,36,0.016129032258064516,0.027777777777777776,0.010309278350515464
2021,2022,69,85,56,62,166,0.9032258064516129,0.3373493975903614,0.32558139534883723
2021,2022,70,52,1,59,102,0.01694915254237288,0.00980392156862745,0.00625
2021,2022,70,58,2,59,30,0.03389830508474576,0.06666666666666667,0.022988505747126436
2021,2022,70,74,28,59,37,0.4745762711864407,0.7567567567567568,0.4117647058823529
2021,2022,70,85,22,59,166,0.3728813559322034,0.13253012048192772,0.10837438423645321
2021,2022,71,17,89,93,108,0.956989247311828,0.8240740740740741,0.7946428571428571
2021,2022,71,62,1,93,822,0.010752688172043012,0.0012165450121654502,0.0010940919037199124
2021,2022,72,17,2,64,108,0.03125,0.018518518518518517,0.011764705882352941
2021,2022,72,96,36,64,38,0.5625,0.9473684210526315,0.5454545454545454
2021,2022,73,107,38,42,54,0.9047619047619048,0.7037037037037037,0.6551724137931034
2021,2022,74,110,31,32,37,0.96875,0.8378378378378378,0.8157894736842105
2021,2022,75,40,1,62,170,0.016129032258064516,0.0058823529411764705,0.004329004329004329
2021,2022,75,107,1,62,54,0.016129032258064516,0.018518518518518517,0.008695652173913044
2021,2022,75,109,58,62,65,0.9354838709677419,0.8923076923076924,0.8405797101449275
2021,2022,76,62,1,193,822,0.0051813471502590676,0.0012165450121654502,9.861932938856016e-4
2021,2022,76,68,1,193,40,0.0051813471502590676,0.025,0.004310344827586207
2021,2022,76,70,1,193,134,0.0051813471502590676,0.007462686567164179,0.003067484662576687
2021,2022,76,87,2,193,41,0.010362694300518135,0.04878048780487805,0.008620689655172414
2021,2022,76,88,111,193,129,0.5751295336787565,0.8604651162790697,0.5260663507109005
2021,2022,76,90,2,193,76,0.010362694300518135,0.02631578947368421,0.00749063670411985
2021,2022,76,122,1,193,48,0.0051813471502590676,0.020833333333333332,0.004166666666666667
2021,2022,76,123,1,193,136,0.0051813471502590676,0.007352941176470588,0.003048780487804878
2021,2022,77,62,1,108,822,0.009259259259259259,0.0012165450121654502,0.001076426264800861
2021,2022,77,71,103,108,113,0.9537037037037037,0.911504424778761,0.8728813559322034
2021,2022,77,79,1,108,718,0.009259259259259259,0.001392757660167131,0.0012121212121212121
2021,2022,77,103,1,108,246,0.009259259259259259,0.0040650406504065045,0.0028328611898017
2021,2022,78,100,32,294,35,0.10884353741496598,0.9142857142857143,0.10774410774410774
2021,2022,78,103,218,294,246,0.7414965986394558,0.8861788617886179,0.6770186335403726
2021,2022,79,86,56,72,65,0.7777777777777778,0.8615384615384616,0.691358024691358
2021,2022,79,87,2,72,41,0.027777777777777776,0.04878048780487805,0.018018018018018018
2021,2022,79,123,1,72,136,0.013888888888888888,0.007352941176470588,0.004830917874396135
2021,2022,80,87,31,43,41,0.7209302325581395,0.7560975609756098,0.5849056603773585
2021,2022,80,184,1,43,49,0.023255813953488372,0.02040816326530612,0.01098901098901099
2021,2022,81,62,1,65,822,0.015384615384615385,0.0012165450121654502,0.001128668171557562
2021,2022,81,67,1,65,59,0.015384615384615385,0.01694915254237288,0.008130081300813009
2021,2022,81,102,57,65,71,0.8769230769230769,0.8028169014084507,0.7215189873417721
2021,2022,82,111,40,42,43,0.9523809523809523,0.9302325581395349,0.8888888888888888
2021,2022,83,11,1,305,39,0.003278688524590164,0.02564102564102564,0.0029154518950437317
2021,2022,83,62,1,305,822,0.003278688524590164,0.0012165450121654502,8.880994671403197e-4
2021,2022,83,147,218,305,235,0.7147540983606557,0.9276595744680851,0.6770186335403726
2021,2022,83,149,1,305,266,0.003278688524590164,0.0037593984962406013,0.0017543859649122807
2021,2022,84,126,35,36,41,0.9722222222222222,0.8536585365853658,0.8333333333333334
2021,2022,85,135,64,68,73,0.9411764705882353,0.8767123287671232,0.8311688311688312
2021,2022,86,73,48,53,67,0.9056603773584906,0.7164179104477612,0.6666666666666666
2021,2022,87,125,49,49,97,1,0.5051546391752577,0.5051546391752577
2021,2022,88,125,31,32,97,0.96875,0.31958762886597936,0.3163265306122449
2021,2022,89,131,59,62,66,0.9516129032258065,0.8939393939393939,0.855072463768116
2021,2022,90,97,32,35,48,0.9142857142857143,0.6666666666666666,0.6274509803921569
2021,2022,91,79,1,81,718,0.012345679012345678,0.001392757660167131,0.0012531328320802004
2021,2022,91,80,1,81,76,0.012345679012345678,0.013157894736842105,0.00641025641025641
2021,2022,91,108,74,81,87,0.9135802469135802,0.8505747126436781,0.7872340425531915
2021,2022,92,32,5,133,31,0.03759398496240601,0.16129032258064516,0.031446540880503145
2021,2022,92,33,1,133,52,0.007518796992481203,0.019230769230769232,0.005434782608695652
2021,2022,92,84,115,133,122,0.8646616541353384,0.9426229508196722,0.8214285714285714
2021,2022,92,89,1,133,71,0.007518796992481203,0.014084507042253521,0.0049261083743842365
2021,2022,93,115,100,113,100,0.8849557522123894,1,0.8849557522123894
2021,2022,93,116,2,113,47,0.017699115044247787,0.0425531914893617,0.012658227848101266
2021,2022,94,116,24,30,47,0.8,0.5106382978723404,0.4528301886792453
2021,2022,95,0,1,193,115,0.0051813471502590676,0.008695652173913044,0.003257328990228013
2021,2022,95,60,1,193,203,0.0051813471502590676,0.0049261083743842365,0.002531645569620253
2021,2022,95,103,1,193,246,0.0051813471502590676,0.0040650406504065045,0.00228310502283105
2021,2022,95,112,181,193,196,0.9378238341968912,0.923469387755102,0.8701923076923077
2021,2022,95,148,1,193,92,0.0051813471502590676,0.010869565217391304,0.0035211267605633804
2021,2022,96,158,105,123,110,0.8536585365853658,0.9545454545454546,0.8203125
2021,2022,96,170,1,123,79,0.008130081300813009,0.012658227848101266,0.004975124378109453
2021,2022,97,132,48,49,83,0.9795918367346939,0.5783132530120482,0.5714285714285714
2021,2022,98,132,9,97,83,0.09278350515463918,0.10843373493975904,0.05263157894736842
2021,2022,98,133,79,97,91,0.8144329896907216,0.8681318681318682,0.7247706422018348
2021,2022,99,124,29,33,38,0.8787878787878788,0.7631578947368421,0.6904761904761905
2021,2022,99,130,1,33,105,0.030303030303030304,0.009523809523809525,0.0072992700729927005
2021,2022,100,130,93,98,105,0.9489795918367347,0.8857142857142857,0.8454545454545455
2021,2022,100,173,1,98,993,0.01020408163265306,0.0010070493454179255,9.174311926605505e-4
2021,2022,101,62,1,128,822,0.0078125,0.0012165450121654502,0.001053740779768177
2021,2022,101,120,120,128,133,0.9375,0.9022556390977443,0.851063829787234
2021,2022,102,120,1,173,133,0.005780346820809248,0.007518796992481203,0.003278688524590164
2021,2022,102,128,154,173,162,0.8901734104046243,0.9506172839506173,0.850828729281768
2021,2022,102,129,6,173,31,0.03468208092485549,0.1935483870967742,0.030303030303030304
2021,2022,103,54,1,80,77,0.0125,0.012987012987012988,0.00641025641025641
2021,2022,103,59,1,80,374,0.0125,0.00267379679144385,0.002207505518763797
2021,2022,103,95,75,80,106,0.9375,0.7075471698113207,0.6756756756756757
2021,2022,104,92,44,48,55,0.9166666666666666,0.8,0.7457627118644068
2021,2022,105,93,174,189,241,0.9206349206349206,0.7219917012448133,0.6796875
2021,2022,105,173,1,189,993,0.005291005291005291,0.0010070493454179255,8.46740050804403e-4
2021,2022,106,62,1,82,822,0.012195121951219513,0.0012165450121654502,0.0011074197120708748
2021,2022,106,101,46,82,61,0.5609756097560976,0.7540983606557377,0.4742268041237113
2021,2022,107,94,1,64,66,0.015625,0.015151515151515152,0.007751937984496124
2021,2022,107,114,53,64,59,0.828125,0.8983050847457628,0.7571428571428571
2021,2022,108,25,2,157,342,0.012738853503184714,0.005847953216374269,0.004024144869215292
2021,2022,108,61,2,157,44,0.012738853503184714,0.045454545454545456,0.010050251256281407
2021,2022,108,62,1,157,822,0.006369426751592357,0.0012165450121654502,0.0010224948875255625
2021,2022,108,104,145,157,152,0.9235668789808917,0.9539473684210527,0.8841463414634146
2021,2022,109,127,173,178,188,0.9719101123595506,0.9202127659574468,0.8963730569948186
2021,2022,109,149,1,178,266,0.0056179775280898875,0.0037593984962406013,0.002257336343115124
2021,2022,110,36,1,152,190,0.006578947368421052,0.005263157894736842,0.002932551319648094
2021,2022,110,142,34,152,35,0.2236842105263158,0.9714285714285714,0.2222222222222222
2021,2022,110,143,62,152,63,0.40789473684210525,0.9841269841269841,0.40522875816993464
2021,2022,111,34,90,96,157,0.9375,0.5732484076433121,0.5521472392638037
2021,2022,111,62,2,96,822,0.020833333333333332,0.0024330900243309003,0.002183406113537118
2021,2022,111,119,1,96,38,0.010416666666666666,0.02631578947368421,0.007518796992481203
2021,2022,112,25,1,63,342,0.015873015873015872,0.0029239766081871343,0.0024752475247524753
2021,2022,112,36,1,63,190,0.015873015873015872,0.005263157894736842,0.003968253968253968
2021,2022,112,62,1,63,822,0.015873015873015872,0.0012165450121654502,0.0011312217194570137
2021,2022,112,94,45,63,66,0.7142857142857143,0.6818181818181818,0.5357142857142857
2021,2022,113,138,1,44,42,0.022727272727272728,0.023809523809523808,0.011764705882352941
2021,2022,113,139,33,44,34,0.75,0.9705882352941176,0.7333333333333333
2021,2022,114,18,1,164,117,0.006097560975609756,0.008547008547008548,0.0035714285714285713
2021,2022,114,34,1,164,157,0.006097560975609756,0.006369426751592357,0.003125
2021,2022,114,117,32,164,41,0.1951219512195122,0.7804878048780488,0.18497109826589594
2021,2022,114,118,85,164,90,0.5182926829268293,0.9444444444444444,0.5029585798816568
2021,2022,114,147,1,164,235,0.006097560975609756,0.00425531914893617,0.002512562814070352
2021,2022,115,83,1,128,37,0.0078125,0.02702702702702703,0.006097560975609756
2021,2022,115,93,1,128,241,0.0078125,0.004149377593360996,0.002717391304347826
2021,2022,115,95,1,128,106,0.0078125,0.009433962264150943,0.004291845493562232
2021,2022,115,113,23,128,51,0.1796875,0.45098039215686275,0.14743589743589744
2021,2022,115,122,36,128,48,0.28125,0.75,0.2571428571428571
2021,2022,115,123,3,128,136,0.0234375,0.022058823529411766,0.011494252873563218
2021,2022,116,52,1,79,102,0.012658227848101266,0.00980392156862745,0.005555555555555556
2021,2022,116,62,1,79,822,0.012658227848101266,0.0012165450121654502,0.0011111111111111111
2021,2022,116,123,69,79,136,0.8734177215189873,0.5073529411764706,0.4726027397260274
2021,2022,117,146,82,84,89,0.9761904761904762,0.9213483146067416,0.9010989010989011
2021,2022,117,153,1,84,35,0.011904761904761904,0.02857142857142857,0.00847457627118644
2021,2022,118,148,53,56,92,0.9464285714285714,0.5760869565217391,0.5578947368421052
2021,2022,119,119,33,39,38,0.8461538461538461,0.868421052631579,0.75
2021,2022,120,144,111,114,200,0.9736842105263158,0.555,0.5467980295566502
2021,2022,121,144,59,60,200,0.9833333333333333,0.295,0.2935323383084577
2021,2022,122,103,1,262,246,0.003816793893129771,0.0040650406504065045,0.0019723865877712033
2021,2022,122,135,3,262,73,0.011450381679389313,0.0410958904109589,0.009036144578313253
2021,2022,122,147,1,262,235,0.003816793893129771,0.00425531914893617,0.0020161290322580645
2021,2022,122,149,232,262,266,0.8854961832061069,0.8721804511278195,0.7837837837837838
2021,2022,123,6,1,117,95,0.008547008547008548,0.010526315789473684,0.004739336492890996
2021,2022,123,145,99,117,107,0.8461538461538461,0.9252336448598131,0.792
2021,2022,123,149,1,117,266,0.008547008547008548,0.0037593984962406013,0.002617801047120419
2021,2022,124,103,1,55,246,0.01818181818181818,0.0040650406504065045,0.0033333333333333335
2021,2022,124,138,36,55,42,0.6545454545454545,0.8571428571428571,0.5901639344262295
2021,2022,124,139,1,55,34,0.01818181818181818,0.029411764705882353,0.011363636363636364
2021,2022,124,145,1,55,107,0.01818181818181818,0.009345794392523364,0.006211180124223602
2021,2022,125,121,80,91,89,0.8791208791208791,0.898876404494382,0.8
2021,2022,125,173,1,91,993,0.01098901098901099,0.0010070493454179255,9.233610341643582e-4
2021,2022,126,0,5,818,115,0.006112469437652812,0.043478260869565216,0.005387931034482759
2021,2022,126,1,2,818,183,0.0024449877750611247,0.01092896174863388,0.002002002002002002
2021,2022,126,2,2,818,49,0.0024449877750611247,0.04081632653061224,0.0023121387283236996
2021,2022,126,5,1,818,43,0.0012224938875305623,0.023255813953488372,0.0011627906976744186
2021,2022,126,7,3,818,112,0.003667481662591687,0.026785714285714284,0.003236245954692557
2021,2022,126,8,1,818,44,0.0012224938875305623,0.022727272727272728,0.0011614401858304297
2021,2022,126,9,1,818,66,0.0012224938875305623,0.015151515151515152,0.0011325028312570782
2021,2022,126,14,4,818,52,0.004889975550122249,0.07692307692307693,0.004618937644341801
2021,2022,126,16,2,818,85,0.0024449877750611247,0.023529411764705882,0.0022197558268590455
2021,2022,126,17,3,818,108,0.003667481662591687,0.027777777777777776,0.0032502708559046588
2021,2022,126,19,1,818,72,0.0012224938875305623,0.013888888888888888,0.0011248593925759281
2021,2022,126,22,1,818,31,0.0012224938875305623,0.03225806451612903,0.0011792452830188679
2021,2022,126,25,14,818,342,0.017114914425427872,0.04093567251461988,0.012216404886561954
2021,2022,126,27,1,818,49,0.0012224938875305623,0.02040816326530612,0.0011547344110854503
2021,2022,126,29,1,818,129,0.0012224938875305623,0.007751937984496124,0.0010570824524312897
2021,2022,126,31,1,818,92,0.0012224938875305623,0.010869565217391304,0.0011001100110011
2021,2022,126,32,2,818,31,0.0024449877750611247,0.06451612903225806,0.0023612750885478157
2021,2022,126,34,8,818,157,0.009779951100244499,0.050955414012738856,0.008273009307135471
2021,2022,126,36,1,818,190,0.0012224938875305623,0.005263157894736842,9.930486593843098e-4
2021,2022,126,39,1,818,41,0.0012224938875305623,0.024390243902439025,0.0011655011655011655
2021,2022,126,40,4,818,170,0.004889975550122249,0.023529411764705882,0.0040650406504065045
2021,2022,126,41,1,818,90,0.0012224938875305623,0.011111111111111112,0.0011025358324145535
2021,2022,126,43,3,818,74,0.003667481662591687,0.04054054054054054,0.003374578177727784
2021,2022,126,44,1,818,54,0.0012224938875305623,0.018518518518518517,0.001148105625717566
2021,2022,126,45,2,818,55,0.0024449877750611247,0.03636363636363636,0.002296211251435132
2021,2022,126,46,2,818,38,0.0024449877750611247,0.05263157894736842,0.00234192037470726
2021,2022,126,48,2,818,122,0.0024449877750611247,0.01639344262295082,0.0021321961620469083
2021,2022,126,52,4,818,102,0.004889975550122249,0.0392156862745098,0.004366812227074236
2021,2022,126,53,2,818,68,0.0024449877750611247,0.029411764705882353,0.0022624434389140274
2021,2022,126,54,1,818,77,0.0012224938875305623,0.012987012987012988,0.0011185682326621924
2021,2022,126,56,8,818,102,0.009779951100244499,0.0784313725490196,0.008771929824561403
2021,2022,126,57,1,818,43,0.0012224938875305623,0.023255813953488372,0.0011627906976744186
2021,2022,126,59,3,818,374,0.003667481662591687,0.008021390374331552,0.002523128679562658
2021,2022,126,60,1,818,203,0.0012224938875305623,0.0049261083743842365,9.80392156862745e-4
2021,2022,126,61,2,818,44,0.0024449877750611247,0.045454545454545456,0.002325581395348837
2021,2022,126,62,381,818,822,0.46577017114914426,0.4635036496350365,0.30262112787926926
2021,2022,126,64,1,818,67,0.0012224938875305623,0.014925373134328358,0.0011312217194570137
2021,2022,126,65,1,818,55,0.0012224938875305623,0.01818181818181818,0.0011467889908256881
2021,2022,126,70,1,818,134,0.0012224938875305623,0.007462686567164179,0.0010515247108307045
2021,2022,126,71,1,818,113,0.0012224938875305623,0.008849557522123894,0.001075268817204301
2021,2022,126,72,1,818,32,0.0012224938875305623,0.03125,0.001177856301531213
2021,2022,126,73,1,818,67,0.0012224938875305623,0.014925373134328358,0.0011312217194570137
2021,2022,126,75,1,818,34,0.0012224938875305623,0.029411764705882353,0.0011750881316098707
2021,2022,126,76,3,818,355,0.003667481662591687,0.008450704225352112,0.002564102564102564
2021,2022,126,79,5,818,718,0.006112469437652812,0.006963788300835654,0.0032658393207054214
2021,2022,126,80,1,818,76,0.0012224938875305623,0.013157894736842105,0.0011198208286674132
2021,2022,126,84,2,818,122,0.0024449877750611247,0.01639344262295082,0.0021321961620469083
2021,2022,126,85,5,818,166,0.006112469437652812,0.030120481927710843,0.005107252298263534
2021,2022,126,93,5,818,241,0.006112469437652812,0.02074688796680498,0.004743833017077799
2021,2022,126,94,4,818,66,0.004889975550122249,0.06060606060606061,0.004545454545454545
2021,2022,126,95,1,818,106,0.0012224938875305623,0.009433962264150943,0.0010834236186348862
2021,2022,126,98,1,818,40,0.0012224938875305623,0.025,0.0011668611435239206
2021,2022,126,101,1,818,61,0.0012224938875305623,0.01639344262295082,0.0011389521640091116
2021,2022,126,102,2,818,71,0.0024449877750611247,0.028169014084507043,0.002254791431792559
2021,2022,126,103,8,818,246,0.009779951100244499,0.032520325203252036,0.007575757575757576
2021,2022,126,104,1,818,152,0.0012224938875305623,0.006578947368421052,0.0010319917440660474
2021,2022,126,105,1,818,43,0.0012224938875305623,0.023255813953488372,0.0011627906976744186
2021,2022,126,106,1,818,40,0.0012224938875305623,0.025,0.0011668611435239206
2021,2022,126,107,2,818,54,0.0024449877750611247,0.037037037037037035,0.0022988505747126436
2021,2022,126,109,2,818,65,0.0024449877750611247,0.03076923076923077,0.0022701475595913734
2021,2022,126,113,1,818,51,0.0012224938875305623,0.0196078431372549,0.001152073732718894
2021,2022,126,117,1,818,41,0.0012224938875305623,0.024390243902439025,0.0011655011655011655
2021,2022,126,118,1,818,90,0.0012224938875305623,0.011111111111111112,0.0011025358324145535
2021,2022,126,120,4,818,133,0.004889975550122249,0.03007518796992481,0.004223864836325237
2021,2022,126,121,1,818,89,0.0012224938875305623,0.011235955056179775,0.0011037527593818985
2021,2022,126,126,1,818,41,0.0012224938875305623,0.024390243902439025,0.0011655011655011655
2021,2022,126,127,1,818,188,0.0012224938875305623,0.005319148936170213,9.950248756218905e-4
2021,2022,126,128,1,818,162,0.0012224938875305623,0.006172839506172839,0.0010214504596527069
2021,2022,126,130,1,818,105,0.0012224938875305623,0.009523809523809525,0.0010845986984815619
2021,2022,126,133,1,818,91,0.0012224938875305623,0.01098901098901099,0.0011013215859030838
2021,2022,126,135,1,818,73,0.0012224938875305623,0.0136986301369863,0.0011235955056179776
2021,2022,126,136,1,818,112,0.0012224938875305623,0.008928571428571428,0.001076426264800861
2021,2022,126,140,3,818,137,0.003667481662591687,0.021897810218978103,0.0031512605042016808
2021,2022,126,146,2,818,89,0.0024449877750611247,0.02247191011235955,0.0022099447513812156
2021,2022,126,147,4,818,235,0.004889975550122249,0.01702127659574468,0.0038131553860819827
2021,2022,126,149,3,818,266,0.003667481662591687,0.011278195488721804,0.0027752081406105457
2021,2022,126,152,1,818,54,0.0012224938875305623,0.018518518518518517,0.001148105625717566
2021,2022,126,156,1,818,32,0.0012224938875305623,0.03125,0.001177856301531213
2021,2022,126,158,1,818,110,0.0012224938875305623,0.00909090909090909,0.0010787486515641855
2021,2022,126,160,1,818,92,0.0012224938875305623,0.010869565217391304,0.0011001100110011
2021,2022,126,164,5,818,46,0.006112469437652812,0.10869565217391304,0.005820721769499418
2021,2022,126,165,1,818,76,0.0012224938875305623,0.013157894736842105,0.0011198208286674132
2021,2022,126,167,1,818,115,0.0012224938875305623,0.008695652173913044,0.001072961373390558
2021,2022,126,169,1,818,36,0.0012224938875305623,0.027777777777777776,0.0011723329425556857
2021,2022,126,170,1,818,79,0.0012224938875305623,0.012658227848101266,0.0011160714285714285
2021,2022,126,173,12,818,993,0.014669926650366748,0.012084592145015106,0.006670372429127293
2021,2022,126,175,6,818,110,0.007334963325183374,0.05454545454545454,0.006507592190889371
2021,2022,126,176,1,818,34,0.0012224938875305623,0.029411764705882353,0.0011750881316098707
2021,2022,126,177,1,818,37,0.0012224938875305623,0.02702702702702703,0.00117096018735363
2021,2022,126,182,5,818,371,0.006112469437652812,0.013477088948787063,0.004222972972972973
2021,2022,126,185,3,818,144,0.003667481662591687,0.020833333333333332,0.0031282586027111575
2021,2022,126,186,1,818,164,0.0012224938875305623,0.006097560975609756,0.0010193679918450561
2021,2022,126,188,5,818,114,0.006112469437652812,0.043859649122807015,0.005393743257820928
2021,2022,126,189,3,818,282,0.003667481662591687,0.010638297872340425,0.0027347310847766638
2021,2022,126,191,2,818,216,0.0024449877750611247,0.009259259259259259,0.001937984496124031
2021,2022,126,193,3,818,81,0.003667481662591687,0.037037037037037035,0.0033482142857142855
2021,2022,126,194,1,818,43,0.0012224938875305623,0.023255813953488372,0.0011627906976744186
2021,2022,126,195,1,818,42,0.0012224938875305623,0.023809523809523808,0.0011641443538998836
2021,2022,126,196,1,818,60,0.0012224938875305623,0.016666666666666666,0.0011402508551881414
2021,2022,126,197,1,818,63,0.0012224938875305623,0.015873015873015872,0.0011363636363636363
2021,2022,126,198,2,818,88,0.0024449877750611247,0.022727272727272728,0.0022123893805309734
2021,2022,126,199,3,818,57,0.003667481662591687,0.05263157894736842,0.0034403669724770644
2021,2022,126,200,1,818,161,0.0012224938875305623,0.006211180124223602,0.0010224948875255625
2021,2022,127,26,36,39,38,0.9230769230769231,0.9473684210526315,0.8780487804878049
2021,2022,127,161,1,39,129,0.02564102564102564,0.007751937984496124,0.005988023952095809
2021,2022,128,138,1,144,42,0.006944444444444444,0.023809523809523808,0.005405405405405406
2021,2022,128,140,127,144,137,0.8819444444444444,0.927007299270073,0.8246753246753247
2021,2022,128,141,4,144,121,0.027777777777777776,0.03305785123966942,0.01532567049808429
2021,2022,129,154,28,52,30,0.5384615384615384,0.9333333333333333,0.5185185185185185
2021,2022,130,134,44,49,47,0.8979591836734694,0.9361702127659575,0.8461538461538461
2021,2022,131,121,1,127,89,0.007874015748031496,0.011235955056179775,0.004651162790697674
2021,2022,131,141,108,127,121,0.8503937007874016,0.8925619834710744,0.7714285714285715
2021,2022,131,143,1,127,63,0.007874015748031496,0.015873015873015872,0.005291005291005291
2021,2022,132,153,6,60,35,0.1,0.17142857142857143,0.06741573033707865
2021,2022,132,155,45,60,54,0.75,0.8333333333333334,0.6521739130434783
2021,2022,133,150,45,49,83,0.9183673469387755,0.54216867469879515,0.5172413793103449
2021,2022,133,155,1,49,54,0.02040816326530612,0.018518518518518517,0.00980392156862745
2021,2022,134,62,2,120,822,0.016666666666666666,0.0024330900243309003,0.002127659574468085
2021,2022,134,136,102,120,112,0.85,0.9107142857142857,0.7846153846153846
2021,2022,134,137,2,120,74,0.016666666666666666,0.02702702702702703,0.010416666666666666
2021,2022,135,137,33,37,74,0.8918918918918919,0.44594594594594594,0.4230769230769231
2021,2022,136,137,27,32,74,0.84375,0.36486486486486486,0.34177215189873417
2021,2022,137,152,36,40,54,0.9,0.6666666666666666,0.6206896551724138
2021,2022,137,191,1,40,216,0.025,0.004629629629629629,0.00392156862745098
2021,2022,138,152,1,37,54,0.02702702702702703,0.018518518518518517,0.011111111111111112
2021,2022,138,159,34,37,38,0.918918918918919,0.8947368421052632,0.8292682926829268
2021,2022,138,190,1,37,62,0.02702702702702703,0.016129032258064516,0.01020408163265306
2021,2022,139,62,1,63,822,0.015873015873015872,0.0012165450121654502,0.0011312217194570137
2021,2022,139,168,57,63,71,0.9047619047619048,0.8028169014084507,0.7402597402597403
2021,2022,139,171,1,63,62,0.015873015873015872,0.016129032258064516,0.008064516129032258
2021,2022,140,164,32,34,46,0.9411764705882353,0.6956521739130435,0.6666666666666666
2021,2022,140,191,1,34,216,0.029411764705882353,0.004629629629629629,0.004016064257028112
2021,2022,141,156,27,32,32,0.84375,0.84375,0.7297297297297297
2021,2022,141,162,1,32,43,0.03125,0.023255813953488372,0.013513513513513514
2021,2022,141,193,1,32,81,0.03125,0.012345679012345678,0.008928571428571428
2021,2022,142,62,1,71,822,0.014084507042253521,0.0012165450121654502,0.0011210762331838565
2021,2022,142,197,1,71,63,0.014084507042253521,0.015873015873015872,0.007518796992481203
2021,2022,142,198,61,71,88,0.8591549295774648,0.6931818181818182,0.6224489795918368
2021,2022,143,13,1,52,120,0.019230769230769232,0.008333333333333333,0.005847953216374269
2021,2022,143,62,1,52,822,0.019230769230769232,0.0012165450121654502,0.001145475372279496
2021,2022,143,178,1,52,36,0.019230769230769232,0.027777777777777776,0.011494252873563218
2021,2022,143,179,29,52,31,0.5576923076923077,0.9354838709677419,0.5370370370370371
2021,2022,144,62,1,36,822,0.027777777777777776,0.0012165450121654502,0.0011668611435239206
2021,2022,144,176,28,36,34,0.7777777777777778,0.8235294117647058,0.6666666666666666
2021,2022,145,60,1,45,203,0.022222222222222223,0.0049261083743842365,0.004048582995951417
2021,2022,145,165,42,45,76,0.9333333333333333,0.5526315789473685,0.5316455696202531
2021,2022,146,166,37,45,41,0.8222222222222222,0.9024390243902439,0.7551020408163265
2021,2022,147,62,1,115,822,0.008695652173913044,0.0012165450121654502,0.0010683760683760685
2021,2022,147,158,1,115,110,0.008695652173913044,0.00909090909090909,0.004464285714285714
2021,2022,147,167,106,115,115,0.9217391304347826,0.9217391304347826,0.8548387096774194
2021,2022,147,173,1,115,993,0.008695652173913044,0.0010070493454179255,9.033423667570009e-4
2021,2022,148,157,40,42,48,0.9523809523809523,0.8333333333333334,0.8
2021,2022,148,187,1,42,35,0.023809523809523808,0.02857142857142857,0.013157894736842105
2021,2022,149,178,34,82,36,0.4146341463414634,0.9444444444444444,0.40476190476190477
2021,2022,150,102,1,74,71,0.013513513513513514,0.014084507042253521,0.006944444444444444
2021,2022,150,170,68,74,79,0.918918918918919,0.8607594936708861,0.8
2021,2022,151,183,30,30,34,1,0.8823529411764706,0.8823529411764706
2021,2022,152,173,13,58,993,0.22413793103448276,0.013091641490433032,0.012524084778420038
2021,2022,153,180,40,55,49,0.7272727272727273,0.8163265306122449,0.625
2021,2022,154,194,2,87,43,0.022988505747126436,0.046511627906976744,0.015625
2021,2022,154,196,1,87,60,0.011494252873563218,0.016666666666666666,0.00684931506849315
2021,2022,154,197,51,87,63,0.5862068965517241,0.8095238095238095,0.5151515151515151
2021,2022,155,62,1,58,822,0.017241379310344827,0.0012165450121654502,0.0011376564277588168
2021,2022,155,195,35,58,42,0.603448275862069,0.8333333333333334,0.5384615384615384
2021,2022,155,196,2,58,60,0.034482758620689655,0.03333333333333333,0.017241379310344827
2021,2022,156,185,1,54,144,0.018518518518518517,0.006944444444444444,0.005076142131979695
2021,2022,156,195,1,54,42,0.018518518518518517,0.023809523809523808,0.010526315789473684
2021,2022,156,196,42,54,60,0.7777777777777778,0.7,0.5833333333333334
2021,2022,157,192,57,64,62,0.890625,0.9193548387096774,0.8260869565217391
2021,2022,158,25,1,889,342,0.0011248593925759281,0.0029239766081871343,8.130081300813008e-4
2021,2022,158,34,3,889,157,0.003374578177727784,0.01910828025477707,0.0028763183125599234
2021,2022,158,46,1,889,38,0.0011248593925759281,0.02631578947368421,0.0010799136069114472
2021,2022,158,62,6,889,822,0.006749156355455568,0.0072992700729927005,0.0035190615835777126
2021,2022,158,84,1,889,122,0.0011248593925759281,0.00819672131147541,9.900990099009901e-4
2021,2022,158,99,1,889,89,0.0011248593925759281,0.011235955056179775,0.0010235414534288639
2021,2022,158,112,2,889,196,0.0022497187851518562,0.01020408163265306,0.0018467220683287165
2021,2022,158,140,1,889,137,0.0011248593925759281,0.0072992700729927005,9.75609756097561e-4
2021,2022,158,173,823,889,993,0.9257592800899888,0.8288016112789527,0.777148253068933
2021,2022,158,189,1,889,282,0.0011248593925759281,0.0035460992907801418,8.547008547008547e-4
2021,2022,158,198,1,889,88,0.0011248593925759281,0.011363636363636364,0.0010245901639344263
2021,2022,159,173,3,141,993,0.02127659574468085,0.0030211480362537764,0.002652519893899204
2021,2022,159,180,1,141,49,0.0070921985815602835,0.02040816326530612,0.005291005291005291
2021,2022,159,193,75,141,81,0.5319148936170213,0.9259259259259259,0.5102040816326531
2021,2022,159,194,35,141,43,0.24822695035460993,0.813953488372093,0.2348993288590604
2021,2022,160,184,30,32,49,0.9375,0.6122448979591837,0.5882352941176471
2021,2022,161,62,2,161,822,0.012422360248447204,0.0024330900243309003,0.0020387359836901123
2021,2022,161,185,131,161,144,0.8136645962732919,0.9097222222222222,0.7528735632183908
2021,2022,162,174,24,31,53,0.7741935483870968,0.4528301886792453,0.4
2021,2022,163,62,1,103,822,0.009708737864077669,0.0012165450121654502,0.0010822510822510823
2021,2022,163,175,7,103,110,0.06796116504854369,0.06363636363636363,0.03398058252427184
2021,2022,163,188,89,103,114,0.8640776699029126,0.7807017543859649,0.6953125
2021,2022,164,151,1,281,39,0.0035587188612099642,0.02564102564102564,0.003134796238244514
2021,2022,164,163,1,281,39,0.0035587188612099642,0.02564102564102564,0.003134796238244514
2021,2022,164,165,1,281,76,0.0035587188612099642,0.013157894736842105,0.0028089887640449437
2021,2022,164,183,1,281,34,0.0035587188612099642,0.029411764705882353,0.0031847133757961785
2021,2022,164,188,4,281,114,0.014234875444839857,0.03508771929824561,0.010230179028132993
2021,2022,164,189,222,281,282,0.7900355871886121,0.7872340425531915,0.6510263929618768
2021,2022,165,106,36,38,40,0.9473684210526315,0.9,0.8571428571428571
2021,2022,166,169,29,30,36,0.9666666666666667,0.8055555555555556,0.7837837837837838
2021,2022,167,62,2,264,822,0.007575757575757576,0.0024330900243309003,0.0018450184501845018
2021,2022,167,164,1,264,46,0.003787878787878788,0.021739130434782608,0.003236245954692557
2021,2022,167,190,14,264,62,0.05303030303030303,0.22580645161290322,0.04487179487179487
2021,2022,167,191,193,264,216,0.7310606060606061,0.8935185185185185,0.6724738675958188
2021,2022,168,62,1,73,822,0.0136986301369863,0.0012165450121654502,0.0011185682326621924
2021,2022,168,171,1,73,62,0.0136986301369863,0.016129032258064516,0.007462686567164179
2021,2022,168,172,62,73,72,0.8493150684931506,0.8611111111111112,0.7469879518072289
2021,2022,169,161,3,44,129,0.06818181818181818,0.023255813953488372,0.01764705882352941
2021,2022,169,162,37,44,43,0.8409090909090909,0.8604651162790697,0.74
2021,2022,170,160,66,83,92,0.7951807228915663,0.717391304347826,0.6055045871559633
2021,2022,170,173,1,83,993,0.012048192771084338,0.0010070493454179255,9.302325581395349e-4
2021,2022,171,62,1,118,822,0.00847457627118644,0.0012165450121654502,0.0010649627263045794
2021,2022,171,161,109,118,129,0.923728813559322,0.8449612403100775,0.7898550724637681
2021,2022,172,62,1,640,822,0.0015625,0.0012165450121654502,6.844626967830253e-4
2021,2022,172,157,1,640,48,0.0015625,0.020833333333333332,0.001455604075691412
2021,2022,172,177,1,640,37,0.0015625,0.02702702702702703,0.0014792899408284023
2021,2022,172,182,340,640,371,0.53125,0.9164420485175202,0.5067064083457526
2021,2022,172,184,6,640,49,0.009375,0.12244897959183673,0.008784773060029283
2021,2022,172,186,152,640,164,0.2375,0.926829268292683,0.2331288343558282
2021,2022,172,187,30,640,35,0.046875,0.8571428571428571,0.046511627906976744
2021,2022,173,171,1,31,62,0.03225806451612903,0.016129032258064516,0.010869565217391304
2021,2022,173,177,27,31,37,0.8709677419354839,0.7297297297297297,0.6585365853658537
2021,2022,174,62,1,61,822,0.01639344262295082,0.0012165450121654502,0.0011337868480725624
2021,2022,174,171,49,61,62,0.8032786885245902,0.7903225806451613,0.6621621621621622
2021,2022,175,144,1,70,200,0.014285714285714285,0.005,0.0037174721189591076
2021,2022,175,181,62,70,86,0.8857142857142857,0.7209302325581395,0.6595744680851063
2021,2022,176,181,1,210,86,0.004761904761904762,0.011627906976744186,0.003389830508474576
2021,2022,176,190,18,210,62,0.08571428571428572,0.2903225806451613,0.07086614173228346
2021,2022,176,199,48,210,57,0.22857142857142856,0.8421052631578947,0.2191780821917808
2021,2022,176,200,115,210,161,0.5476190476190477,0.7142857142857143,0.44921875
2022,2023,0,8,20,115,30,0.17391304347826086,0.6666666666666666,0.16
2022,2023,0,9,79,115,89,0.6869565217391305,0.8876404494382022,0.632
2022,2023,0,91,2,115,695,0.017391304347826087,0.0028776978417266188,0.0024752475247524753
2022,2023,1,0,178,183,184,0.9726775956284153,0.967391304347826,0.9417989417989417
2022,2023,1,91,2,183,695,0.01092896174863388,0.0028776978417266188,0.00228310502283105
2022,2023,1,156,2,183,86,0.01092896174863388,0.023255813953488372,0.00749063670411985
2022,2023,2,1,49,49,52,1,0.9423076923076923,0.9423076923076923
2022,2023,3,2,30,31,33,0.967741935483871,0.9090909090909091,0.8823529411764706
2022,2023,4,3,34,36,35,0.9444444444444444,0.9714285714285714,0.918918918918919
2022,2023,4,91,1,36,695,0.027777777777777776,0.0014388489208633094,0.0013698630136986301
2022,2023,5,4,41,43,46,0.9534883720930233,0.8913043478260869,0.8541666666666666
2022,2023,5,70,1,43,185,0.023255813953488372,0.005405405405405406,0.004405286343612335
2022,2023,6,5,95,95,109,1,0.8715596330275229,0.8715596330275229
2022,2023,7,7,110,112,112,0.9821428571428571,0.9821428571428571,0.9649122807017544
2022,2023,7,91,1,112,695,0.008928571428571428,0.0014388489208633094,0.0012406947890818859
2022,2023,8,14,38,44,40,0.8636363636363636,0.95,0.8260869565217391
2022,2023,8,208,1,44,782,0.022727272727272728,0.0012787723785166241,0.0012121212121212121
2022,2023,9,12,45,66,70,0.6818181818181818,0.6428571428571429,0.4945054945054945
2022,2023,9,24,1,66,90,0.015151515151515152,0.011111111111111112,0.0064516129032258064
2022,2023,9,91,1,66,695,0.015151515151515152,0.0014388489208633094,0.0013157894736842105
2022,2023,10,11,33,41,38,0.8048780487804879,0.868421052631579,0.717391304347826
2022,2023,10,12,1,41,70,0.024390243902439025,0.014285714285714285,0.00909090909090909
2022,2023,11,35,30,39,30,0.7692307692307693,1,0.7692307692307693
2022,2023,12,6,45,46,57,0.9782608695652174,0.7894736842105263,0.7758620689655172
2022,2023,13,54,30,120,32,0.25,0.9375,0.2459016393442623
2022,2023,13,55,54,120,55,0.45,0.9818181818181818,0.4462809917355372
2022,2023,13,91,1,120,695,0.008333333333333333,0.0014388489208633094,0.0012285012285012285
2022,2023,14,20,50,52,59,0.9615384615384616,0.847457627118644,0.819672131147541
2022,2023,14,194,1,52,64,0.019230769230769232,0.015625,0.008695652173913044
2022,2023,15,51,28,33,35,0.8484848484848485,0.8,0.7
2022,2023,16,52,26,85,31,0.3058823529411765,0.8387096774193549,0.28888888888888886
2022,2023,16,53,44,85,52,0.5176470588235295,0.8461538461538461,0.4731182795698925
2022,2023,17,92,94,108,105,0.8703703703703703,0.8952380952380953,0.7899159663865546
2022,2023,18,91,1,117,695,0.008547008547008548,0.0014388489208633094,0.0012330456226880395
2022,2023,18,117,111,117,138,0.9487179487179487,0.8043478260869565,0.7708333333333334
2022,2023,19,5,2,72,109,0.027777777777777776,0.01834862385321101,0.0111731843575419
2022,2023,19,10,68,72,69,0.9444444444444444,0.9855072463768116,0.9315068493150684
2022,2023,19,72,2,72,61,0.027777777777777776,0.03278688524590164,0.015267175572519083
2022,2023,20,13,54,59,61,0.9152542372881356,0.8852459016393442,0.8181818181818182
2022,2023,20,38,1,59,51,0.01694915254237288,0.0196078431372549,0.009174311926605505
2022,2023,20,99,1,59,39,0.01694915254237288,0.02564102564102564,0.010309278350515464
2022,2023,20,111,1,59,238,0.01694915254237288,0.004201680672268907,0.0033783783783783786
2022,2023,21,18,32,32,38,1,0.8421052631578947,0.8421052631578947
2022,2023,22,15,26,31,32,0.8387096774193549,0.8125,0.7027027027027027
2022,2023,22,36,3,31,76,0.0967741935483871,0.039473684210526314,0.028846153846153848
2022,2023,23,19,34,37,41,0.918918918918919,0.8292682926829268,0.7727272727272727
2022,2023,23,117,1,37,138,0.02702702702702703,0.007246376811594203,0.005747126436781609
2022,2023,24,21,28,36,31,0.7777777777777778,0.9032258064516129,0.717948717948718
2022,2023,24,93,1,36,73,0.027777777777777776,0.0136986301369863,0.009259259259259259
2022,2023,25,5,1,342,109,0.0029239766081871343,0.009174311926605505,0.0022222222222222222
2022,2023,25,25,310,342,349,0.9064327485380117,0.8882521489971347,0.8136482939632546
2022,2023,25,45,1,342,163,0.0029239766081871343,0.006134969325153374,0.001984126984126984
2022,2023,25,91,12,342,695,0.03508771929824561,0.017266187050359712,0.011707317073170732
2022,2023,25,101,1,342,59,0.0029239766081871343,0.01694915254237288,0.0025
2022,2023,25,117,1,342,138,0.0029239766081871343,0.007246376811594203,0.0020876826722338203
2022,2023,25,187,1,342,86,0.0029239766081871343,0.011627906976744186,0.00234192037470726
2022,2023,25,208,1,342,782,0.0029239766081871343,0.0012787723785166241,8.904719501335708e-4
2022,2023,26,43,38,38,38,1,1,1
2022,2023,27,28,41,49,55,0.8367346938775511,0.7454545454545455,0.6507936507936508
2022,2023,27,36,3,49,76,0.061224489795918366,0.039473684210526314,0.02459016393442623
2022,2023,28,56,37,38,37,0.9736842105263158,1,0.9736842105263158
2022,2023,29,44,121,129,139,0.937984496124031,0.8705035971223022,0.8231292517006803
2022,2023,30,62,106,110,112,0.9636363636363636,0.9464285714285714,0.9137931034482759
2022,2023,31,24,81,92,90,0.8804347826086957,0.9,0.801980198019802
2022,2023,31,90,1,92,116,0.010869565217391304,0.008620689655172414,0.004830917874396135
2022,2023,32,22,16,31,35,0.5161290322580645,0.45714285714285713,0.32
2022,2023,32,23,12,31,35,0.3870967741935484,0.34285714285714286,0.2222222222222222
2022,2023,32,55,1,31,55,0.03225806451612903,0.01818181818181818,0.011764705882352941
2022,2023,32,91,1,31,695,0.03225806451612903,0.0014388489208633094,0.001379310344827586
2022,2023,33,71,45,52,48,0.8653846153846154,0.9375,0.8181818181818182
2022,2023,33,185,1,52,107,0.019230769230769232,0.009345794392523364,0.006329113924050633
2022,2023,34,16,1,157,232,0.006369426751592357,0.004310344827586207,0.002577319587628866
2022,2023,34,46,127,157,135,0.8089171974522293,0.9407407407407408,0.7696969696969697
2022,2023,34,71,1,157,48,0.006369426751592357,0.020833333333333332,0.004901960784313725
2022,2023,34,91,2,157,695,0.012738853503184714,0.0028776978417266188,0.002352941176470588
2022,2023,34,108,1,157,95,0.006369426751592357,0.010526315789473684,0.00398406374501992
2022,2023,34,117,1,157,138,0.006369426751592357,0.007246376811594203,0.003401360544217687
2022,2023,34,149,1,157,212,0.006369426751592357,0.0047169811320754715,0.002717391304347826
2022,2023,34,187,1,157,86,0.006369426751592357,0.011627906976744186,0.004132231404958678
2022,2023,35,17,30,32,35,0.9375,0.8571428571428571,0.8108108108108109
2022,2023,36,12,2,190,70,0.010526315789473684,0.02857142857142857,0.007751937984496124
2022,2023,36,16,182,190,232,0.9578947368421052,0.7844827586206896,0.7583333333333333
2022,2023,36,91,3,190,695,0.015789473684210527,0.004316546762589928,0.003401360544217687
2022,2023,37,76,96,102,106,0.9411764705882353,0.9056603773584906,0.8571428571428571
2022,2023,37,136,1,102,62,0.00980392156862745,0.016129032258064516,0.006134969325153374
2022,2023,38,68,43,45,45,0.9555555555555556,0.9555555555555556,0.9148936170212766
2022,2023,38,91,1,45,695,0.022222222222222223,0.0014388489208633094,0.0013531799729364006
2022,2023,39,69,38,41,41,0.926829268292683,0.926829268292683,0.8636363636363636
2022,2023,40,70,159,170,185,0.9352941176470588,0.8594594594594595,0.8112244897959183
2022,2023,40,91,1,170,695,0.0058823529411764705,0.0014388489208633094,0.0011574074074074073
2022,2023,41,49,85,90,101,0.9444444444444444,0.8415841584158416,0.8018867924528302
2022,2023,42,74,1,50,60,0.02,0.016666666666666666,0.009174311926605505
2022,2023,42,75,42,50,48,0.84,0.875,0.75
2022,2023,42,91,1,50,695,0.02,0.0014388489208633094,0.0013440860215053765
2022,2023,43,74,55,74,60,0.7432432432432432,0.9166666666666666,0.6962025316455697
2022,2023,43,75,1,74,48,0.013513513513513514,0.020833333333333332,0.008264462809917356
2022,2023,43,91,1,74,695,0.013513513513513514,0.0014388489208633094,0.0013020833333333333
2022,2023,44,78,32,54,41,0.5925925925925926,0.7804878048780488,0.5079365079365079
2022,2023,45,36,1,55,76,0.01818181818181818,0.013157894736842105,0.007692307692307693
2022,2023,45,38,40,55,51,0.7272727272727273,0.7843137254901961,0.6060606060606061
2022,2023,45,90,2,55,116,0.03636363636363636,0.017241379310344827,0.011834319526627219
2022,2023,45,111,1,55,238,0.01818181818181818,0.004201680672268907,0.003424657534246575
2022,2023,46,114,22,38,48,0.5789473684210527,0.4583333333333333,0.34375
2022,2023,47,80,49,55,70,0.8909090909090909,0.7,0.6447368421052632
2022,2023,48,85,105,122,142,0.860655737704918,0.7394366197183099,0.660377358490566
2022,2023,49,61,22,40,48,0.55,0.4583333333333333,0.3333333333333333
2022,2023,49,91,1,40,695,0.025,0.0014388489208633094,0.0013623978201634877
2022,2023,50,84,26,31,35,0.8387096774193549,0.7428571428571429,0.65
2022,2023,51,5,1,31,109,0.03225806451612903,0.009174311926605505,0.007194244604316547
2022,2023,51,80,3,31,70,0.0967741935483871,0.04285714285714286,0.030612244897959183
2022,2023,51,84,2,31,35,0.06451612903225806,0.05714285714285714,0.03125
2022,2023,51,85,12,31,142,0.3870967741935484,0.08450704225352113,0.07453416149068323
2022,2023,52,26,37,102,45,0.3627450980392157,0.8222222222222222,0.33636363636363636
2022,2023,52,27,19,102,50,0.18627450980392157,0.38,0.14285714285714285
2022,2023,52,36,4,102,76,0.0392156862745098,0.05263157894736842,0.022988505747126436
2022,2023,52,39,20,102,47,0.19607843137254902,0.425531914893617,0.15503875968992248
2022,2023,53,36,4,68,76,0.058823529411764705,0.05263157894736842,0.02857142857142857
2022,2023,53,37,58,68,68,0.8529411764705882,0.8529411764705882,0.7435897435897436
2022,2023,54,60,31,77,46,0.4025974025974026,0.6739130434782609,0.33695652173913043
2022,2023,55,29,34,36,51,0.9444444444444444,0.6666666666666666,0.6415094339622641
2022,2023,56,29,12,102,51,0.11764705882352941,0.23529411764705882,0.0851063829787234
2022,2023,56,31,59,102,75,0.5784313725490197,0.7866666666666666,0.5
2022,2023,56,32,1,102,42,0.00980392156862745,0.023809523809523808,0.006993006993006993
2022,2023,56,34,2,102,49,0.0196078431372549,0.04081632653061224,0.013422818791946308
2022,2023,56,36,20,102,76,0.19607843137254902,0.2631578947368421,0.12658227848101267
2022,2023,56,37,1,102,68,0.00980392156862745,0.014705882352941176,0.005917159763313609
2022,2023,57,34,35,43,49,0.813953488372093,0.7142857142857143,0.6140350877192983
2022,2023,57,36,3,43,76,0.06976744186046512,0.039473684210526314,0.02586206896551724
2022,2023,58,33,30,30,45,1,0.6666666666666666,0.6666666666666666
2022,2023,59,33,2,374,45,0.0053475935828877,0.044444444444444446,0.004796163069544364
2022,2023,59,36,1,374,76,0.00267379679144385,0.013157894736842105,0.0022271714922048997
2022,2023,59,37,1,374,68,0.00267379679144385,0.014705882352941176,0.0022675736961451248
2022,2023,59,63,332,374,399,0.8877005347593583,0.8320802005012531,0.7528344671201814
2022,2023,59,64,1,374,80,0.00267379679144385,0.0125,0.002207505518763797
2022,2023,60,45,1,203,163,0.0049261083743842365,0.006134969325153374,0.0027397260273972603
2022,2023,60,47,29,203,30,0.14285714285714285,0.9666666666666667,0.14215686274509803
2022,2023,60,48,157,203,164,0.7733990147783252,0.9573170731707317,0.7476190476190476
2022,2023,60,91,2,203,695,0.009852216748768473,0.0028776978417266188,0.002232142857142857
2022,2023,61,5,1,44,109,0.022727272727272728,0.009174311926605505,0.006578947368421052
2022,2023,61,91,1,44,695,0.022727272727272728,0.0014388489208633094,0.0013550135501355014
2022,2023,61,107,40,44,45,0.9090909090909091,0.8888888888888888,0.8163265306122449
2022,2023,61,117,1,44,138,0.022727272727272728,0.007246376811594203,0.0055248618784530384
2022,2023,62,3,1,822,35,0.0012165450121654502,0.02857142857142857,0.0011682242990654205
2022,2023,62,4,2,822,46,0.0024330900243309003,0.043478260869565216,0.0023094688221709007
2022,2023,62,5,1,822,109,0.0012165450121654502,0.009174311926605505,0.001075268817204301
2022,2023,62,6,2,822,57,0.0024330900243309003,0.03508771929824561,0.002280501710376283
2022,2023,62,8,1,822,30,0.0012165450121654502,0.03333333333333333,0.0011750881316098707
2022,2023,62,9,1,822,89,0.0012165450121654502,0.011235955056179775,0.001098901098901099
2022,2023,62,12,5,822,70,0.006082725060827251,0.07142857142857142,0.005636978579481398
2022,2023,62,14,1,822,40,0.0012165450121654502,0.025,0.0011614401858304297
2022,2023,62,15,1,822,32,0.0012165450121654502,0.03125,0.0011723329425556857
2022,2023,62,16,9,822,232,0.010948905109489052,0.03879310344827586,0.00861244019138756
2022,2023,62,17,1,822,35,0.0012165450121654502,0.02857142857142857,0.0011682242990654205
2022,2023,62,20,1,822,59,0.0012165450121654502,0.01694915254237288,0.0011363636363636363
2022,2023,62,22,2,822,35,0.0024330900243309003,0.05714285714285714,0.0023391812865497076
2022,2023,62,23,4,822,35,0.004866180048661801,0.11428571428571428,0.004689331770222743
2022,2023,62,24,2,822,90,0.0024330900243309003,0.022222222222222223,0.002197802197802198
2022,2023,62,25,9,822,349,0.010948905109489052,0.025787965616045846,0.00774526678141136
2022,2023,62,26,3,822,45,0.0036496350364963502,0.06666666666666667,0.003472222222222222
2022,2023,62,27,1,822,50,0.0012165450121654502,0.02,0.001148105625717566
2022,2023,62,28,3,822,55,0.0036496350364963502,0.05454545454545454,0.003432494279176201
2022,2023,62,29,1,822,51,0.0012165450121654502,0.0196078431372549,0.0011467889908256881
2022,2023,62,30,1,822,30,0.0012165450121654502,0.03333333333333333,0.0011750881316098707
2022,2023,62,31,1,822,75,0.0012165450121654502,0.013333333333333334,0.0011160714285714285
2022,2023,62,32,1,822,42,0.0012165450121654502,0.023809523809523808,0.0011587485515643105
2022,2023,62,33,1,822,45,0.0012165450121654502,0.022222222222222223,0.0011547344110854503
2022,2023,62,34,1,822,49,0.0012165450121654502,0.02040816326530612,0.0011494252873563218
2022,2023,62,36,14,822,76,0.0170316301703163,0.18421052631578946,0.01583710407239819
2022,2023,62,37,3,822,68,0.0036496350364963502,0.04411764705882353,0.0033821871476888386
2022,2023,62,40,2,822,34,0.0024330900243309003,0.058823529411764705,0.00234192037470726
2022,2023,62,42,1,822,74,0.0012165450121654502,0.013513513513513514,0.0011173184357541898
2022,2023,62,44,1,822,139,0.0012165450121654502,0.007194244604316547,0.0010416666666666667
2022,2023,62,45,5,822,163,0.006082725060827251,0.03067484662576687,0.00510204081632653
2022,2023,62,48,1,822,164,0.0012165450121654502,0.006097560975609756,0.0010152284263959391
2022,2023,62,50,2,822,31,0.0024330900243309003,0.06451612903225806,0.0023501762632197414
2022,2023,62,53,1,822,52,0.0012165450121654502,0.019230769230769232,0.001145475372279496
2022,2023,62,57,1,822,58,0.0012165450121654502,0.017241379310344827,0.0011376564277588168
2022,2023,62,60,1,822,46,0.0012165450121654502,0.021739130434782608,0.0011534025374855825
2022,2023,62,62,1,822,112,0.0012165450121654502,0.008928571428571428,0.0010718113612004287
2022,2023,62,63,1,822,399,0.0012165450121654502,0.002506265664160401,8.19672131147541e-4
2022,2023,62,76,1,822,106,0.0012165450121654502,0.009433962264150943,0.0010787486515641855
2022,2023,62,77,1,822,43,0.0012165450121654502,0.023255813953488372,0.0011574074074074073
2022,2023,62,78,1,822,41,0.0012165450121654502,0.024390243902439025,0.001160092807424594
2022,2023,62,87,2,822,178,0.0024330900243309003,0.011235955056179775,0.002004008016032064
2022,2023,62,91,395,822,695,0.4805352798053528,0.5683453237410072,0.3520499108734403
2022,2023,62,93,1,822,73,0.0012165450121654502,0.0136986301369863,0.0011185682326621924
2022,2023,62,94,1,822,33,0.0012165450121654502,0.030303030303030304,0.00117096018735363
2022,2023,62,95,1,822,31,0.0012165450121654502,0.03225806451612903,0.0011737089201877935
2022,2023,62,96,1,822,100,0.0012165450121654502,0.01,0.0010857763300760044
2022,2023,62,101,2,822,59,0.0024330900243309003,0.03389830508474576,0.0022753128555176336
2022,2023,62,104,1,822,55,0.0012165450121654502,0.01818181818181818,0.001141552511415525
2022,2023,62,105,1,822,86,0.0012165450121654502,0.011627906976744186,0.0011025358324145535
2022,2023,62,107,1,822,45,0.0012165450121654502,0.022222222222222223,0.0011547344110854503
2022,2023,62,108,2,822,95,0.0024330900243309003,0.021052631578947368,0.002185792349726776
2022,2023,62,111,3,822,238,0.0036496350364963502,0.012605042016806723,0.002838221381267739
2022,2023,62,115,1,822,33,0.0012165450121654502,0.030303030303030304,0.00117096018735363
2022,2023,62,118,1,822,32,0.0012165450121654502,0.03125,0.0011723329425556857
2022,2023,62,122,2,822,96,0.0024330900243309003,0.020833333333333332,0.002183406113537118
2022,2023,62,124,1,822,113,0.0012165450121654502,0.008849557522123894,0.0010706638115631692
2022,2023,62,125,3,822,109,0.0036496350364963502,0.027522935779816515,0.003232758620689655
2022,2023,62,126,1,822,355,0.0012165450121654502,0.0028169014084507044,8.503401360544217e-4
2022,2023,62,127,2,822,93,0.0024330900243309003,0.021505376344086023,0.002190580503833516
2022,2023,62,130,1,822,72,0.0012165450121654502,0.013888888888888888,0.0011198208286674132
2022,2023,62,138,1,822,30,0.0012165450121654502,0.03333333333333333,0.0011750881316098707
2022,2023,62,139,2,822,70,0.0024330900243309003,0.02857142857142857,0.0022471910112359553
2022,2023,62,140,1,822,81,0.0012165450121654502,0.012345679012345678,0.0011086474501108647
2022,2023,62,144,1,822,39,0.0012165450121654502,0.02564102564102564,0.0011627906976744186
2022,2023,62,146,9,822,120,0.010948905109489052,0.075,0.00964630225080386
2022,2023,62,147,4,822,273,0.004866180048661801,0.014652014652014652,0.0036663611365719525
2022,2023,62,148,2,822,167,0.0024330900243309003,0.011976047904191617,0.002026342451874367
2022,2023,62,149,1,822,212,0.0012165450121654502,0.0047169811320754715,9.68054211035818e-4
2022,2023,62,151,1,822,88,0.0012165450121654502,0.011363636363636364,0.0011001100110011
2022,2023,62,154,1,822,129,0.0012165450121654502,0.007751937984496124,0.0010526315789473684
2022,2023,62,156,1,822,86,0.0012165450121654502,0.011627906976744186,0.0011025358324145535
2022,2023,62,167,8,822,299,0.009732360097323601,0.026755852842809364,0.0071877807726864335
2022,2023,62,168,1,822,36,0.0012165450121654502,0.027777777777777776,0.0011668611435239206
2022,2023,62,169,2,822,87,0.0024330900243309003,0.022988505747126436,0.002205071664829107
2022,2023,62,171,1,822,345,0.0012165450121654502,0.002898550724637681,8.576329331046312e-4
2022,2023,62,172,2,822,59,0.0024330900243309003,0.03389830508474576,0.0022753128555176336
2022,2023,62,174,3,822,52,0.0036496350364963502,0.057692307692307696,0.003444316877152698
2022,2023,62,176,2,822,54,0.0024330900243309003,0.037037037037037035,0.002288329519450801
2022,2023,62,177,1,822,33,0.0012165450121654502,0.030303030303030304,0.00117096018735363
2022,2023,62,178,7,822,107,0.00851581508515815,0.06542056074766354,0.007592190889370932
2022,2023,62,179,2,822,114,0.0024330900243309003,0.017543859649122806,0.0021413276231263384
2022,2023,62,180,1,822,59,0.0012165450121654502,0.01694915254237288,0.0011363636363636363
2022,2023,62,181,1,822,170,0.0012165450121654502,0.0058823529411764705,0.0010090817356205853
2022,2023,62,182,2,822,78,0.0024330900243309003,0.02564102564102564,0.0022271714922048997
2022,2023,62,183,3,822,49,0.0036496350364963502,0.061224489795918366,0.0034562211981566822
2022,2023,62,185,2,822,107,0.0024330900243309003,0.018691588785046728,0.002157497303128371
2022,2023,62,197,1,822,344,0.0012165450121654502,0.0029069767441860465,8.583690987124463e-4
2022,2023,62,202,1,822,133,0.0012165450121654502,0.007518796992481203,0.0010482180293501049
2022,2023,62,206,5,822,111,0.006082725060827251,0.04504504504504504,0.005387931034482759
2022,2023,62,208,7,822,782,0.00851581508515815,0.008951406649616368,0.004383218534752661
2022,2023,62,209,4,822,240,0.004866180048661801,0.016666666666666666,0.003780718336483932
2022,2023,62,210,2,822,229,0.0024330900243309003,0.008733624454148471,0.0019065776930409914
2022,2023,62,211,4,822,111,0.004866180048661801,0.036036036036036036,0.004305705059203444
2022,2023,63,72,48,51,61,0.9411764705882353,0.7868852459016393,0.75
2022,2023,64,64,59,67,80,0.8805970149253731,0.7375,0.6704545454545454
2022,2023,65,65,44,55,47,0.8,0.9361702127659575,0.7586206896551724
2022,2023,65,66,3,55,130,0.05454545454545454,0.023076923076923078,0.016483516483516484
2022,2023,66,66,95,105,130,0.9047619047619048,0.7307692307692307,0.6785714285714286
2022,2023,67,17,1,59,35,0.01694915254237288,0.02857142857142857,0.010752688172043012
2022,2023,67,57,55,59,58,0.9322033898305084,0.9482758620689655,0.8870967741935484
2022,2023,67,158,1,59,81,0.01694915254237288,0.012345679012345678,0.007194244604316547
2022,2023,68,77,36,40,43,0.9,0.8372093023255814,0.7659574468085106
2022,2023,68,83,1,40,38,0.025,0.02631578947368421,0.012987012987012988
2022,2023,69,42,25,30,74,0.8333333333333334,0.33783783783783783,0.31645569620253167
2022,2023,70,42,2,134,74,0.014925373134328358,0.02702702702702703,0.009708737864077669
2022,2023,70,73,1,134,61,0.007462686567164179,0.01639344262295082,0.005154639175257732
2022,2023,70,93,56,134,73,0.417910447761194,0.7671232876712328,0.3708609271523179
2022,2023,70,111,2,134,238,0.014925373134328358,0.008403361344537815,0.005405405405405406
2022,2023,71,25,1,113,349,0.008849557522123894,0.0028653295128939827,0.0021691973969631237
2022,2023,71,62,1,113,112,0.008849557522123894,0.008928571428571428,0.004464285714285714
2022,2023,71,125,103,113,109,0.911504424778761,0.944954128440367,0.865546218487395
2022,2023,72,67,32,32,34,1,0.9411764705882353,0.9411764705882353
2022,2023,73,73,53,67,61,0.7910447761194029,0.8688524590163934,0.7066666666666667
2022,2023,74,61,1,37,48,0.02702702702702703,0.020833333333333332,0.011904761904761904
2022,2023,74,83,26,37,38,0.7027027027027027,0.6842105263157895,0.5306122448979592
2022,2023,74,95,2,37,31,0.05405405405405406,0.06451612903225806,0.030303030303030304
2022,2023,75,41,27,34,34,0.7941176470588235,0.7941176470588235,0.6585365853658537
2022,2023,75,83,1,34,38,0.029411764705882353,0.02631578947368421,0.014084507042253521
2022,2023,75,90,1,34,116,0.029411764705882353,0.008620689655172414,0.006711409395973154
2022,2023,75,109,1,34,70,0.029411764705882353,0.014285714285714285,0.009708737864077669
2022,2023,76,5,1,355,109,0.0028169014084507044,0.009174311926605505,0.0021598272138228943
2022,2023,76,117,2,355,138,0.005633802816901409,0.014492753623188406,0.004073319755600814
2022,2023,76,126,343,355,355,0.9661971830985916,0.9661971830985916,0.9346049046321526
2022,2023,76,129,3,355,100,0.008450704225352112,0.03,0.00663716814159292
2022,2023,77,124,106,108,113,0.9814814814814815,0.9380530973451328,0.9217391304347826
2022,2023,78,25,1,30,349,0.03333333333333333,0.0028653295128939827,0.0026455026455026454
2022,2023,78,40,28,30,34,0.9333333333333333,0.8235294117647058,0.7777777777777778
2022,2023,79,19,2,718,41,0.002785515320334262,0.04878048780487805,0.002642007926023778
2022,2023,79,25,1,718,349,0.001392757660167131,0.0028653295128939827,9.380863039399625e-4
2022,2023,79,91,2,718,695,0.002785515320334262,0.0028776978417266188,0.001417434443656981
2022,2023,79,114,1,718,48,0.001392757660167131,0.020833333333333332,0.00130718954248366
2022,2023,79,125,1,718,109,0.001392757660167131,0.009174311926605505,0.0012106537530266344
2022,2023,79,134,49,718,51,0.06824512534818941,0.9607843137254902,0.06805555555555555
2022,2023,79,138,29,718,30,0.0403899721448468,0.9666666666666667,0.04033379694019471
2022,2023,79,141,118,718,118,0.16434540389972144,1,0.16434540389972144
2022,2023,79,142,268,718,278,0.3732590529247911,0.9640287769784173,0.36813186813186816
2022,2023,79,143,31,718,31,0.04317548746518106,1,0.04317548746518106
2022,2023,80,114,1,76,48,0.013157894736842105,0.020833333333333332,0.008130081300813009
2022,2023,80,127,1,76,93,0.013157894736842105,0.010752688172043012,0.005952380952380952
2022,2023,80,128,71,76,74,0.9342105263157895,0.9594594594594594,0.8987341772151899
2022,2023,81,133,28,33,37,0.8484848484848485,0.7567567567567568,0.6666666666666666
2022,2023,82,7,1,92,112,0.010869565217391304,0.008928571428571428,0.0049261083743842365
2022,2023,82,129,79,92,100,0.8586956521739131,0.79,0.6991150442477876
2022,2023,82,133,7,92,37,0.07608695652173914,0.1891891891891892,0.05737704918032787
2022,2023,83,109,2,37,70,0.05405405405405406,0.02857142857142857,0.01904761904761905
2022,2023,83,110,30,37,35,0.8108108108108109,0.8571428571428571,0.7142857142857143
2022,2023,84,46,1,122,135,0.00819672131147541,0.007407407407407408,0.00390625
2022,2023,84,91,1,122,695,0.00819672131147541,0.0014388489208633094,0.0012254901960784314
2022,2023,84,113,107,122,115,0.8770491803278688,0.9304347826086956,0.823076923076923
2022,2023,85,36,1,166,76,0.006024096385542169,0.013157894736842105,0.004149377593360996
2022,2023,85,46,1,166,135,0.006024096385542169,0.007407407407407408,0.0033333333333333335
2022,2023,85,88,3,166,140,0.018072289156626505,0.02142857142857143,0.009900990099009901
2022,2023,85,94,23,166,33,0.13855421686746988,0.696969696969697,0.13068181818181818
2022,2023,85,95,20,166,31,0.12048192771084337,0.6451612903225806,0.11299435028248588
2022,2023,85,105,63,166,86,0.3795180722891566,0.7325581395348837,0.3333333333333333
2022,2023,85,111,7,166,238,0.04216867469879518,0.029411764705882353,0.017632241813602016
2022,2023,85,112,1,166,54,0.006024096385542169,0.018518518518518517,0.0045662100456621
2022,2023,86,33,1,65,45,0.015384615384615385,0.022222222222222223,0.009174311926605505
2022,2023,86,89,55,65,124,0.8461538461538461,0.4435483870967742,0.41044776119402987
2022,2023,87,89,36,41,124,0.8780487804878049,0.2903225806451613,0.27906976744186046
2022,2023,87,91,1,41,695,0.024390243902439025,0.0014388489208633094,0.0013605442176870747
2022,2023,88,77,1,129,43,0.007751937984496124,0.023255813953488372,0.005847953216374269
2022,2023,88,88,95,129,140,0.7364341085271318,0.6785714285714286,0.5459770114942529
2022,2023,88,89,1,129,124,0.007751937984496124,0.008064516129032258,0.003968253968253968
2022,2023,88,105,1,129,86,0.007751937984496124,0.011627906976744186,0.004672897196261682
2022,2023,88,111,1,129,238,0.007751937984496124,0.004201680672268907,0.00273224043715847
2022,2023,89,116,69,71,71,0.971830985915493,0.971830985915493,0.9452054794520548
2022,2023,90,58,2,76,45,0.02631578947368421,0.044444444444444446,0.01680672268907563
2022,2023,90,59,66,76,79,0.868421052631579,0.8354430379746836,0.7415730337078652
2022,2023,90,111,1,76,238,0.013157894736842105,0.004201680672268907,0.003194888178913738
2022,2023,91,58,36,38,45,0.9473684210526315,0.8,0.7659574468085106
2022,2023,91,66,1,38,130,0.02631578947368421,0.007692307692307693,0.005988023952095809
2022,2023,92,97,48,55,56,0.8727272727272727,0.8571428571428571,0.7619047619047619
2022,2023,92,98,1,55,160,0.01818181818181818,0.00625,0.004672897196261682
2022,2023,93,59,1,241,79,0.004149377593360996,0.012658227848101266,0.003134796238244514
2022,2023,93,97,2,241,56,0.008298755186721992,0.03571428571428571,0.006779661016949152
2022,2023,93,98,143,241,160,0.5933609958506224,0.89375,0.5542635658914729
2022,2023,93,99,2,241,39,0.008298755186721992,0.05128205128205128,0.007194244604316547
2022,2023,93,109,17,241,70,0.07053941908713693,0.24285714285714285,0.05782312925170068
2022,2023,94,108,62,66,95,0.9393939393939394,0.6526315789473685,0.6262626262626263
2022,2023,95,31,1,106,75,0.009433962264150943,0.013333333333333334,0.005555555555555556
2022,2023,95,33,1,106,45,0.009433962264150943,0.022222222222222223,0.006666666666666667
2022,2023,95,63,1,106,399,0.009433962264150943,0.002506265664160401,0.001984126984126984
2022,2023,95,89,1,106,124,0.009433962264150943,0.008064516129032258,0.004366812227074236
2022,2023,95,90,93,106,116,0.8773584905660378,0.8017241379310345,0.7209302325581395
2022,2023,95,105,1,106,86,0.009433962264150943,0.011627906976744186,0.005235602094240838
2022,2023,96,157,34,38,34,0.8947368421052632,1,0.8947368421052632
2022,2023,97,87,1,48,178,0.020833333333333332,0.0056179775280898875,0.0044444444444444444
2022,2023,97,174,36,48,52,0.75,0.6923076923076923,0.5625
2022,2023,97,182,1,48,78,0.020833333333333332,0.01282051282051282,0.008
2022,2023,98,106,36,40,37,0.9,0.972972972972973,0.8780487804878049
2022,2023,99,123,81,89,85,0.9101123595505618,0.9529411764705882,0.8709677419354839
2022,2023,99,149,1,89,212,0.011235955056179775,0.0047169811320754715,0.0033333333333333335
2022,2023,99,159,1,89,34,0.011235955056179775,0.029411764705882353,0.00819672131147541
2022,2023,100,144,34,35,39,0.9714285714285714,0.8717948717948718,0.85
2022,2023,101,104,31,61,55,0.5081967213114754,0.5636363636363636,0.36470588235294116
2022,2023,101,111,4,61,238,0.06557377049180328,0.01680672268907563,0.013559322033898305
2022,2023,102,158,69,71,81,0.971830985915493,0.8518518518518519,0.8313253012048193
2022,2023,103,114,18,246,48,0.07317073170731707,0.375,0.06521739130434782
2022,2023,103,117,1,246,138,0.0040650406504065045,0.007246376811594203,0.0026109660574412533
2022,2023,103,159,32,246,34,0.13008130081300814,0.9411764705882353,0.12903225806451613
2022,2023,103,172,45,246,59,0.18292682926829268,0.7627118644067796,0.17307692307692307
2022,2023,103,173,27,246,31,0.10975609756097561,0.8709677419354839,0.108
2022,2023,103,175,29,246,31,0.11788617886178862,0.9354838709677419,0.11693548387096774
2022,2023,103,176,46,246,54,0.18699186991869918,0.8518518518518519,0.18110236220472442
2022,2023,104,16,1,152,232,0.006578947368421052,0.004310344827586207,0.0026109660574412533
2022,2023,104,25,4,152,349,0.02631578947368421,0.011461318051575931,0.008048289738430584
2022,2023,104,45,143,152,163,0.9407894736842105,0.8773006134969326,0.8313953488372093
2022,2023,104,91,2,152,695,0.013157894736842105,0.0028776978417266188,0.002366863905325444
2022,2023,105,16,2,43,232,0.046511627906976744,0.008620689655172414,0.007326007326007326
2022,2023,105,100,41,43,48,0.9534883720930233,0.8541666666666666,0.82
2022,2023,106,161,39,40,43,0.975,0.9069767441860465,0.8863636363636364
2022,2023,107,16,1,54,232,0.018518518518518517,0.004310344827586207,0.0035087719298245615
2022,2023,107,70,1,54,185,0.018518518518518517,0.005405405405405406,0.004201680672268907
2022,2023,107,101,51,54,59,0.9444444444444444,0.864406779661017,0.8225806451612904
2022,2023,108,48,1,87,164,0.011494252873563218,0.006097560975609756,0.004
2022,2023,108,122,71,87,96,0.8160919540229885,0.7395833333333334,0.6339285714285714
2022,2023,109,16,1,65,232,0.015384615384615385,0.004310344827586207,0.0033783783783783786
2022,2023,109,101,1,65,59,0.015384615384615385,0.01694915254237288,0.008130081300813009
2022,2023,109,102,1,65,31,0.015384615384615385,0.03225806451612903,0.010526315789473684
2022,2023,109,103,54,65,57,0.8307692307692308,0.9473684210526315,0.7941176470588235
2022,2023,109,151,1,65,88,0.015384615384615385,0.011363636363636364,0.006578947368421052
2022,2023,110,102,28,37,31,0.7567567567567568,0.9032258064516129,0.7
2022,2023,111,119,40,43,43,0.9302325581395349,0.9302325581395349,0.8695652173913043
2022,2023,112,16,1,196,232,0.00510204081632653,0.004310344827586207,0.00234192037470726
2022,2023,112,46,1,196,135,0.00510204081632653,0.007407407407407408,0.0030303030303030303
2022,2023,112,114,1,196,48,0.00510204081632653,0.020833333333333332,0.00411522633744856
2022,2023,112,117,4,196,138,0.02040816326530612,0.028985507246376812,0.012121212121212121
2022,2023,112,121,164,196,176,0.8367346938775511,0.9318181818181818,0.7884615384615384
2022,2023,112,144,1,196,39,0.00510204081632653,0.02564102564102564,0.004273504273504274
2022,2023,112,171,1,196,345,0.00510204081632653,0.002898550724637681,0.001851851851851852
2022,2023,112,176,1,196,54,0.00510204081632653,0.018518518518518517,0.004016064257028112
2022,2023,113,91,1,51,695,0.0196078431372549,0.0014388489208633094,0.0013422818791946308
2022,2023,113,99,1,51,39,0.0196078431372549,0.02564102564102564,0.011235955056179775
2022,2023,113,109,26,51,70,0.5098039215686274,0.37142857142857144,0.2736842105263158
2022,2023,114,182,54,59,78,0.9152542372881356,0.6923076923076923,0.6506024096385542
2022,2023,115,81,33,100,34,0.33,0.9705882352941176,0.32673267326732675
2022,2023,115,82,40,100,41,0.4,0.975609756097561,0.39603960396039606
2022,2023,116,79,46,47,56,0.9787234042553191,0.8214285714285714,0.8070175438596491
2022,2023,116,82,1,47,41,0.02127659574468085,0.024390243902439025,0.011494252873563218
2022,2023,117,182,1,41,78,0.024390243902439025,0.01282051282051282,0.00847457627118644
2022,2023,117,186,32,41,32,0.7804878048780488,1,0.7804878048780488
2022,2023,117,187,1,41,86,0.024390243902439025,0.011627906976744186,0.007936507936507936
2022,2023,118,108,1,90,95,0.011111111111111112,0.010526315789473684,0.005434782608695652
2022,2023,118,187,71,90,86,0.7888888888888889,0.8255813953488372,0.6761904761904762
2022,2023,119,91,1,38,695,0.02631578947368421,0.0014388489208633094,0.001366120218579235
2022,2023,119,135,34,38,40,0.8947368421052632,0.85,0.7727272727272727
2022,2023,120,87,129,133,178,0.9699248120300752,0.7247191011235955,0.7087912087912088
2022,2023,121,180,1,89,59,0.011235955056179775,0.01694915254237288,0.006802721088435374
2022,2023,121,185,83,89,107,0.9325842696629213,0.7757009345794392,0.7345132743362832
2022,2023,122,111,3,48,238,0.0625,0.012605042016806723,0.01060070671378092
2022,2023,122,112,25,48,54,0.5208333333333334,0.46296296296296297,0.3246753246753247
2022,2023,123,88,1,136,140,0.007352941176470588,0.007142857142857143,0.0036363636363636364
2022,2023,123,94,1,136,33,0.007352941176470588,0.030303030303030304,0.005952380952380952
2022,2023,123,111,99,136,238,0.7279411764705882,0.41596638655462187,0.36
2022,2023,123,112,1,136,54,0.007352941176470588,0.018518518518518517,0.005291005291005291
2022,2023,124,131,33,38,50,0.868421052631579,0.66,0.6
2022,2023,125,127,86,97,93,0.8865979381443299,0.9247311827956989,0.8269230769230769
2022,2023,126,120,41,41,48,1,0.8541666666666666,0.8541666666666666
2022,2023,127,49,2,188,101,0.010638297872340425,0.019801980198019802,0.006968641114982578
2022,2023,127,91,1,188,695,0.005319148936170213,0.0014388489208633094,0.0011337868480725624
2022,2023,127,148,161,188,167,0.8563829787234043,0.9640718562874252,0.8298969072164949
2022,2023,128,86,155,162,163,0.9567901234567902,0.950920245398773,0.9117647058823529
2022,2023,128,87,4,162,178,0.024691358024691357,0.02247191011235955,0.011904761904761904
2022,2023,129,87,23,31,178,0.7419354838709677,0.12921348314606743,0.12365591397849462
2022,2023,130,117,1,105,138,0.009523809523809525,0.007246376811594203,0.004132231404958678
2022,2023,130,130,1,105,72,0.009523809523809525,0.013888888888888888,0.005681818181818182
2022,2023,130,131,1,105,50,0.009523809523809525,0.02,0.006493506493506494
2022,2023,130,132,100,105,113,0.9523809523809523,0.8849557522123894,0.847457627118644
2022,2023,131,130,63,66,72,0.9545454545454546,0.875,0.84
2022,2023,132,48,1,83,164,0.012048192771084338,0.006097560975609756,0.0040650406504065045
2022,2023,132,117,1,83,138,0.012048192771084338,0.007246376811594203,0.004545454545454545
2022,2023,132,132,1,83,113,0.012048192771084338,0.008849557522123894,0.005128205128205128
2022,2023,132,139,2,83,70,0.024096385542168676,0.02857142857142857,0.013245033112582781
2022,2023,132,140,70,83,81,0.8433734939759037,0.8641975308641975,0.7446808510638298
2022,2023,133,139,61,91,70,0.6703296703296703,0.8714285714285714,0.61
2022,2023,134,189,46,47,52,0.9787234042553191,0.8846153846153846,0.8679245283018868
2022,2023,135,123,1,73,85,0.0136986301369863,0.011764705882352941,0.006369426751592357
2022,2023,135,145,66,73,70,0.9041095890410958,0.9428571428571428,0.8571428571428571
2022,2023,135,152,2,73,299,0.0273972602739726,0.006688963210702341,0.005405405405405406
2022,2023,136,195,104,112,119,0.9285714285714286,0.8739495798319328,0.8188976377952756
2022,2023,137,195,6,74,119,0.08108108108108109,0.05042016806722689,0.03208556149732621
2022,2023,137,196,63,74,69,0.8513513513513513,0.9130434782608695,0.7875
2022,2023,138,190,40,42,95,0.9523809523809523,0.42105263157894735,0.41237113402061853
2022,2023,138,202,1,42,133,0.023809523809523808,0.007518796992481203,0.005747126436781609
2022,2023,139,190,31,34,95,0.9117647058823529,0.3263157894736842,0.3163265306122449
2022,2023,140,202,118,137,133,0.8613138686131386,0.8872180451127819,0.7763157894736842
2022,2023,140,203,2,137,97,0.014598540145985401,0.020618556701030927,0.008620689655172414
2022,2023,141,22,1,121,35,0.008264462809917356,0.02857142857142857,0.0064516129032258064
2022,2023,141,91,1,121,695,0.008264462809917356,0.0014388489208633094,0.001226993865030675
2022,2023,141,202,3,121,133,0.024793388429752067,0.022556390977443608,0.01195219123505976
2022,2023,141,203,91,121,97,0.7520661157024794,0.9381443298969072,0.7165354330708661
2022,2023,142,193,24,35,33,0.6857142857142857,0.7272727272727273,0.5454545454545454
2022,2023,143,194,58,63,64,0.9206349206349206,0.90625,0.8405797101449275
2022,2023,144,25,1,200,349,0.005,0.0028653295128939827,0.0018248175182481751
2022,2023,144,44,1,200,139,0.005,0.007194244604316547,0.0029585798816568047
2022,2023,144,149,192,200,212,0.96,0.9056603773584906,0.8727272727272727
2022,2023,144,208,1,200,782,0.005,0.0012787723785166241,0.0010193679918450561
2022,2023,145,91,1,107,695,0.009345794392523364,0.0014388489208633094,0.0012484394506866417
2022,2023,145,146,101,107,120,0.9439252336448598,0.8416666666666667,0.8015873015873016
2022,2023,146,151,84,89,88,0.9438202247191011,0.9545454545454546,0.9032258064516129
2022,2023,147,44,1,235,139,0.00425531914893617,0.007194244604316547,0.002680965147453083
2022,2023,147,99,3,235,39,0.01276595744680851,0.07692307692307693,0.01107011070110701
2022,2023,147,110,1,235,35,0.00425531914893617,0.02857142857142857,0.0037174721189591076
2022,2023,147,147,212,235,273,0.902127659574468,0.7765567765567766,0.7162162162162162
2022,2023,147,152,7,235,299,0.029787234042553193,0.023411371237458192,0.013282732447817837
2022,2023,148,5,1,92,109,0.010869565217391304,0.009174311926605505,0.005
2022,2023,148,150,56,92,61,0.6086956521739131,0.9180327868852459,0.5773195876288659
2022,2023,149,152,247,266,299,0.9285714285714286,0.8260869565217391,0.7767295597484277
2022,2023,150,153,82,83,296,0.9879518072289156,0.27702702702702703,0.2760942760942761
2022,2023,151,5,1,39,109,0.02564102564102564,0.009174311926605505,0.006802721088435374
2022,2023,151,118,30,39,32,0.7692307692307693,0.9375,0.7317073170731707
2022,2023,151,169,1,39,87,0.02564102564102564,0.011494252873563218,0.008
2022,2023,152,96,53,54,100,0.9814814814814815,0.53,0.5247524752475248
2022,2023,153,149,1,35,212,0.02857142857142857,0.0047169811320754715,0.0040650406504065045
2022,2023,153,153,24,35,296,0.6857142857142857,0.08108108108108109,0.0781758957654723
2022,2023,154,153,28,30,296,0.9333333333333333,0.0945945945945946,0.09395973154362416
2022,2023,155,91,1,54,695,0.018518518518518517,0.0014388489208633094,0.001336898395721925
2022,2023,155,153,51,54,296,0.9444444444444444,0.17229729729729729,0.1705685618729097
2022,2023,156,70,1,32,185,0.03125,0.005405405405405406,0.004629629629629629
2022,2023,156,91,2,32,695,0.0625,0.0028776978417266188,0.002758620689655172
2022,2023,156,96,28,32,100,0.875,0.28,0.2692307692307692
2022,2023,157,136,44,48,62,0.9166666666666666,0.7096774193548387,0.6666666666666666
2022,2023,157,208,1,48,782,0.020833333333333332,0.0012787723785166241,0.0012062726176115801
2022,2023,158,154,104,110,129,0.9454545454545454,0.8062015503875969,0.7703703703703704
2022,2023,158,166,1,110,108,0.00909090909090909,0.009259259259259259,0.004608294930875576
2022,2023,159,96,1,38,100,0.02631578947368421,0.01,0.0072992700729927005
2022,2023,159,180,16,38,59,0.42105263157894735,0.2711864406779661,0.19753086419753085
2022,2023,160,76,1,92,106,0.010869565217391304,0.009433962264150943,0.005076142131979695
2022,2023,160,179,88,92,114,0.9565217391304348,0.7719298245614035,0.7457627118644068
2022,2023,161,20,1,129,59,0.007751937984496124,0.01694915254237288,0.0053475935828877
2022,2023,161,181,122,129,170,0.9457364341085271,0.7176470588235294,0.6892655367231638
2022,2023,162,96,1,43,100,0.023255813953488372,0.01,0.007042253521126761
2022,2023,162,180,13,43,59,0.3023255813953488,0.22033898305084745,0.14606741573033707
2022,2023,162,181,21,43,170,0.4883720930232558,0.12352941176470589,0.109375
2022,2023,163,160,10,39,31,0.2564102564102564,0.3225806451612903,0.16666666666666666
2022,2023,163,171,1,39,345,0.02564102564102564,0.002898550724637681,0.0026109660574412533
2022,2023,164,137,46,46,67,1,0.6865671641791045,0.6865671641791045
2022,2023,165,164,31,76,34,0.40789473684210525,0.9117647058823529,0.3924050632911392
2022,2023,165,165,2,76,38,0.02631578947368421,0.05263157894736842,0.017857142857142856
2022,2023,165,171,1,76,345,0.013157894736842105,0.002898550724637681,0.002380952380952381
2022,2023,165,208,1,76,782,0.013157894736842105,0.0012787723785166241,0.0011668611435239206
2022,2023,166,165,30,41,38,0.7317073170731707,0.7894736842105263,0.6122448979591837
2022,2023,166,166,1,41,108,0.024390243902439025,0.009259259259259259,0.006756756756756757
2022,2023,167,166,99,115,108,0.8608695652173913,0.9166666666666666,0.7983870967741935
2022,2023,168,178,69,71,107,0.971830985915493,0.6448598130841121,0.6330275229357798
2022,2023,169,44,1,36,139,0.027777777777777776,0.007194244604316547,0.005747126436781609
2022,2023,169,177,28,36,33,0.7777777777777778,0.8484848484848485,0.6829268292682927
2022,2023,170,156,70,79,86,0.8860759493670886,0.813953488372093,0.7368421052631579
2022,2023,171,91,1,62,695,0.016129032258064516,0.0014388489208633094,0.0013227513227513227
2022,2023,171,183,42,62,49,0.6774193548387096,0.8571428571428571,0.6086956521739131
2022,2023,171,184,1,62,66,0.016129032258064516,0.015151515151515152,0.007874015748031496
2022,2023,171,206,1,62,111,0.016129032258064516,0.009009009009009009,0.005813953488372093
2022,2023,172,184,60,72,66,0.8333333333333334,0.9090909090909091,0.7692307692307693
2022,2023,173,14,1,993,40,0.0010070493454179255,0.025,9.689922480620155e-4
2022,2023,173,46,1,993,135,0.0010070493454179255,0.007407407407407408,8.873114463176575e-4
2022,2023,173,70,1,993,185,0.0010070493454179255,0.005405405405405406,8.496176720475786e-4
2022,2023,173,91,5,993,695,0.005035246727089627,0.007194244604316547,0.0029708853238265003
2022,2023,173,98,1,993,160,0.0010070493454179255,0.00625,8.680555555555555e-4
2022,2023,173,114,1,993,48,0.0010070493454179255,0.020833333333333332,9.615384615384616e-4
2022,2023,173,116,1,993,71,0.0010070493454179255,0.014084507042253521,9.407337723424271e-4
2022,2023,173,117,2,993,138,0.002014098690835851,0.014492753623188406,0.001771479185119575
2022,2023,173,126,1,993,355,0.0010070493454179255,0.0028169014084507044,7.423904974016332e-4
2022,2023,173,142,2,993,278,0.002014098690835851,0.007194244604316547,0.0015760441292356187
2022,2023,173,147,1,993,273,0.0010070493454179255,0.003663003663003663,7.905138339920949e-4
2022,2023,173,153,1,993,296,0.0010070493454179255,0.0033783783783783786,7.763975155279503e-4
2022,2023,173,166,1,993,108,0.0010070493454179255,0.009259259259259259,9.090909090909091e-4
2022,2023,173,174,1,993,52,0.0010070493454179255,0.019230769230769232,9.578544061302681e-4
2022,2023,173,207,28,993,32,0.028197381671701913,0.875,0.028084252758274825
2022,2023,173,208,726,993,782,0.7311178247734139,0.928388746803069,0.6920877025738799
2022,2023,173,209,2,993,240,0.002014098690835851,0.008333333333333333,0.0016246953696181965
2022,2023,174,167,53,53,299,1,0.17725752508361203,0.17725752508361203
2022,2023,175,91,1,110,695,0.00909090909090909,0.0014388489208633094,0.0012437810945273632
2022,2023,175,167,102,110,299,0.9272727272727272,0.3411371237458194,0.3322475570032573
2022,2023,176,170,30,34,34,0.8823529411764706,0.8823529411764706,0.7894736842105263
2022,2023,176,171,1,34,345,0.029411764705882353,0.002898550724637681,0.0026455026455026454
2022,2023,177,197,3,37,344,0.08108108108108109,0.00872093023255814,0.007936507936507936
2022,2023,177,198,27,37,31,0.7297297297297297,0.8709677419354839,0.6585365853658537
2022,2023,178,163,31,36,36,0.8611111111111112,0.8611111111111112,0.7560975609756098
2022,2023,179,162,24,31,36,0.7741935483870968,0.6666666666666666,0.5581395348837209
2022,2023,180,155,33,49,56,0.673469387755102,0.5892857142857143,0.4583333333333333
2022,2023,181,204,79,86,94,0.9186046511627907,0.8404255319148937,0.7821782178217822
2022,2023,182,16,1,371,232,0.0026954177897574125,0.004310344827586207,0.0016611295681063123
2022,2023,182,91,1,371,695,0.0026954177897574125,0.0014388489208633094,9.389671361502347e-4
2022,2023,182,188,6,371,30,0.016172506738544475,0.2,0.015189873417721518
2022,2023,182,197,309,371,344,0.8328840970350404,0.8982558139534884,0.7610837438423645
2022,2023,183,91,1,34,695,0.029411764705882353,0.0014388489208633094,0.0013736263736263737
2022,2023,183,171,31,34,345,0.9117647058823529,0.08985507246376812,0.08908045977011494
2022,2023,184,191,46,49,60,0.9387755102040817,0.7666666666666667,0.7301587301587301
2022,2023,185,0,1,144,184,0.006944444444444444,0.005434782608695652,0.0030581039755351682
2022,2023,185,1,1,144,52,0.006944444444444444,0.019230769230769232,0.005128205128205128
2022,2023,185,91,1,144,695,0.006944444444444444,0.0014388489208633094,0.0011933174224343676
2022,2023,185,206,98,144,111,0.6805555555555556,0.8828828828828829,0.6242038216560509
2022,2023,185,210,3,144,229,0.020833333333333332,0.013100436681222707,0.008108108108108109
2022,2023,186,23,2,164,35,0.012195121951219513,0.05714285714285714,0.01015228426395939
2022,2023,186,192,138,164,203,0.8414634146341463,0.6798029556650246,0.6026200873362445
2022,2023,187,192,33,35,203,0.9428571428571428,0.1625615763546798,0.16097560975609757
2022,2023,188,168,31,114,36,0.2719298245614035,0.8611111111111112,0.2605042016806723
2022,2023,188,169,73,114,87,0.6403508771929824,0.8390804597701149,0.5703125
2022,2023,189,171,254,282,345,0.900709219858156,0.736231884057971,0.6809651474530831
2022,2023,189,190,1,282,95,0.0035460992907801418,0.010526315789473684,0.0026595744680851063
2022,2023,190,200,20,62,233,0.3225806451612903,0.08583690987124463,0.07272727272727272
2022,2023,190,211,32,62,111,0.5161290322580645,0.2882882882882883,0.22695035460992907
2022,2023,191,20,1,216,59,0.004629629629629629,0.01694915254237288,0.0036496350364963502
2022,2023,191,103,1,216,57,0.004629629629629629,0.017543859649122806,0.003676470588235294
2022,2023,191,137,1,216,67,0.004629629629629629,0.014925373134328358,0.0035460992907801418
2022,2023,191,146,1,216,120,0.004629629629629629,0.008333333333333333,0.0029850746268656717
2022,2023,191,177,1,216,33,0.004629629629629629,0.030303030303030304,0.004032258064516129
2022,2023,191,180,19,216,59,0.08796296296296297,0.3220338983050847,0.07421875
2022,2023,191,200,162,216,233,0.75,0.6952789699570815,0.5644599303135889
2022,2023,191,201,1,216,68,0.004629629629629629,0.014705882352941176,0.0035335689045936395
2022,2023,192,201,59,62,68,0.9516129032258065,0.8676470588235294,0.8309859154929577
2022,2023,193,91,2,81,695,0.024691358024691357,0.0028776978417266188,0.002583979328165375
2022,2023,193,205,75,81,94,0.9259259259259259,0.7978723404255319,0.75
2022,2023,194,155,1,43,56,0.023255813953488372,0.017857142857142856,0.01020408163265306
2022,2023,194,205,14,43,94,0.32558139534883723,0.14893617021276595,0.11382113821138211
2022,2023,194,209,18,43,240,0.4186046511627907,0.075,0.06792452830188679
2022,2023,195,45,1,42,163,0.023809523809523808,0.006134969325153374,0.004901960784313725
2022,2023,195,199,35,42,40,0.8333333333333334,0.875,0.7446808510638298
2022,2023,195,211,2,42,111,0.047619047619047616,0.018018018018018018,0.013245033112582781
2022,2023,196,76,1,60,106,0.016666666666666666,0.009433962264150943,0.006060606060606061
2022,2023,196,91,2,60,695,0.03333333333333333,0.0028776978417266188,0.0026560424966799467
2022,2023,196,208,1,60,782,0.016666666666666666,0.0012787723785166241,0.0011890606420927466
2022,2023,196,211,42,60,111,0.7,0.3783783783783784,0.32558139534883723
2022,2023,197,209,59,63,240,0.9365079365079365,0.24583333333333332,0.24180327868852458
2022,2023,198,209,85,88,240,0.9659090909090909,0.3541666666666667,0.3497942386831276
2022,2023,199,91,1,57,695,0.017543859649122806,0.0014388489208633094,0.0013315579227696406
2022,2023,199,204,1,57,94,0.017543859649122806,0.010638297872340425,0.006666666666666667
2022,2023,199,210,50,57,229,0.8771929824561403,0.2183406113537118,0.211864406779661
2022,2023,200,91,1,161,695,0.006211180124223602,0.0014388489208633094,0.0011695906432748538
2022,2023,200,171,1,161,345,0.006211180124223602,0.002898550724637681,0.0019801980198019802
2022,2023,200,210,138,161,229,0.8571428571428571,0.6026200873362445,0.5476190476190477
2022,2023,200,211,1,161,111,0.006211180124223602,0.009009009009009009,0.0036900369003690036
2023,2024,0,0,182,184,185,0.9891304347826086,0.9837837837837838,0.9732620320855615
2023,2024,0,191,1,184,138,0.005434782608695652,0.007246376811594203,0.003115264797507788
2023,2024,1,6,48,52,48,0.9230769230769231,1,0.9230769230769231
2023,2024,1,46,1,52,535,0.019230769230769232,0.001869158878504673,0.0017064846416382253
2023,2024,1,191,1,52,138,0.019230769230769232,0.007246376811594203,0.005291005291005291
2023,2024,2,2,32,33,35,0.9696969696969697,0.9142857142857143,0.8888888888888888
2023,2024,3,5,34,35,36,0.9714285714285714,0.9444444444444444,0.918918918918919
2023,2024,3,109,1,35,614,0.02857142857142857,0.0016286644951140066,0.0015432098765432098
2023,2024,4,3,44,46,48,0.9565217391304348,0.9166666666666666,0.88
2023,2024,4,46,2,46,535,0.043478260869565216,0.003738317757009346,0.0034542314335060447
2023,2024,5,4,105,109,113,0.963302752293578,0.9292035398230089,0.8974358974358975
2023,2024,5,31,1,109,348,0.009174311926605505,0.0028735632183908046,0.0021929824561403508
2023,2024,5,50,1,109,1106,0.009174311926605505,9.041591320072332e-4,8.237232289950577e-4
2023,2024,6,7,52,57,52,0.9122807017543859,1,0.9122807017543859
2023,2024,7,18,109,112,111,0.9732142857142857,0.9819819819819819,0.956140350877193
2023,2024,7,46,1,112,535,0.008928571428571428,0.001869158878504673,0.0015479876160990713
2023,2024,7,106,1,112,84,0.008928571428571428,0.011904761904761904,0.005128205128205128
2023,2024,8,1,25,30,134,0.8333333333333334,0.1865671641791045,0.17985611510791366
2023,2024,9,1,89,89,134,1,0.664179104477612,0.664179104477612
2023,2024,10,17,68,69,69,0.9855072463768116,0.9855072463768116,0.9714285714285714
2023,2024,10,109,1,69,614,0.014492753623188406,0.0016286644951140066,0.001466275659824047
2023,2024,11,11,32,38,35,0.8421052631578947,0.9142857142857143,0.7804878048780488
2023,2024,12,10,56,70,62,0.8,0.9032258064516129,0.7368421052631579
2023,2024,13,8,55,61,67,0.9016393442622951,0.8208955223880597,0.7534246575342466
2023,2024,14,9,37,40,40,0.925,0.925,0.8604651162790697
2023,2024,14,46,1,40,535,0.025,0.001869158878504673,0.0017421602787456446
2023,2024,16,44,4,232,41,0.017241379310344827,0.0975609756097561,0.01486988847583643
2023,2024,16,45,217,232,244,0.9353448275862069,0.889344262295082,0.8378378378378378
2023,2024,16,46,4,232,535,0.017241379310344827,0.007476635514018692,0.005242463958060288
2023,2024,16,53,1,232,104,0.004310344827586207,0.009615384615384616,0.0029850746268656717
2023,2024,16,75,1,232,113,0.004310344827586207,0.008849557522123894,0.0029069767441860465
2023,2024,17,44,33,35,41,0.9428571428571428,0.8048780487804879,0.7674418604651163
2023,2024,17,46,1,35,535,0.02857142857142857,0.001869158878504673,0.0017574692442882249
2023,2024,18,14,32,38,32,0.8421052631578947,1,0.8421052631578947
2023,2024,19,21,31,41,31,0.7560975609756098,1,0.7560975609756098
2023,2024,19,109,1,41,614,0.024390243902439025,0.0016286644951140066,0.0015290519877675841
2023,2024,19,116,1,41,129,0.024390243902439025,0.007751937984496124,0.005917159763313609
2023,2024,20,29,56,59,58,0.9491525423728814,0.9655172413793104,0.9180327868852459
2023,2024,20,98,1,59,46,0.01694915254237288,0.021739130434782608,0.009615384615384616
2023,2024,20,185,1,59,44,0.01694915254237288,0.022727272727272728,0.00980392156862745
2023,2024,21,89,1,31,121,0.03225806451612903,0.008264462809917356,0.006622516556291391
2023,2024,22,12,29,35,66,0.8285714285714286,0.4393939393939394,0.4027777777777778
2023,2024,22,37,1,35,56,0.02857142857142857,0.017857142857142856,0.011111111111111112
2023,2024,22,120,1,35,93,0.02857142857142857,0.010752688172043012,0.007874015748031496
2023,2024,22,191,1,35,138,0.02857142857142857,0.007246376811594203,0.005813953488372093
2023,2024,23,12,35,35,66,1,0.5303030303030303,0.5303030303030303
2023,2024,24,51,85,90,90,0.9444444444444444,0.9444444444444444,0.8947368421052632
2023,2024,24,52,1,90,104,0.011111111111111112,0.009615384615384616,0.0051813471502590676
2023,2024,24,55,1,90,119,0.011111111111111112,0.008403361344537815,0.004807692307692308
2023,2024,25,1,1,349,134,0.0028653295128939827,0.007462686567164179,0.002074688796680498
2023,2024,25,20,1,349,133,0.0028653295128939827,0.007518796992481203,0.002079002079002079
2023,2024,25,46,12,349,535,0.034383954154727794,0.022429906542056073,0.013761467889908258
2023,2024,25,47,7,349,161,0.02005730659025788,0.043478260869565216,0.013916500994035786
2023,2024,25,48,298,349,322,0.8538681948424068,0.9254658385093167,0.7989276139410187
2023,2024,25,73,1,349,33,0.0028653295128939827,0.030303030303030304,0.0026246719160104987
2023,2024,25,97,1,349,112,0.0028653295128939827,0.008928571428571428,0.002173913043478261
2023,2024,25,105,1,349,36,0.0028653295128939827,0.027777777777777776,0.0026041666666666665
2023,2024,25,110,1,349,45,0.0028653295128939827,0.022222222222222223,0.002544529262086514
2023,2024,25,177,1,349,137,0.0028653295128939827,0.0072992700729927005,0.002061855670103093
2023,2024,26,26,4,45,42,0.08888888888888889,0.09523809523809523,0.04819277108433735
2023,2024,26,33,39,45,41,0.8666666666666667,0.9512195121951219,0.8297872340425532
2023,2024,27,26,2,50,42,0.04,0.047619047619047616,0.022222222222222223
2023,2024,27,34,22,50,92,0.44,0.2391304347826087,0.18333333333333332
2023,2024,28,24,52,55,57,0.9454545454545454,0.9122807017543859,0.8666666666666667
2023,2024,29,23,47,51,92,0.9215686274509803,0.5108695652173914,0.4895833333333333
2023,2024,30,26,2,30,42,0.06666666666666667,0.047619047619047616,0.02857142857142857
2023,2024,31,25,46,75,49,0.6133333333333333,0.9387755102040817,0.5897435897435898
2023,2024,31,26,7,75,42,0.09333333333333334,0.16666666666666666,0.06363636363636363
2023,2024,32,23,36,42,92,0.8571428571428571,0.391304347826087,0.3673469387755102
2023,2024,32,26,3,42,42,0.07142857142857142,0.07142857142857142,0.037037037037037035
2023,2024,33,27,39,45,41,0.8666666666666667,0.9512195121951219,0.8297872340425532
2023,2024,34,26,1,49,42,0.02040816326530612,0.023809523809523808,0.011111111111111112
2023,2024,34,34,44,49,92,0.8979591836734694,0.4782608695652174,0.4536082474226804
2023,2024,35,78,30,30,30,1,1,1
2023,2024,36,22,9,76,77,0.11842105263157894,0.11688311688311688,0.0625
2023,2024,36,23,1,76,92,0.013157894736842105,0.010869565217391304,0.005988023952095809
2023,2024,36,24,1,76,57,0.013157894736842105,0.017543859649122806,0.007575757575757576
2023,2024,36,25,2,76,49,0.02631578947368421,0.04081632653061224,0.016260162601626018
2023,2024,36,26,14,76,42,0.18421052631578946,0.3333333333333333,0.1346153846153846
2023,2024,36,33,1,76,41,0.013157894736842105,0.024390243902439025,0.008620689655172414
2023,2024,36,34,3,76,92,0.039473684210526314,0.03260869565217391,0.01818181818181818
2023,2024,37,22,61,68,77,0.8970588235294118,0.7922077922077922,0.7261904761904762
2023,2024,37,26,1,68,42,0.014705882352941176,0.023809523809523808,0.009174311926605505
2023,2024,38,38,47,51,49,0.9215686274509803,0.9591836734693877,0.8867924528301887
2023,2024,38,81,1,51,81,0.0196078431372549,0.012345679012345678,0.007633587786259542
2023,2024,39,32,44,47,50,0.9361702127659575,0.88,0.8301886792452831
2023,2024,40,73,31,34,33,0.9117647058823529,0.9393939393939394,0.8611111111111112
2023,2024,40,109,1,34,614,0.029411764705882353,0.0016286644951140066,0.0015455950540958269
2023,2024,42,46,1,74,535,0.013513513513513514,0.001869158878504673,0.001644736842105263
2023,2024,42,49,44,74,48,0.5945945945945946,0.9166666666666666,0.5641025641025641
2023,2024,42,55,4,74,119,0.05405405405405406,0.03361344537815126,0.021164021164021163
2023,2024,43,13,38,38,38,1,1,1
2023,2024,44,54,128,139,144,0.920863309352518,0.8888888888888888,0.8258064516129032
2023,2024,45,30,1,163,46,0.006134969325153374,0.021739130434782608,0.004807692307692308
2023,2024,45,46,3,163,535,0.018404907975460124,0.005607476635514018,0.004316546762589928
2023,2024,45,47,149,163,161,0.9141104294478528,0.9254658385093167,0.8514285714285714
2023,2024,45,48,1,163,322,0.006134969325153374,0.003105590062111801,0.002066115702479339
2023,2024,45,144,2,163,93,0.012269938650306749,0.021505376344086023,0.007874015748031496
2023,2024,46,37,1,135,56,0.007407407407407408,0.017857142857142856,0.005263157894736842
2023,2024,46,42,78,135,115,0.5777777777777777,0.6782608695652174,0.45348837209302323
2023,2024,46,43,38,135,41,0.2814814814814815,0.926829268292683,0.2753623188405797
2023,2024,46,46,4,135,535,0.02962962962962963,0.007476635514018692,0.006006006006006006
2023,2024,46,50,1,135,1106,0.007407407407407408,9.041591320072332e-4,8.064516129032258e-4
2023,2024,46,141,1,135,156,0.007407407407407408,0.00641025641025641,0.0034482758620689655
2023,2024,47,39,29,30,33,0.9666666666666667,0.8787878787878788,0.8529411764705882
2023,2024,48,39,1,164,33,0.006097560975609756,0.030303030303030304,0.00510204081632653
2023,2024,48,40,155,164,163,0.9451219512195121,0.950920245398773,0.9011627906976745
2023,2024,48,91,1,164,91,0.006097560975609756,0.01098901098901099,0.003937007874015748
2023,2024,48,143,1,164,96,0.006097560975609756,0.010416666666666666,0.003861003861003861
2023,2024,48,177,1,164,137,0.006097560975609756,0.0072992700729927005,0.0033333333333333335
2023,2024,49,46,1,101,535,0.009900990099009901,0.001869158878504673,0.0015748031496062992
2023,2024,49,53,92,101,104,0.9108910891089109,0.8846153846153846,0.8141592920353983
2023,2024,49,138,1,101,95,0.009900990099009901,0.010526315789473684,0.005128205128205128
2023,2024,49,147,3,101,156,0.0297029702970297,0.019230769230769232,0.011811023622047244
2023,2024,50,46,1,31,535,0.03225806451612903,0.001869158878504673,0.0017699115044247787
2023,2024,50,61,26,31,30,0.8387096774193549,0.8666666666666667,0.7428571428571429
2023,2024,51,66,32,35,148,0.9142857142857143,0.21621621621621623,0.2119205298013245
2023,2024,52,66,31,31,148,1,0.20945945945945946,0.20945945945945946
2023,2024,53,66,51,52,148,0.9807692307692307,0.34459459459459457,0.3422818791946309
2023,2024,54,67,32,32,115,1,0.2782608695652174,0.2782608695652174
2023,2024,55,67,55,55,115,1,0.4782608695652174,0.4782608695652174
2023,2024,56,36,36,37,37,0.972972972972973,0.972972972972973,0.9473684210526315
2023,2024,57,41,56,58,58,0.9655172413793104,0.9655172413793104,0.9333333333333333
2023,2024,58,70,44,45,123,0.9777777777777777,0.35772357723577236,0.3548387096774194
2023,2024,59,65,1,79,119,0.012658227848101266,0.008403361344537815,0.005076142131979695
2023,2024,59,69,1,79,110,0.012658227848101266,0.00909090909090909,0.005319148936170213
2023,2024,59,70,72,79,123,0.9113924050632911,0.5853658536585366,0.5538461538461539
2023,2024,60,28,1,46,33,0.021739130434782608,0.030303030303030304,0.01282051282051282
2023,2024,60,56,31,46,51,0.6739130434782609,0.6078431372549019,0.4696969696969697
2023,2024,61,28,4,48,33,0.08333333333333333,0.12121212121212122,0.05194805194805195
2023,2024,61,37,20,48,56,0.4166666666666667,0.35714285714285715,0.23809523809523808
2023,2024,62,46,2,112,535,0.017857142857142856,0.003738317757009346,0.0031007751937984496
2023,2024,62,50,109,112,1106,0.9732142857142857,0.09855334538878843,0.09828674481514878
2023,2024,62,73,1,112,33,0.008928571428571428,0.030303030303030304,0.006944444444444444
2023,2024,63,37,2,399,56,0.005012531328320802,0.03571428571428571,0.004415011037527594
2023,2024,63,57,349,399,356,0.87468671679198,0.9803370786516854,0.8596059113300493
2023,2024,63,62,1,399,37,0.002506265664160401,0.02702702702702703,0.0022988505747126436
2023,2024,63,69,1,399,110,0.002506265664160401,0.00909090909090909,0.001968503937007874
2023,2024,64,55,75,80,119,0.9375,0.6302521008403361,0.6048387096774194
2023,2024,65,60,32,47,35,0.6808510638297872,0.9142857142857143,0.64
2023,2024,66,55,1,130,119,0.007692307692307693,0.008403361344537815,0.004032258064516129
2023,2024,66,59,112,130,119,0.8615384615384616,0.9411764705882353,0.8175182481751825
2023,2024,66,60,2,130,35,0.015384615384615385,0.05714285714285714,0.012269938650306749
2023,2024,67,74,34,34,35,1,0.9714285714285714,0.9714285714285714
2023,2024,68,50,45,45,1106,1,0.0406871609403255,0.0406871609403255
2023,2024,69,50,39,41,1106,0.9512195121951219,0.0352622061482821,0.0351985559566787
2023,2024,70,46,1,185,535,0.005405405405405406,0.001869158878504673,0.0013908205841446453
2023,2024,70,50,180,185,1106,0.972972972972973,0.162748643761302,0.162016201620162
2023,2024,71,35,1,48,34,0.020833333333333332,0.029411764705882353,0.012345679012345678
2023,2024,71,42,27,48,115,0.5625,0.23478260869565218,0.19852941176470587
2023,2024,71,112,1,48,75,0.020833333333333332,0.013333333333333334,0.00819672131147541
2023,2024,72,16,61,61,61,1,1,1
2023,2024,73,64,40,61,51,0.6557377049180327,0.7843137254901961,0.5555555555555556
2023,2024,74,45,1,60,244,0.016666666666666666,0.004098360655737705,0.0033003300330033004
2023,2024,74,50,57,60,1106,0.95,0.051537070524412296,0.05139765554553652
2023,2024,75,50,47,48,1106,0.9791666666666666,0.042495479204339964,0.04245709123757904
2023,2024,76,92,1,106,174,0.009433962264150943,0.005747126436781609,0.0035842293906810036
2023,2024,76,114,96,106,101,0.9056603773584906,0.9504950495049505,0.8648648648648649
2023,2024,76,176,2,106,65,0.018867924528301886,0.03076923076923077,0.011834319526627219
2023,2024,77,58,40,43,91,0.9302325581395349,0.43956043956043955,0.425531914893617
2023,2024,78,50,41,41,1106,1,0.037070524412296565,0.037070524412296565
2023,2024,79,92,56,56,174,1,0.3218390804597701,0.3218390804597701
2023,2024,80,50,70,70,1106,1,0.06329113924050633,0.06329113924050633
2023,2024,81,92,34,34,174,1,0.19540229885057472,0.19540229885057472
2023,2024,82,92,41,41,174,1,0.23563218390804597,0.23563218390804597
2023,2024,83,58,33,38,91,0.868421052631579,0.3626373626373626,0.34375
2023,2024,84,50,35,35,1106,1,0.03164556962025317,0.03164556962025317
2023,2024,85,50,142,142,1106,1,0.12839059674502712,0.12839059674502712
2023,2024,86,94,159,163,169,0.9754601226993865,0.9408284023668639,0.9190751445086706
2023,2024,87,46,1,178,535,0.0056179775280898875,0.001869158878504673,0.0014044943820224719
2023,2024,87,57,1,178,356,0.0056179775280898875,0.0028089887640449437,0.001876172607879925
2023,2024,87,93,33,178,45,0.1853932584269663,0.7333333333333333,0.1736842105263158
2023,2024,87,94,1,178,169,0.0056179775280898875,0.005917159763313609,0.002890173410404624
2023,2024,87,95,136,178,142,0.7640449438202247,0.9577464788732394,0.7391304347826086
2023,2024,88,58,3,140,91,0.02142857142857143,0.03296703296703297,0.013157894736842105
2023,2024,88,65,1,140,119,0.007142857142857143,0.008403361344537815,0.003875968992248062
2023,2024,88,69,88,140,110,0.6285714285714286,0.8,0.5432098765432098
2023,2024,88,89,6,140,121,0.04285714285714286,0.049586776859504134,0.023529411764705882
2023,2024,89,28,1,124,33,0.008064516129032258,0.030303030303030304,0.00641025641025641
2023,2024,89,56,13,124,51,0.10483870967741936,0.2549019607843137,0.08024691358024691
2023,2024,89,65,95,124,119,0.7661290322580645,0.7983193277310925,0.6418918918918919
2023,2024,90,27,1,116,41,0.008620689655172414,0.024390243902439025,0.00641025641025641
2023,2024,90,28,1,116,33,0.008620689655172414,0.030303030303030304,0.006756756756756757
2023,2024,90,52,93,116,104,0.8017241379310345,0.8942307692307693,0.7322834645669292
2023,2024,90,58,1,116,91,0.008620689655172414,0.01098901098901099,0.0048543689320388345
2023,2024,90,85,1,116,81,0.008620689655172414,0.012345679012345678,0.00510204081632653
2023,2024,91,1,3,695,134,0.004316546762589928,0.022388059701492536,0.0036319612590799033
2023,2024,91,3,1,695,48,0.0014388489208633094,0.020833333333333332,0.0013477088948787063
2023,2024,91,4,4,695,113,0.0057553956834532375,0.035398230088495575,0.004975124378109453
2023,2024,91,11,1,695,35,0.0014388489208633094,0.02857142857142857,0.0013717421124828531
2023,2024,91,22,1,695,77,0.0014388489208633094,0.012987012987012988,0.0012970168612191958
2023,2024,91,23,1,695,92,0.0014388489208633094,0.010869565217391304,0.001272264631043257
2023,2024,91,26,1,695,42,0.0014388489208633094,0.023809523809523808,0.001358695652173913
2023,2024,91,28,10,695,33,0.014388489208633094,0.30303030303030304,0.013927576601671309
2023,2024,91,33,1,695,41,0.0014388489208633094,0.024390243902439025,0.0013605442176870747
2023,2024,91,34,1,695,92,0.0014388489208633094,0.010869565217391304,0.001272264631043257
2023,2024,91,35,2,695,34,0.0028776978417266188,0.058823529411764705,0.002751031636863824
2023,2024,91,37,4,695,56,0.0057553956834532375,0.07142857142857142,0.00535475234270415
2023,2024,91,39,2,695,33,0.0028776978417266188,0.06060606060606061,0.0027548209366391185
2023,2024,91,40,2,695,163,0.0028776978417266188,0.012269938650306749,0.002336448598130841
2023,2024,91,41,1,695,58,0.0014388489208633094,0.017241379310344827,0.0013297872340425532
2023,2024,91,42,1,695,115,0.0014388489208633094,0.008695652173913044,0.0012360939431396785
2023,2024,91,43,1,695,41,0.0014388489208633094,0.024390243902439025,0.0013605442176870747
2023,2024,91,45,7,695,244,0.010071942446043165,0.028688524590163935,0.0075107296137339056
2023,2024,91,46,322,695,535,0.4633093525179856,0.6018691588785047,0.35462555066079293
2023,2024,91,47,1,695,161,0.0014388489208633094,0.006211180124223602,0.0011695906432748538
2023,2024,91,48,6,695,322,0.008633093525179856,0.018633540372670808,0.005934718100890208
2023,2024,91,50,3,695,1106,0.004316546762589928,0.0027124773960217,0.0016685205784204673
2023,2024,91,53,1,695,104,0.0014388489208633094,0.009615384615384616,0.0012531328320802004
2023,2024,91,56,1,695,51,0.0014388489208633094,0.0196078431372549,0.0013422818791946308
2023,2024,91,58,1,695,91,0.0014388489208633094,0.01098901098901099,0.0012738853503184713
2023,2024,91,65,1,695,119,0.0014388489208633094,0.008403361344537815,0.0012300123001230013
2023,2024,91,66,1,695,148,0.0014388489208633094,0.006756756756756757,0.0011876484560570072
2023,2024,91,68,1,695,32,0.0014388489208633094,0.03125,0.0013774104683195593
2023,2024,91,72,2,695,105,0.0028776978417266188,0.01904761904761905,0.002506265664160401
2023,2024,91,75,1,695,113,0.0014388489208633094,0.008849557522123894,0.0012391573729863693
2023,2024,91,80,1,695,45,0.0014388489208633094,0.022222222222222223,0.0013531799729364006
2023,2024,91,83,1,695,58,0.0014388489208633094,0.017241379310344827,0.0013297872340425532
2023,2024,91,91,1,695,91,0.0014388489208633094,0.01098901098901099,0.0012738853503184713
2023,2024,91,92,1,695,174,0.0014388489208633094,0.005747126436781609,0.001152073732718894
2023,2024,91,97,1,695,112,0.0014388489208633094,0.008928571428571428,0.0012406947890818859
2023,2024,91,99,1,695,74,0.0014388489208633094,0.013513513513513514,0.0013020833333333333
2023,2024,91,103,1,695,32,0.0014388489208633094,0.03125,0.0013774104683195593
2023,2024,91,109,5,695,614,0.007194244604316547,0.008143322475570033,0.003834355828220859
2023,2024,91,110,2,695,45,0.0028776978417266188,0.044444444444444446,0.0027100271002710027
2023,2024,91,115,1,695,38,0.0014388489208633094,0.02631578947368421,0.001366120218579235
2023,2024,91,117,1,695,40,0.0014388489208633094,0.025,0.0013623978201634877
2023,2024,91,119,1,695,81,0.0014388489208633094,0.012345679012345678,0.0012903225806451613
2023,2024,91,127,1,695,30,0.0014388489208633094,0.03333333333333333,0.0013812154696132596
2023,2024,91,128,1,695,30,0.0014388489208633094,0.03333333333333333,0.0013812154696132596
2023,2024,91,131,1,695,35,0.0014388489208633094,0.02857142857142857,0.0013717421124828531
2023,2024,91,132,1,695,104,0.0014388489208633094,0.009615384615384616,0.0012531328320802004
2023,2024,91,134,1,695,42,0.0014388489208633094,0.023809523809523808,0.001358695652173913
2023,2024,91,137,1,695,162,0.0014388489208633094,0.006172839506172839,0.0011682242990654205
2023,2024,91,142,1,695,32,0.0014388489208633094,0.03125,0.0013774104683195593
2023,2024,91,145,1,695,97,0.0014388489208633094,0.010309278350515464,0.0012642225031605564
2023,2024,91,150,1,695,90,0.0014388489208633094,0.011111111111111112,0.0012755102040816326
2023,2024,91,154,1,695,66,0.0014388489208633094,0.015151515151515152,0.0013157894736842105
2023,2024,91,155,1,695,137,0.0014388489208633094,0.0072992700729927005,0.0012033694344163659
2023,2024,91,163,1,695,134,0.0014388489208633094,0.007462686567164179,0.0012077294685990338
2023,2024,91,174,1,695,33,0.0014388489208633094,0.030303030303030304,0.001375515818431912
2023,2024,91,177,1,695,137,0.0014388489208633094,0.0072992700729927005,0.0012033694344163659
2023,2024,91,179,1,695,53,0.0014388489208633094,0.018867924528301886,0.0013386880856760374
2023,2024,91,181,2,695,388,0.0028776978417266188,0.005154639175257732,0.0018501387604070306
2023,2024,91,186,2,695,151,0.0028776978417266188,0.013245033112582781,0.002369668246445498
2023,2024,91,188,1,695,74,0.0014388489208633094,0.013513513513513514,0.0013020833333333333
2023,2024,91,190,7,695,79,0.010071942446043165,0.08860759493670886,0.009126466753585397
2023,2024,91,192,1,695,52,0.0014388489208633094,0.019230769230769232,0.0013404825737265416
2023,2024,91,194,1,695,172,0.0014388489208633094,0.005813953488372093,0.0011547344110854503
2023,2024,91,197,2,695,715,0.0028776978417266188,0.002797202797202797,0.0014204545454545455
2023,2024,91,198,2,695,224,0.0028776978417266188,0.008928571428571428,0.0021810250817884407
2023,2024,92,8,3,105,67,0.02857142857142857,0.04477611940298507,0.01775147928994083
2023,2024,92,46,2,105,535,0.01904761904761905,0.003738317757009346,0.003134796238244514
2023,2024,92,72,97,105,105,0.9238095238095239,0.9238095238095239,0.8584070796460177
2023,2024,92,111,1,105,69,0.009523809523809525,0.014492753623188406,0.005780346820809248
2023,2024,93,79,54,73,59,0.7397260273972602,0.9152542372881356,0.6923076923076923
2023,2024,94,62,29,33,37,0.8787878787878788,0.7837837837837838,0.7073170731707317
2023,2024,95,58,1,31,91,0.03225806451612903,0.01098901098901099,0.008264462809917356
2023,2024,95,63,19,31,149,0.6129032258064516,0.12751677852348994,0.11801242236024845
2023,2024,96,0,1,100,185,0.01,0.005405405405405406,0.0035211267605633804
2023,2024,96,61,1,100,30,0.01,0.03333333333333333,0.007751937984496124
2023,2024,96,68,29,100,32,0.29,0.90625,0.2815533980582524
2023,2024,96,156,55,100,59,0.55,0.9322033898305084,0.5288461538461539
2023,2024,96,174,1,100,33,0.01,0.030303030303030304,0.007575757575757576
2023,2024,96,178,1,100,39,0.01,0.02564102564102564,0.007246376811594203
2023,2024,97,76,48,56,54,0.8571428571428571,0.8888888888888888,0.7741935483870968
2023,2024,97,77,1,56,169,0.017857142857142856,0.005917159763313609,0.004464285714285714
2023,2024,98,28,1,160,33,0.00625,0.030303030303030304,0.005208333333333333
2023,2024,98,46,1,160,535,0.00625,0.001869158878504673,0.001440922190201729
2023,2024,98,77,136,160,169,0.85,0.8047337278106509,0.7046632124352331
2023,2024,99,81,34,39,81,0.8717948717948718,0.41975308641975306,0.3953488372093023
2023,2024,100,15,48,48,48,1,1,1
2023,2024,101,82,53,59,58,0.8983050847457628,0.9137931034482759,0.828125
2023,2024,101,97,1,59,112,0.01694915254237288,0.008928571428571428,0.0058823529411764705
2023,2024,101,111,1,59,69,0.01694915254237288,0.014492753623188406,0.007874015748031496
2023,2024,102,84,29,31,33,0.9354838709677419,0.8787878787878788,0.8285714285714286
2023,2024,103,83,53,57,58,0.9298245614035088,0.9137931034482759,0.8548387096774194
2023,2024,103,178,1,57,39,0.017543859649122806,0.02564102564102564,0.010526315789473684
2023,2024,104,85,48,55,81,0.8727272727272727,0.5925925925925926,0.5454545454545454
2023,2024,104,86,1,55,41,0.01818181818181818,0.024390243902439025,0.010526315789473684
2023,2024,105,63,74,86,149,0.8604651162790697,0.49664429530201343,0.45962732919254656
2023,2024,106,118,37,37,45,1,0.8222222222222222,0.8222222222222222
2023,2024,107,30,42,45,46,0.9333333333333333,0.9130434782608695,0.8571428571428571
2023,2024,107,140,1,45,97,0.022222222222222223,0.010309278350515464,0.0070921985815602835
2023,2024,108,40,1,95,163,0.010526315789473684,0.006134969325153374,0.0038910505836575876
2023,2024,108,46,4,95,535,0.042105263157894736,0.007476635514018692,0.006389776357827476
2023,2024,108,48,1,95,322,0.010526315789473684,0.003105590062111801,0.002403846153846154
2023,2024,108,91,81,95,91,0.8526315789473684,0.8901098901098901,0.7714285714285715
2023,2024,108,130,1,95,123,0.010526315789473684,0.008130081300813009,0.004608294930875576
2023,2024,108,174,1,95,33,0.010526315789473684,0.030303030303030304,0.007874015748031496
2023,2024,109,37,1,70,56,0.014285714285714285,0.017857142857142856,0.008
2023,2024,109,81,23,70,81,0.32857142857142857,0.2839506172839506,0.1796875
2023,2024,110,71,35,35,49,1,0.7142857142857143,0.7142857142857143
2023,2024,111,63,1,238,149,0.004201680672268907,0.006711409395973154,0.0025906735751295338
2023,2024,111,69,1,238,110,0.004201680672268907,0.00909090909090909,0.002881844380403458
2023,2024,111,85,1,238,81,0.004201680672268907,0.012345679012345678,0.0031446540880503146
2023,2024,111,86,22,238,41,0.09243697478991597,0.5365853658536586,0.08560311284046693
2023,2024,111,89,64,238,121,0.2689075630252101,0.5289256198347108,0.21694915254237288
2023,2024,111,90,2,238,32,0.008403361344537815,0.0625,0.007462686567164179
2023,2024,112,86,2,54,41,0.037037037037037035,0.04878048780487805,0.021505376344086023
2023,2024,112,89,6,54,121,0.1111111111111111,0.049586776859504134,0.03550295857988166
2023,2024,112,90,25,54,32,0.46296296296296297,0.78125,0.4098360655737705
2023,2024,113,46,1,115,535,0.008695652173913044,0.001869158878504673,0.0015408320493066256
2023,2024,113,120,87,115,93,0.7565217391304347,0.9354838709677419,0.71900826446281
2023,2024,113,121,1,115,66,0.008695652173913044,0.015151515151515152,0.005555555555555556
2023,2024,113,164,1,115,82,0.008695652173913044,0.012195121951219513,0.00510204081632653
2023,2024,113,197,1,115,715,0.008695652173913044,0.0013986013986013986,0.0012062726176115801
2023,2024,114,102,46,48,46,0.9583333333333334,1,0.9583333333333334
2023,2024,114,141,1,48,156,0.020833333333333332,0.00641025641025641,0.0049261083743842365
2023,2024,115,46,1,33,535,0.030303030303030304,0.001869158878504673,0.001763668430335097
2023,2024,115,121,22,33,66,0.6666666666666666,0.3333333333333333,0.2857142857142857
2023,2024,116,112,70,71,75,0.9859154929577465,0.9333333333333333,0.9210526315789473
2023,2024,117,19,2,138,32,0.014492753623188406,0.0625,0.011904761904761904
2023,2024,117,20,125,138,133,0.9057971014492754,0.9398496240601504,0.8561643835616438
2023,2024,117,46,1,138,535,0.007246376811594203,0.001869158878504673,0.001488095238095238
2023,2024,117,97,1,138,112,0.007246376811594203,0.008928571428571428,0.004016064257028112
2023,2024,117,125,1,138,30,0.007246376811594203,0.03333333333333333,0.005988023952095809
2023,2024,117,197,1,138,715,0.007246376811594203,0.0013986013986013986,0.0011737089201877935
2023,2024,118,19,29,32,32,0.90625,0.90625,0.8285714285714286
2023,2024,119,53,2,43,104,0.046511627906976744,0.019230769230769232,0.013793103448275862
2023,2024,119,117,39,43,40,0.9069767441860465,0.975,0.8863636363636364
2023,2024,120,98,45,48,46,0.9375,0.9782608695652174,0.9183673469387755
2023,2024,121,40,1,176,163,0.005681818181818182,0.006134969325153374,0.0029585798816568047
2023,2024,121,141,148,176,156,0.8409090909090909,0.9487179487179487,0.8043478260869565
2023,2024,121,197,2,176,715,0.011363636363636364,0.002797202797202797,0.0022497187851518562
2023,2024,122,109,1,96,614,0.010416666666666666,0.0016286644951140066,0.0014104372355430183
2023,2024,122,140,81,96,97,0.84375,0.8350515463917526,0.7232142857142857
2023,2024,122,141,1,96,156,0.010416666666666666,0.00641025641025641,0.00398406374501992
2023,2024,122,166,1,96,42,0.010416666666666666,0.023809523809523808,0.0072992700729927005
2023,2024,123,96,58,85,65,0.6823529411764706,0.8923076923076924,0.6304347826086957
2023,2024,124,46,2,113,535,0.017699115044247787,0.003738317757009346,0.0030959752321981426
2023,2024,124,75,107,113,113,0.9469026548672567,0.9469026548672567,0.8991596638655462
2023,2024,125,46,1,109,535,0.009174311926605505,0.001869158878504673,0.0015552099533437014
2023,2024,125,97,103,109,112,0.944954128440367,0.9196428571428571,0.8728813559322034
2023,2024,126,30,1,355,46,0.0028169014084507044,0.021739130434782608,0.0025
2023,2024,126,31,344,355,348,0.9690140845070423,0.9885057471264368,0.958217270194986
2023,2024,126,46,1,355,535,0.0028169014084507044,0.001869158878504673,0.0011248593925759281
2023,2024,127,87,47,93,47,0.5053763440860215,1,0.5053763440860215
2023,2024,127,88,38,93,38,0.40860215053763443,1,0.40860215053763443
2023,2024,127,92,1,93,174,0.010752688172043012,0.005747126436781609,0.0037593984962406013
2023,2024,128,46,1,74,535,0.013513513513513514,0.001869158878504673,0.001644736842105263
2023,2024,128,101,72,74,75,0.972972972972973,0.96,0.935064935064935
2023,2024,129,106,76,100,84,0.76,0.9047619047619048,0.7037037037037037
2023,2024,130,100,69,72,74,0.9583333333333334,0.9324324324324325,0.8961038961038961
2023,2024,131,48,1,50,322,0.02,0.003105590062111801,0.0026954177897574125
2023,2024,131,104,1,50,95,0.02,0.010526315789473684,0.006944444444444444
2023,2024,131,105,31,50,36,0.62,0.8611111111111112,0.5636363636363636
2023,2024,132,104,92,113,95,0.8141592920353983,0.968421052631579,0.7931034482758621
2023,2024,133,107,37,37,50,1,0.74,0.74
2023,2024,134,108,48,51,51,0.9411764705882353,0.9411764705882353,0.8888888888888888
2023,2024,135,80,38,40,45,0.95,0.8444444444444444,0.8085106382978723
2023,2024,136,197,1,62,715,0.016129032258064516,0.0013986013986013986,0.001288659793814433
2023,2024,136,199,44,62,47,0.7096774193548387,0.9361702127659575,0.676923076923077
2023,2024,137,46,1,67,535,0.014925373134328358,0.001869158878504673,0.0016638935108153079
2023,2024,137,169,62,67,64,0.9253731343283582,0.96875,0.8985507246376812
2023,2024,138,109,30,30,614,1,0.048859934853420196,0.048859934853420196
2023,2024,139,138,1,70,95,0.014285714285714285,0.010526315789473684,0.006097560975609756
2023,2024,139,139,67,70,98,0.9571428571428572,0.6836734693877551,0.6633663366336634
2023,2024,140,46,1,81,535,0.012345679012345678,0.001869158878504673,0.0016260162601626016
2023,2024,140,119,1,81,81,0.012345679012345678,0.012345679012345678,0.006211180124223602
2023,2024,140,138,78,81,95,0.9629629629629629,0.8210526315789474,0.7959183673469388
2023,2024,141,109,103,118,614,0.8728813559322034,0.16775244299674266,0.16375198728139906
2023,2024,142,46,2,278,535,0.007194244604316547,0.003738317757009346,0.002466091245376079
2023,2024,142,50,1,278,1106,0.0035971223021582736,9.041591320072332e-4,7.230657989877079e-4
2023,2024,142,53,1,278,104,0.0035971223021582736,0.009615384615384616,0.0026246719160104987
2023,2024,142,109,269,278,614,0.9676258992805755,0.4381107491856677,0.4317817014446228
2023,2024,143,109,31,31,614,1,0.050488599348534204,0.050488599348534204
2023,2024,144,110,38,39,45,0.9743589743589743,0.8444444444444444,0.8260869565217391
2023,2024,145,99,67,70,74,0.9571428571428572,0.9054054054054054,0.8701298701298701
2023,2024,146,46,1,120,535,0.008333333333333333,0.001869158878504673,0.0015290519877675841
2023,2024,146,158,41,120,50,0.3416666666666667,0.82,0.3178294573643411
2023,2024,146,159,55,120,55,0.4583333333333333,1,0.4583333333333333
2023,2024,147,32,1,273,50,0.003663003663003663,0.02,0.003105590062111801
2023,2024,147,45,1,273,244,0.003663003663003663,0.004098360655737705,0.001937984496124031
2023,2024,147,46,3,273,535,0.01098901098901099,0.005607476635514018,0.0037267080745341614
2023,2024,147,80,1,273,45,0.003663003663003663,0.022222222222222223,0.0031545741324921135
2023,2024,147,81,4,273,81,0.014652014652014652,0.04938271604938271,0.011428571428571429
2023,2024,147,91,1,273,91,0.003663003663003663,0.01098901098901099,0.0027548209366391185
2023,2024,147,118,1,273,45,0.003663003663003663,0.022222222222222223,0.0031545741324921135
2023,2024,147,165,157,273,159,0.575091575091575,0.9874213836477987,0.5709090909090909
2023,2024,147,166,23,273,42,0.08424908424908426,0.5476190476190477,0.07876712328767123
2023,2024,148,147,149,167,156,0.8922155688622755,0.9551282051282052,0.8563218390804598
2023,2024,149,46,2,212,535,0.009433962264150943,0.003738317757009346,0.0026845637583892616
2023,2024,149,111,1,212,69,0.0047169811320754715,0.014492753623188406,0.0035714285714285713
2023,2024,149,135,1,212,40,0.0047169811320754715,0.025,0.00398406374501992
2023,2024,149,145,96,212,97,0.4528301886792453,0.9896907216494846,0.4507042253521127
2023,2024,149,146,61,212,62,0.28773584905660377,0.9838709677419355,0.2863849765258216
2023,2024,149,172,1,212,51,0.0047169811320754715,0.0196078431372549,0.003816793893129771
2023,2024,150,125,1,61,30,0.01639344262295082,0.03333333333333333,0.011111111111111112
2023,2024,150,132,2,61,104,0.03278688524590164,0.019230769230769232,0.012269938650306749
2023,2024,150,133,53,61,75,0.8688524590163934,0.7066666666666667,0.6385542168674698
2023,2024,151,132,84,88,104,0.9545454545454546,0.8076923076923077,0.7777777777777778
2023,2024,151,136,1,88,53,0.011363636363636364,0.018867924528301886,0.007142857142857143
2023,2024,152,143,1,299,96,0.0033444816053511705,0.010416666666666666,0.0025380710659898475
2023,2024,152,165,1,299,159,0.0033444816053511705,0.006289308176100629,0.002188183807439825
2023,2024,152,168,1,299,80,0.0033444816053511705,0.0125,0.0026455026455026454
2023,2024,152,170,172,299,175,0.5752508361204013,0.9828571428571429,0.5695364238410596
2023,2024,152,171,34,299,34,0.11371237458193979,1,0.11371237458193979
2023,2024,153,132,1,296,104,0.0033783783783783786,0.009615384615384616,0.002506265664160401
2023,2024,153,143,6,296,96,0.02027027027027027,0.0625,0.015544041450777202
2023,2024,153,167,147,296,155,0.4966216216216216,0.9483870967741935,0.48355263157894735
2023,2024,153,168,79,296,80,0.2668918918918919,0.9875,0.265993265993266
2023,2024,154,66,1,129,148,0.007751937984496124,0.006756756756756757,0.0036231884057971015
2023,2024,154,116,119,129,129,0.9224806201550387,0.9224806201550387,0.8561151079136691
2023,2024,155,46,1,56,535,0.017857142857142856,0.001869158878504673,0.001694915254237288
2023,2024,155,53,1,56,104,0.017857142857142856,0.009615384615384616,0.006289308176100629
2023,2024,155,186,1,56,151,0.017857142857142856,0.006622516556291391,0.0048543689320388345
2023,2024,155,195,32,56,40,0.5714285714285714,0.8,0.5
2023,2024,156,0,2,86,185,0.023255813953488372,0.010810810810810811,0.007434944237918215
2023,2024,156,164,73,86,82,0.8488372093023255,0.8902439024390244,0.7684210526315789
2023,2024,157,111,33,34,69,0.9705882352941176,0.4782608695652174,0.4714285714285714
2023,2024,157,131,1,34,35,0.029411764705882353,0.02857142857142857,0.014705882352941176
2023,2024,158,119,68,81,81,0.8395061728395061,0.8395061728395061,0.723404255319149
2023,2024,159,131,32,34,35,0.9411764705882353,0.9142857142857143,0.8648648648648649
2023,2024,160,103,28,31,32,0.9032258064516129,0.875,0.8
2023,2024,160,148,1,31,310,0.03225806451612903,0.0032258064516129032,0.0029411764705882353
2023,2024,161,4,1,43,113,0.023255813953488372,0.008849557522123894,0.0064516129032258064
2023,2024,161,46,1,43,535,0.023255813953488372,0.001869158878504673,0.0017331022530329288
2023,2024,161,113,39,43,48,0.9069767441860465,0.8125,0.75
2023,2024,161,114,1,43,101,0.023255813953488372,0.009900990099009901,0.006993006993006993
2023,2024,162,124,31,36,33,0.8611111111111112,0.9393939393939394,0.8157894736842105
2023,2024,163,46,1,36,535,0.027777777777777776,0.001869158878504673,0.0017543859649122807
2023,2024,163,121,35,36,66,0.9722222222222222,0.5303030303030303,0.5223880597014925
2023,2024,164,129,32,34,66,0.9411764705882353,0.48484848484848486,0.47058823529411764
2023,2024,165,135,34,38,40,0.8947368421052632,0.85,0.7727272727272727
2023,2024,166,148,1,108,310,0.009259259259259259,0.0032258064516129032,0.002398081534772182
2023,2024,166,149,98,108,114,0.9074074074074074,0.8596491228070176,0.7903225806451613
2023,2024,166,169,1,108,64,0.009259259259259259,0.015625,0.005847953216374269
2023,2024,167,46,2,299,535,0.006688963210702341,0.003738317757009346,0.002403846153846154
2023,2024,167,50,1,299,1106,0.0033444816053511705,9.041591320072332e-4,7.122507122507123e-4
2023,2024,167,153,106,299,122,0.35451505016722407,0.8688524590163934,0.33650793650793653
2023,2024,167,154,64,299,66,0.2140468227424749,0.9696969696969697,0.21262458471760798
2023,2024,168,127,28,36,30,0.7777777777777778,0.9333333333333333,0.7368421052631579
2023,2024,169,45,1,87,244,0.011494252873563218,0.004098360655737705,0.0030303030303030303
2023,2024,169,126,72,87,77,0.8275862068965517,0.935064935064935,0.782608695652174
2023,2024,170,136,33,34,53,0.9705882352941176,0.6226415094339622,0.6111111111111112
2023,2024,171,46,1,345,535,0.002898550724637681,0.001869158878504673,0.0011376564277588168
2023,2024,171,103,1,345,32,0.002898550724637681,0.03125,0.0026595744680851063
2023,2024,171,142,30,345,32,0.08695652173913043,0.9375,0.08645533141210375
2023,2024,171,148,273,345,310,0.7913043478260869,0.8806451612903226,0.7146596858638743
2023,2024,171,194,1,345,172,0.002898550724637681,0.005813953488372093,0.001937984496124031
2023,2024,171,196,1,345,36,0.002898550724637681,0.027777777777777776,0.002631578947368421
2023,2024,172,137,49,59,162,0.8305084745762712,0.30246913580246915,0.28488372093023256
2023,2024,173,128,29,31,30,0.9354838709677419,0.9666666666666667,0.90625
2023,2024,173,137,1,31,162,0.03225806451612903,0.006172839506172839,0.005208333333333333
2023,2024,174,143,47,52,96,0.9038461538461539,0.4895833333333333,0.46534653465346537
2023,2024,174,144,1,52,93,0.019230769230769232,0.010752688172043012,0.006944444444444444
2023,2024,175,137,27,31,162,0.8709677419354839,0.16666666666666666,0.16265060240963855
2023,2024,176,137,51,54,162,0.9444444444444444,0.3148148148148148,0.3090909090909091
2023,2024,176,141,1,54,156,0.018518518518518517,0.00641025641025641,0.004784688995215311
2023,2024,177,61,1,33,30,0.030303030303030304,0.03333333333333333,0.016129032258064516
2023,2024,177,183,29,33,33,0.8787878787878788,0.8787878787878788,0.7837837837837838
2023,2024,177,186,1,33,151,0.030303030303030304,0.006622516556291391,0.00546448087431694
2023,2024,178,175,1,107,45,0.009345794392523364,0.022222222222222223,0.006622516556291391
2023,2024,178,187,35,107,38,0.32710280373831774,0.9210526315789473,0.3181818181818182
2023,2024,178,188,69,107,74,0.6448598130841121,0.9324324324324325,0.6160714285714286
2023,2024,179,176,61,114,65,0.5350877192982456,0.9384615384615385,0.5169491525423728
2023,2024,179,177,1,114,137,0.008771929824561403,0.0072992700729927005,0.004
2023,2024,179,178,1,114,39,0.008771929824561403,0.02564102564102564,0.006578947368421052
2023,2024,180,46,2,59,535,0.03389830508474576,0.003738317757009346,0.0033783783783783786
2023,2024,180,178,32,59,39,0.5423728813559322,0.8205128205128205,0.48484848484848486
2023,2024,180,184,1,59,95,0.01694915254237288,0.010526315789473684,0.006535947712418301
2023,2024,181,46,1,170,535,0.0058823529411764705,0.001869158878504673,0.0014204545454545455
2023,2024,181,130,1,170,123,0.0058823529411764705,0.008130081300813009,0.003424657534246575
2023,2024,181,174,25,170,33,0.14705882352941177,0.7575757575757576,0.1404494382022472
2023,2024,181,177,129,170,137,0.7588235294117647,0.9416058394160584,0.7247191011235955
2023,2024,182,144,69,78,93,0.8846153846153846,0.7419354838709677,0.6764705882352942
2023,2024,183,186,42,49,151,0.8571428571428571,0.2781456953642384,0.26582278481012656
2023,2024,184,186,66,66,151,1,0.4370860927152318,0.4370860927152318
2023,2024,185,150,79,107,90,0.7383177570093458,0.8777777777777778,0.6694915254237288
2023,2024,186,144,1,32,93,0.03125,0.010752688172043012,0.008064516129032258
2023,2024,186,155,27,32,137,0.84375,0.19708029197080293,0.19014084507042253
2023,2024,187,46,1,86,535,0.011627906976744186,0.001869158878504673,0.0016129032258064516
2023,2024,187,155,77,86,137,0.8953488372093024,0.5620437956204379,0.5273972602739726
2023,2024,188,175,20,30,45,0.6666666666666666,0.4444444444444444,0.36363636363636365
2023,2024,188,181,5,30,388,0.16666666666666666,0.01288659793814433,0.012106537530266344
2023,2024,189,46,1,52,535,0.019230769230769232,0.001869158878504673,0.0017064846416382253
2023,2024,189,123,45,52,46,0.8653846153846154,0.9782608695652174,0.8490566037735849
2023,2024,190,140,1,95,97,0.010526315789473684,0.010309278350515464,0.005235602094240838
2023,2024,190,148,1,95,310,0.010526315789473684,0.0032258064516129032,0.0024752475247524753
2023,2024,190,151,36,95,39,0.37894736842105264,0.9230769230769231,0.3673469387755102
2023,2024,190,152,37,95,37,0.3894736842105263,1,0.3894736842105263
2023,2024,191,179,47,60,53,0.7833333333333333,0.8867924528301887,0.7121212121212122
2023,2024,192,157,1,203,102,0.0049261083743842365,0.00980392156862745,0.003289473684210526
2023,2024,192,179,2,203,53,0.009852216748768473,0.03773584905660377,0.007874015748031496
2023,2024,192,180,174,203,199,0.8571428571428571,0.8743718592964824,0.7631578947368421
2023,2024,193,130,32,33,123,0.9696969696969697,0.2601626016260163,0.25806451612903225
2023,2024,194,130,62,64,123,0.96875,0.5040650406504065,0.496
2023,2024,195,155,1,119,137,0.008403361344537815,0.0072992700729927005,0.00392156862745098
2023,2024,195,160,106,119,111,0.8907563025210085,0.954954954954955,0.8548387096774194
2023,2024,195,161,4,119,70,0.03361344537815126,0.05714285714285714,0.021621621621621623
2023,2024,196,161,63,69,70,0.9130434782608695,0.9,0.8289473684210527
2023,2024,197,180,4,344,199,0.011627906976744186,0.020100502512562814,0.0074211502782931356
2023,2024,197,181,307,344,388,0.8924418604651163,0.7912371134020618,0.7223529411764706
2023,2024,197,186,2,344,151,0.005813953488372093,0.013245033112582781,0.004056795131845842
2023,2024,198,182,26,31,31,0.8387096774193549,0.8387096774193549,0.7222222222222222
2023,2024,199,189,34,40,38,0.85,0.8947368421052632,0.7727272727272727
2023,2024,200,2,1,233,35,0.004291845493562232,0.02857142857142857,0.003745318352059925
2023,2024,200,46,1,233,535,0.004291845493562232,0.001869158878504673,0.001303780964797914
2023,2024,200,169,1,233,64,0.004291845493562232,0.015625,0.0033783783783783786
2023,2024,200,184,90,233,95,0.38626609442060084,0.9473684210526315,0.37815126050420167
2023,2024,200,185,43,233,44,0.18454935622317598,0.9772727272727273,0.18376068376068377
2023,2024,201,157,67,68,102,0.9852941176470589,0.6568627450980392,0.6504854368932039
2023,2024,202,1,1,133,134,0.007518796992481203,0.007462686567164179,0.0037593984962406013
2023,2024,202,150,4,133,90,0.03007518796992481,0.044444444444444446,0.0182648401826484
2023,2024,202,163,116,133,134,0.8721804511278195,0.8656716417910447,0.7682119205298014
2023,2024,203,162,66,97,92,0.6804123711340206,0.717391304347826,0.5365853658536586
2023,2024,204,172,45,94,51,0.4787234042553192,0.8823529411764706,0.45
2023,2024,204,193,35,94,45,0.3723404255319149,0.7777777777777778,0.33653846153846156
2023,2024,205,130,1,94,123,0.010638297872340425,0.008130081300813009,0.004629629629629629
2023,2024,205,173,72,94,77,0.7659574468085106,0.935064935064935,0.7272727272727273
2023,2024,206,4,1,111,113,0.009009009009009009,0.008849557522123894,0.004484304932735426
2023,2024,206,46,4,111,535,0.036036036036036036,0.007476635514018692,0.006230529595015576
2023,2024,206,191,100,111,138,0.9009009009009009,0.7246376811594203,0.6711409395973155
2023,2024,206,194,1,111,172,0.009009009009009009,0.005813953488372093,0.0035460992907801418
2023,2024,207,196,22,32,36,0.6875,0.6111111111111112,0.4782608695652174
2023,2024,208,42,1,782,115,0.0012787723785166241,0.008695652173913044,0.0011160714285714285
2023,2024,208,46,6,782,535,0.0076726342710997444,0.011214953271028037,0.004576659038901602
2023,2024,208,50,1,782,1106,0.0012787723785166241,9.041591320072332e-4,5.299417064122947e-4
2023,2024,208,80,1,782,45,0.0012787723785166241,0.022222222222222223,0.0012106537530266344
2023,2024,208,96,1,782,65,0.0012787723785166241,0.015384615384615385,0.001182033096926714
2023,2024,208,112,1,782,75,0.0012787723785166241,0.013333333333333334,0.0011682242990654205
2023,2024,208,134,1,782,42,0.0012787723785166241,0.023809523809523808,0.001215066828675577
2023,2024,208,138,1,782,95,0.0012787723785166241,0.010526315789473684,0.001141552511415525
2023,2024,208,143,2,782,96,0.0025575447570332483,0.020833333333333332,0.00228310502283105
2023,2024,208,196,3,782,36,0.0038363171355498722,0.08333333333333333,0.0036809815950920245
2023,2024,208,197,632,782,715,0.8081841432225064,0.8839160839160839,0.730635838150289
2023,2024,208,198,1,782,224,0.0012787723785166241,0.004464285714285714,9.950248756218905e-4
2023,2024,208,199,1,782,47,0.0012787723785166241,0.02127659574468085,0.0012077294685990338
2023,2024,209,46,1,240,535,0.004166666666666667,0.001869158878504673,0.0012919896640826874
2023,2024,209,54,1,240,144,0.004166666666666667,0.006944444444444444,0.0026109660574412533
2023,2024,209,197,7,240,715,0.029166666666666667,0.009790209790209791,0.007383966244725738
2023,2024,209,198,188,240,224,0.7833333333333333,0.8392857142857143,0.6811594202898551
2023,2024,210,46,2,229,535,0.008733624454148471,0.003738317757009346,0.0026246719160104987
2023,2024,210,130,1,229,123,0.004366812227074236,0.008130081300813009,0.002849002849002849
2023,2024,210,157,5,229,102,0.021834061135371178,0.049019607843137254,0.015337423312883436
2023,2024,210,191,3,229,138,0.013100436681222707,0.021739130434782608,0.008241758241758242
2023,2024,210,192,48,229,52,0.2096069868995633,0.9230769230769231,0.20600858369098712
2023,2024,210,193,1,229,45,0.004366812227074236,0.022222222222222223,0.003663003663003663
2023,2024,210,194,148,229,172,0.6462882096069869,0.8604651162790697,0.5849802371541502
2023,2024,211,46,1,111,535,0.009009009009009009,0.001869158878504673,0.0015503875968992248
2023,2024,211,122,1,111,33,0.009009009009009009,0.030303030303030304,0.006993006993006993
2023,2024,211,181,1,111,388,0.009009009009009009,0.002577319587628866,0.002008032128514056
2023,2024,211,190,62,111,79,0.5585585585585585,0.7848101265822784,0.484375
2023,2024,211,194,1,111,172,0.009009009009009009,0.005813953488372093,0.0035460992907801418
